id,Wetland,Cover Crops,Nutrient Management,Cluster
6967500969,41.1487766497246,-126.696575136005,-120.44499307923901,cluster2
6966018516,41.1487766497246,-126.696575136005,-120.44499307923901,cluster2
6954002510,41.1487766497246,-126.696575136005,-120.44499307923901,cluster3
6954000142,41.1487766497246,-126.696575136005,-120.44499307923901,cluster2
6952091365,41.1487766497246,-126.696575136005,-120.44499307923901,cluster2
6950969532,41.1487766497246,-126.696575136005,-120.44499307923901,cluster2
6950966877,41.1487766497246,-126.696575136005,-120.44499307923901,cluster2
6950963846,41.1487766497246,-126.696575136005,-120.44499307923901,cluster2
6949522020,41.1487766497246,-126.696575136005,-120.44499307923901,cluster2
6949520595,41.1487766497246,-126.696575136005,-120.44499307923901,cluster2
6949519165,41.1487766497246,-126.696575136005,-120.44499307923901,cluster2
6949517026,41.1487766497246,-126.696575136005,-120.44499307923901,cluster3
6949515466,41.1487766497246,-126.696575136005,-120.44499307923901,cluster3
6949513982,41.1487766497246,-126.696575136005,-120.44499307923901,cluster1
6949512250,41.1487766497246,-126.696575136005,-120.44499307923901,cluster1
6949510004,41.1487766497246,-126.696575136005,-120.44499307923901,cluster2
6949508507,282.70957368645804,114.057072704172,120.297740413114,cluster2
6949506509,282.70957368645804,114.057072704172,120.297740413114,cluster2
6949504595,282.70957368645804,114.057072704172,120.297740413114,cluster2
6949502871,282.70957368645804,114.057072704172,120.297740413114,cluster1
6949501136,282.70957368645804,114.057072704172,120.297740413114,cluster2
6949498386,282.70957368645804,114.057072704172,120.297740413114,cluster1
6949496064,282.70957368645804,114.057072704172,120.297740413114,cluster3
6949493789,282.70957368645804,114.057072704172,120.297740413114,cluster2
6949491780,282.70957368645804,114.057072704172,120.297740413114,cluster2
6949489833,282.70957368645804,114.057072704172,120.297740413114,cluster2
6949488002,282.70957368645804,114.057072704172,120.297740413114,cluster2
6949485959,282.70957368645804,114.057072704172,120.297740413114,cluster2
6949478309,282.70957368645804,114.057072704172,120.297740413114,cluster3
6949476839,282.70957368645804,114.057072704172,120.297740413114,cluster2
6949474644,282.70957368645804,114.057072704172,120.297740413114,cluster3
6949471920,282.70957368645804,114.057072704172,120.297740413114,cluster2
6949467324,475.822392792187,305.431868658793,311.403195562381,cluster3
6949465030,475.822392792187,305.431868658793,311.403195562381,cluster2
6949463084,475.822392792187,305.431868658793,311.403195562381,cluster3
6949461204,475.822392792187,305.431868658793,311.403195562381,cluster2
6949458706,475.822392792187,305.431868658793,311.403195562381,cluster2
6949455558,475.822392792187,305.431868658793,311.403195562381,cluster2
6949418183,475.822392792187,305.431868658793,311.403195562381,cluster2
6949416279,475.822392792187,305.431868658793,311.403195562381,cluster2
6949408889,475.822392792187,305.431868658793,311.403195562381,cluster2
6949405911,475.822392792187,305.431868658793,311.403195562381,cluster2
6949403352,475.822392792187,305.431868658793,311.403195562381,cluster2
6949399112,475.822392792187,305.431868658793,311.403195562381,cluster2
6949394536,475.822392792187,305.431868658793,311.403195562381,cluster3
6949392066,475.822392792187,305.431868658793,311.403195562381,cluster2
6949389471,475.822392792187,305.431868658793,311.403195562381,cluster2
6949385903,475.822392792187,305.431868658793,311.403195562381,cluster2
6948985749,51.5164946073604,-114.20853136556102,-109.165327256742,cluster2
6948796897,51.5164946073604,-114.20853136556102,-109.165327256742,cluster3
6948796210,51.5164946073604,-114.20853136556102,-109.165327256742,cluster2
6948795512,51.5164946073604,-114.20853136556102,-109.165327256742,cluster1
6948794673,51.5164946073604,-114.20853136556102,-109.165327256742,cluster2
6948793617,51.5164946073604,-114.20853136556102,-109.165327256742,cluster3
6948792859,51.5164946073604,-114.20853136556102,-109.165327256742,cluster2
6948790989,51.5164946073604,-114.20853136556102,-109.165327256742,cluster2
6948790357,51.5164946073604,-114.20853136556102,-109.165327256742,cluster3
6948788893,51.5164946073604,-114.20853136556102,-109.165327256742,cluster3
6948788159,51.5164946073604,-114.20853136556102,-109.165327256742,cluster3
6948756355,51.5164946073604,-114.20853136556102,-109.165327256742,cluster2
6948754791,51.5164946073604,-114.20853136556102,-109.165327256742,cluster2
6948752656,51.5164946073604,-114.20853136556102,-109.165327256742,cluster2
6948751048,51.5164946073604,-114.20853136556102,-109.165327256742,cluster2
6948748993,51.5164946073604,-114.20853136556102,-109.165327256742,cluster3
6948747287,267.653662963817,97.8617773291482,105.050372161054,cluster2
6948745823,267.653662963817,97.8617773291482,105.050372161054,cluster3
6948744309,267.653662963817,97.8617773291482,105.050372161054,cluster2
6948742656,267.653662963817,97.8617773291482,105.050372161054,cluster1
6948731395,267.653662963817,97.8617773291482,105.050372161054,cluster2
6948722483,267.653662963817,97.8617773291482,105.050372161054,cluster2
6948718920,267.653662963817,97.8617773291482,105.050372161054,cluster2
6948716744,267.653662963817,97.8617773291482,105.050372161054,cluster2
6948714093,267.653662963817,97.8617773291482,105.050372161054,cluster2
6948712233,267.653662963817,97.8617773291482,105.050372161054,cluster3
6948710186,267.653662963817,97.8617773291482,105.050372161054,cluster3
6948708312,267.653662963817,97.8617773291482,105.050372161054,cluster3
6948706493,267.653662963817,97.8617773291482,105.050372161054,cluster3
6948691653,267.653662963817,97.8617773291482,105.050372161054,cluster2
6948681806,267.653662963817,97.8617773291482,105.050372161054,cluster2
6948655563,267.653662963817,97.8617773291482,105.050372161054,cluster2
6948647714,227.006885906603,57.9565468844215,64.8199279952953,cluster2
6948511119,227.006885906603,57.9565468844215,64.8199279952953,cluster2
6948510157,227.006885906603,57.9565468844215,64.8199279952953,cluster2
6948509307,227.006885906603,57.9565468844215,64.8199279952953,cluster2
6948508205,227.006885906603,57.9565468844215,64.8199279952953,cluster2
6948507689,227.006885906603,57.9565468844215,64.8199279952953,cluster2
6948506700,227.006885906603,57.9565468844215,64.8199279952953,cluster3
6948504619,227.006885906603,57.9565468844215,64.8199279952953,cluster3
6948503888,227.006885906603,57.9565468844215,64.8199279952953,cluster2
6948502762,227.006885906603,57.9565468844215,64.8199279952953,cluster2
6948501935,227.006885906603,57.9565468844215,64.8199279952953,cluster2
6948500862,227.006885906603,57.9565468844215,64.8199279952953,cluster2
6948500040,227.006885906603,57.9565468844215,64.8199279952953,cluster3
6948499253,227.006885906603,57.9565468844215,64.8199279952953,cluster3
6948498376,227.006885906603,57.9565468844215,64.8199279952953,cluster2
6948497545,227.006885906603,57.9565468844215,64.8199279952953,cluster2
6948497011,257.312893358475,87.54940881714941,94.73388636705481,cluster3
6948495759,257.312893358475,87.54940881714941,94.73388636705481,cluster2
6948494256,257.312893358475,87.54940881714941,94.73388636705481,cluster1
6948493327,257.312893358475,87.54940881714941,94.73388636705481,cluster2
6948492232,257.312893358475,87.54940881714941,94.73388636705481,cluster3
6948461651,257.312893358475,87.54940881714941,94.73388636705481,cluster2
6948085949,257.312893358475,87.54940881714941,94.73388636705481,cluster2
6948084829,257.312893358475,87.54940881714941,94.73388636705481,cluster2
6948083536,257.312893358475,87.54940881714941,94.73388636705481,cluster2
6948082295,257.312893358475,87.54940881714941,94.73388636705481,cluster2
6948080508,257.312893358475,87.54940881714941,94.73388636705481,cluster2
6948077266,257.312893358475,87.54940881714941,94.73388636705481,cluster2
6948076027,257.312893358475,87.54940881714941,94.73388636705481,cluster2
6948074916,257.312893358475,87.54940881714941,94.73388636705481,cluster3
6948071691,257.312893358475,87.54940881714941,94.73388636705481,cluster3
6948070295,257.312893358475,87.54940881714941,94.73388636705481,cluster2
6948068890,328.26552221858896,159.61046593363702,165.87776541258498,cluster3
6948067454,328.26552221858896,159.61046593363702,165.87776541258498,cluster2
6948065388,328.26552221858896,159.61046593363702,165.87776541258498,cluster2
6948063980,328.26552221858896,159.61046593363702,165.87776541258498,cluster2
6948061858,328.26552221858896,159.61046593363702,165.87776541258498,cluster3
6948059293,328.26552221858896,159.61046593363702,165.87776541258498,cluster2
6948057874,328.26552221858896,159.61046593363702,165.87776541258498,cluster2
6948056254,328.26552221858896,159.61046593363702,165.87776541258498,cluster3
6948054705,328.26552221858896,159.61046593363702,165.87776541258498,cluster3
6948052325,328.26552221858896,159.61046593363702,165.87776541258498,cluster2
6948020508,328.26552221858896,159.61046593363702,165.87776541258498,cluster2
6948018409,328.26552221858896,159.61046593363702,165.87776541258498,cluster2
6948016142,328.26552221858896,159.61046593363702,165.87776541258498,cluster3
6948013471,328.26552221858896,159.61046593363702,165.87776541258498,cluster3
6948011547,328.26552221858896,159.61046593363702,165.87776541258498,cluster1
6948008993,328.26552221858896,159.61046593363702,165.87776541258498,cluster1
6947769197,279.492726030062,114.629661733965,119.96512745745899,cluster2
6947767101,279.492726030062,114.629661733965,119.96512745745899,cluster2
6947766117,279.492726030062,114.629661733965,119.96512745745899,cluster2
6947764954,279.492726030062,114.629661733965,119.96512745745899,cluster2
6947763940,279.492726030062,114.629661733965,119.96512745745899,cluster2
6947763117,279.492726030062,114.629661733965,119.96512745745899,cluster3
6947762340,279.492726030062,114.629661733965,119.96512745745899,cluster2
6947730214,279.492726030062,114.629661733965,119.96512745745899,cluster2
6947728905,279.492726030062,114.629661733965,119.96512745745899,cluster2
6947727383,279.492726030062,114.629661733965,119.96512745745899,cluster2
6947725489,279.492726030062,114.629661733965,119.96512745745899,cluster2
6947722323,279.492726030062,114.629661733965,119.96512745745899,cluster2
6947720880,279.492726030062,114.629661733965,119.96512745745899,cluster3
6947718708,279.492726030062,114.629661733965,119.96512745745899,cluster2
6947716268,279.492726030062,114.629661733965,119.96512745745899,cluster2
6947714118,279.492726030062,114.629661733965,119.96512745745899,cluster3
6947711441,284.923091734491,114.49955203857901,121.21912498340299,cluster2
6947708338,284.923091734491,114.49955203857901,121.21912498340299,cluster2
6947706873,284.923091734491,114.49955203857901,121.21912498340299,cluster2
6947704679,284.923091734491,114.49955203857901,121.21912498340299,cluster2
6947701473,284.923091734491,114.49955203857901,121.21912498340299,cluster3
6947697525,284.923091734491,114.49955203857901,121.21912498340299,cluster3
6947696123,284.923091734491,114.49955203857901,121.21912498340299,cluster2
6947392965,284.923091734491,114.49955203857901,121.21912498340299,cluster2
6947391733,284.923091734491,114.49955203857901,121.21912498340299,cluster2
6947391108,284.923091734491,114.49955203857901,121.21912498340299,cluster2
6947389851,284.923091734491,114.49955203857901,121.21912498340299,cluster2
6947387994,284.923091734491,114.49955203857901,121.21912498340299,cluster2
6947387071,284.923091734491,114.49955203857901,121.21912498340299,cluster2
6947385647,284.923091734491,114.49955203857901,121.21912498340299,cluster2
6947384017,284.923091734491,114.49955203857901,121.21912498340299,cluster3
6947382976,284.923091734491,114.49955203857901,121.21912498340299,cluster3
6947381248,298.56442744206197,128.600897263781,135.333199788468,cluster3
6947380629,298.56442744206197,128.600897263781,135.333199788468,cluster3
6947379840,298.56442744206197,128.600897263781,135.333199788468,cluster3
6947378928,298.56442744206197,128.600897263781,135.333199788468,cluster3
6947364981,298.56442744206197,128.600897263781,135.333199788468,cluster2
6947364123,298.56442744206197,128.600897263781,135.333199788468,cluster2
6947363268,298.56442744206197,128.600897263781,135.333199788468,cluster2
6947362650,298.56442744206197,128.600897263781,135.333199788468,cluster2
6947361706,298.56442744206197,128.600897263781,135.333199788468,cluster3
6947359283,298.56442744206197,128.600897263781,135.333199788468,cluster2
6947000153,298.56442744206197,128.600897263781,135.333199788468,cluster2
6946999089,298.56442744206197,128.600897263781,135.333199788468,cluster1
6946997925,298.56442744206197,128.600897263781,135.333199788468,cluster2
6946997286,298.56442744206197,128.600897263781,135.333199788468,cluster2
6946996370,298.56442744206197,128.600897263781,135.333199788468,cluster3
6946995349,298.56442744206197,128.600897263781,135.333199788468,cluster2
6946993526,521.826167121771,352.326438133611,357.468240893547,cluster2
6946896808,521.826167121771,352.326438133611,357.468240893547,cluster2
6946894306,521.826167121771,352.326438133611,357.468240893547,cluster3
6946892816,521.826167121771,352.326438133611,357.468240893547,cluster2
6946891262,521.826167121771,352.326438133611,357.468240893547,cluster3
6946889776,521.826167121771,352.326438133611,357.468240893547,cluster1
6946884857,521.826167121771,352.326438133611,357.468240893547,cluster3
6946883630,521.826167121771,352.326438133611,357.468240893547,cluster2
6946882172,521.826167121771,352.326438133611,357.468240893547,cluster3
6946879942,521.826167121771,352.326438133611,357.468240893547,cluster2
6946742831,521.826167121771,352.326438133611,357.468240893547,cluster2
6946742021,521.826167121771,352.326438133611,357.468240893547,cluster2
6946740972,521.826167121771,352.326438133611,357.468240893547,cluster2
6946739593,521.826167121771,352.326438133611,357.468240893547,cluster3
6946738484,521.826167121771,352.326438133611,357.468240893547,cluster2
6946737162,521.826167121771,352.326438133611,357.468240893547,cluster2
6946736097,370.472391849528,199.953138205,206.468331670382,cluster1
6946735108,370.472391849528,199.953138205,206.468331670382,cluster2
6946734321,370.472391849528,199.953138205,206.468331670382,cluster2
6946589637,370.472391849528,199.953138205,206.468331670382,cluster2
6946589608,370.472391849528,199.953138205,206.468331670382,cluster2
6946588901,370.472391849528,199.953138205,206.468331670382,cluster2
6946588875,370.472391849528,199.953138205,206.468331670382,cluster2
6946588448,370.472391849528,199.953138205,206.468331670382,cluster3
6946588193,370.472391849528,199.953138205,206.468331670382,cluster2
6946587636,370.472391849528,199.953138205,206.468331670382,cluster2
6946587356,370.472391849528,199.953138205,206.468331670382,cluster2
6946586671,370.472391849528,199.953138205,206.468331670382,cluster2
6946586125,370.472391849528,199.953138205,206.468331670382,cluster3
6946585546,370.472391849528,199.953138205,206.468331670382,cluster2
6946584969,370.472391849528,199.953138205,206.468331670382,cluster2
6946584818,370.472391849528,199.953138205,206.468331670382,cluster1
6946583955,324.902233753766,156.536514654091,163.119860029596,cluster2
6946583813,324.902233753766,156.536514654091,163.119860029596,cluster3
6946513673,324.902233753766,156.536514654091,163.119860029596,cluster2
6946511637,324.902233753766,156.536514654091,163.119860029596,cluster3
6946260193,324.902233753766,156.536514654091,163.119860029596,cluster2
6946258184,324.902233753766,156.536514654091,163.119860029596,cluster2
6946255870,324.902233753766,156.536514654091,163.119860029596,cluster1
6946253329,324.902233753766,156.536514654091,163.119860029596,cluster3
6946252003,324.902233753766,156.536514654091,163.119860029596,cluster3
6946250964,324.902233753766,156.536514654091,163.119860029596,cluster2
6946249196,324.902233753766,156.536514654091,163.119860029596,cluster2
6946247015,324.902233753766,156.536514654091,163.119860029596,cluster2
6946167103,324.902233753766,156.536514654091,163.119860029596,cluster2
6946164683,324.902233753766,156.536514654091,163.119860029596,cluster2
6946161348,324.902233753766,156.536514654091,163.119860029596,cluster3
6946157221,324.902233753766,156.536514654091,163.119860029596,cluster2
6946154289,245.91882937723,74.3937075642432,82.01015636216741,cluster2
6946149478,245.91882937723,74.3937075642432,82.01015636216741,cluster2
6946147157,245.91882937723,74.3937075642432,82.01015636216741,cluster2
6946144634,245.91882937723,74.3937075642432,82.01015636216741,cluster2
6945891488,245.91882937723,74.3937075642432,82.01015636216741,cluster2
6945889965,245.91882937723,74.3937075642432,82.01015636216741,cluster1
6945888906,245.91882937723,74.3937075642432,82.01015636216741,cluster2
6945887634,245.91882937723,74.3937075642432,82.01015636216741,cluster2
6945886504,245.91882937723,74.3937075642432,82.01015636216741,cluster2
6945885329,245.91882937723,74.3937075642432,82.01015636216741,cluster2
6945884181,245.91882937723,74.3937075642432,82.01015636216741,cluster3
6945882081,245.91882937723,74.3937075642432,82.01015636216741,cluster2
6945880499,245.91882937723,74.3937075642432,82.01015636216741,cluster2
6945876874,245.91882937723,74.3937075642432,82.01015636216741,cluster2
6945874059,245.91882937723,74.3937075642432,82.01015636216741,cluster2
6945872667,245.91882937723,74.3937075642432,82.01015636216741,cluster2
6945870973,421.182074902687,251.122785977363,256.881644088351,cluster2
6945868936,421.182074902687,251.122785977363,256.881644088351,cluster2
6945867319,421.182074902687,251.122785977363,256.881644088351,cluster1
6945865748,421.182074902687,251.122785977363,256.881644088351,cluster2
6945864732,421.182074902687,251.122785977363,256.881644088351,cluster1
6945771977,421.182074902687,251.122785977363,256.881644088351,cluster2
6945769093,421.182074902687,251.122785977363,256.881644088351,cluster2
6945765963,421.182074902687,251.122785977363,256.881644088351,cluster2
6945762450,421.182074902687,251.122785977363,256.881644088351,cluster2
6945759082,421.182074902687,251.122785977363,256.881644088351,cluster2
6945753660,421.182074902687,251.122785977363,256.881644088351,cluster2
6945749841,421.182074902687,251.122785977363,256.881644088351,cluster2
6945491577,421.182074902687,251.122785977363,256.881644088351,cluster2
6945489960,421.182074902687,251.122785977363,256.881644088351,cluster2
6945488925,421.182074902687,251.122785977363,256.881644088351,cluster2
6945484811,421.182074902687,251.122785977363,256.881644088351,cluster1
6945483564,289.32549289683703,117.70404983150499,124.894093998956,cluster2
6945482225,289.32549289683703,117.70404983150499,124.894093998956,cluster2
6945480813,289.32549289683703,117.70404983150499,124.894093998956,cluster2
6945479131,289.32549289683703,117.70404983150499,124.894093998956,cluster2
6945476052,289.32549289683703,117.70404983150499,124.894093998956,cluster2
6945473463,289.32549289683703,117.70404983150499,124.894093998956,cluster2
6945471288,289.32549289683703,117.70404983150499,124.894093998956,cluster3
6945469617,289.32549289683703,117.70404983150499,124.894093998956,cluster3
6945357761,289.32549289683703,117.70404983150499,124.894093998956,cluster3
6945346677,289.32549289683703,117.70404983150499,124.894093998956,cluster3
6945339362,289.32549289683703,117.70404983150499,124.894093998956,cluster2
6945333858,289.32549289683703,117.70404983150499,124.894093998956,cluster3
6945330465,289.32549289683703,117.70404983150499,124.894093998956,cluster2
6945096694,289.32549289683703,117.70404983150499,124.894093998956,cluster3
6945095461,289.32549289683703,117.70404983150499,124.894093998956,cluster2
6945093820,289.32549289683703,117.70404983150499,124.894093998956,cluster3
6945090035,83.0579575836813,-85.84471734193359,-79.8382244888353,cluster2
6945087838,83.0579575836813,-85.84471734193359,-79.8382244888353,cluster2
6945086238,83.0579575836813,-85.84471734193359,-79.8382244888353,cluster2
6945075683,83.0579575836813,-85.84471734193359,-79.8382244888353,cluster2
6945073672,83.0579575836813,-85.84471734193359,-79.8382244888353,cluster3
6945071639,83.0579575836813,-85.84471734193359,-79.8382244888353,cluster3
6945069066,83.0579575836813,-85.84471734193359,-79.8382244888353,cluster3
6945066152,83.0579575836813,-85.84471734193359,-79.8382244888353,cluster2
6941915788,83.0579575836813,-85.84471734193359,-79.8382244888353,cluster1
6941781008,83.0579575836813,-85.84471734193359,-79.8382244888353,cluster1
6941005128,83.0579575836813,-85.84471734193359,-79.8382244888353,cluster3
6940815398,83.0579575836813,-85.84471734193359,-79.8382244888353,cluster1
6940155468,83.0579575836813,-85.84471734193359,-79.8382244888353,cluster3
6937754838,83.0579575836813,-85.84471734193359,-79.8382244888353,cluster1
6936574728,83.0579575836813,-85.84471734193359,-79.8382244888353,cluster1
6934585817,83.0579575836813,-85.84471734193359,-79.8382244888353,cluster1
6934559667,248.18514719849603,79.32161585888309,85.4840152826004,cluster1
6934348442,248.18514719849603,79.32161585888309,85.4840152826004,cluster3
6934185982,248.18514719849603,79.32161585888309,85.4840152826004,cluster3
6933987919,248.18514719849603,79.32161585888309,85.4840152826004,cluster1
6933706763,248.18514719849603,79.32161585888309,85.4840152826004,cluster1
6933503691,248.18514719849603,79.32161585888309,85.4840152826004,cluster1
6933154498,248.18514719849603,79.32161585888309,85.4840152826004,cluster1
6933133137,248.18514719849603,79.32161585888309,85.4840152826004,cluster1
6932752643,248.18514719849603,79.32161585888309,85.4840152826004,cluster1
6932751625,248.18514719849603,79.32161585888309,85.4840152826004,cluster2
6932688717,248.18514719849603,79.32161585888309,85.4840152826004,cluster1
6932441494,248.18514719849603,79.32161585888309,85.4840152826004,cluster1
6932293849,248.18514719849603,79.32161585888309,85.4840152826004,cluster1
6932088242,248.18514719849603,79.32161585888309,85.4840152826004,cluster1
6931894923,248.18514719849603,79.32161585888309,85.4840152826004,cluster1
6931885688,248.18514719849603,79.32161585888309,85.4840152826004,cluster1
6931787072,11.280442288510699,-156.385888624952,-150.22027559747698,cluster1
6931585020,11.280442288510699,-156.385888624952,-150.22027559747698,cluster1
6931498222,11.280442288510699,-156.385888624952,-150.22027559747698,cluster2
6931279978,11.280442288510699,-156.385888624952,-150.22027559747698,cluster3
6930958766,11.280442288510699,-156.385888624952,-150.22027559747698,cluster1
6930668529,11.280442288510699,-156.385888624952,-150.22027559747698,cluster1
6930465140,11.280442288510699,-156.385888624952,-150.22027559747698,cluster1
6930456202,11.280442288510699,-156.385888624952,-150.22027559747698,cluster1
6930330199,11.280442288510699,-156.385888624952,-150.22027559747698,cluster1
6930202534,11.280442288510699,-156.385888624952,-150.22027559747698,cluster1
6930096244,11.280442288510699,-156.385888624952,-150.22027559747698,cluster1
6930079051,11.280442288510699,-156.385888624952,-150.22027559747698,cluster1
6929947545,11.280442288510699,-156.385888624952,-150.22027559747698,cluster3
6929858535,11.280442288510699,-156.385888624952,-150.22027559747698,cluster1
6929566355,11.280442288510699,-156.385888624952,-150.22027559747698,cluster1
6929551675,11.280442288510699,-156.385888624952,-150.22027559747698,cluster1
6929344611,241.811814110566,72.5112305352684,79.384931568949,cluster2
6929143264,241.811814110566,72.5112305352684,79.384931568949,cluster3
6928839973,241.811814110566,72.5112305352684,79.384931568949,cluster1
6928802489,241.811814110566,72.5112305352684,79.384931568949,cluster1
6928795921,241.811814110566,72.5112305352684,79.384931568949,cluster1
6928735471,241.811814110566,72.5112305352684,79.384931568949,cluster1
6928713560,241.811814110566,72.5112305352684,79.384931568949,cluster1
6928704976,241.811814110566,72.5112305352684,79.384931568949,cluster1
6928541618,241.811814110566,72.5112305352684,79.384931568949,cluster1
6928526475,241.811814110566,72.5112305352684,79.384931568949,cluster1
6928506433,241.811814110566,72.5112305352684,79.384931568949,cluster1
6928504611,241.811814110566,72.5112305352684,79.384931568949,cluster1
6928482714,241.811814110566,72.5112305352684,79.384931568949,cluster1
6928473662,241.811814110566,72.5112305352684,79.384931568949,cluster1
6928311009,241.811814110566,72.5112305352684,79.384931568949,cluster1
6928285300,241.811814110566,72.5112305352684,79.384931568949,cluster1
6928282907,225.85043584192903,57.590062916129,63.9580920037618,cluster1
6928248814,225.85043584192903,57.590062916129,63.9580920037618,cluster3
6928220423,225.85043584192903,57.590062916129,63.9580920037618,cluster1
6928200982,225.85043584192903,57.590062916129,63.9580920037618,cluster1
6928197304,225.85043584192903,57.590062916129,63.9580920037618,cluster1
6928055902,225.85043584192903,57.590062916129,63.9580920037618,cluster1
6928055608,225.85043584192903,57.590062916129,63.9580920037618,cluster1
6928052617,225.85043584192903,57.590062916129,63.9580920037618,cluster1
6928043253,225.85043584192903,57.590062916129,63.9580920037618,cluster2
6928029902,225.85043584192903,57.590062916129,63.9580920037618,cluster3
6928014492,225.85043584192903,57.590062916129,63.9580920037618,cluster1
6927954841,225.85043584192903,57.590062916129,63.9580920037618,cluster1
6927954250,225.85043584192903,57.590062916129,63.9580920037618,cluster3
6927948667,225.85043584192903,57.590062916129,63.9580920037618,cluster1
6927942980,225.85043584192903,57.590062916129,63.9580920037618,cluster1
6927914142,225.85043584192903,57.590062916129,63.9580920037618,cluster1
6927913113,376.410077340086,205.36978864505699,211.721131348483,cluster1
6927899941,376.410077340086,205.36978864505699,211.721131348483,cluster2
6927866573,376.410077340086,205.36978864505699,211.721131348483,cluster1
6927857741,376.410077340086,205.36978864505699,211.721131348483,cluster1
6927775381,376.410077340086,205.36978864505699,211.721131348483,cluster1
6927608649,376.410077340086,205.36978864505699,211.721131348483,cluster1
6927564241,376.410077340086,205.36978864505699,211.721131348483,cluster1
6927545653,376.410077340086,205.36978864505699,211.721131348483,cluster1
6927471449,376.410077340086,205.36978864505699,211.721131348483,cluster2
6927238205,376.410077340086,205.36978864505699,211.721131348483,cluster1
6927085272,376.410077340086,205.36978864505699,211.721131348483,cluster3
6926902789,376.410077340086,205.36978864505699,211.721131348483,cluster1
6926883676,376.410077340086,205.36978864505699,211.721131348483,cluster3
6926684241,376.410077340086,205.36978864505699,211.721131348483,cluster1
6926133812,376.410077340086,205.36978864505699,211.721131348483,cluster1
6925691377,376.410077340086,205.36978864505699,211.721131348483,cluster3
6925479410,337.828904605173,165.339085561105,172.763229184801,cluster1
6925475963,337.828904605173,165.339085561105,172.763229184801,cluster2
6925475627,337.828904605173,165.339085561105,172.763229184801,cluster1
6925411481,337.828904605173,165.339085561105,172.763229184801,cluster1
6925391133,337.828904605173,165.339085561105,172.763229184801,cluster1
6925351988,337.828904605173,165.339085561105,172.763229184801,cluster1
6925276018,337.828904605173,165.339085561105,172.763229184801,cluster1
6925148928,337.828904605173,165.339085561105,172.763229184801,cluster3
6925117930,337.828904605173,165.339085561105,172.763229184801,cluster1
6925112112,337.828904605173,165.339085561105,172.763229184801,cluster1
6925090735,337.828904605173,165.339085561105,172.763229184801,cluster1
6925029626,337.828904605173,165.339085561105,172.763229184801,cluster3
6924889661,337.828904605173,165.339085561105,172.763229184801,cluster1
6924789209,337.828904605173,165.339085561105,172.763229184801,cluster1
6924648234,337.828904605173,165.339085561105,172.763229184801,cluster1
6924604682,337.828904605173,165.339085561105,172.763229184801,cluster3
6924597547,248.040216112319,78.5930456140203,85.34993232700391,cluster1
6924548198,248.040216112319,78.5930456140203,85.34993232700391,cluster1
6924513479,248.040216112319,78.5930456140203,85.34993232700391,cluster1
6924372074,248.040216112319,78.5930456140203,85.34993232700391,cluster1
6924359661,248.040216112319,78.5930456140203,85.34993232700391,cluster1
6924334238,248.040216112319,78.5930456140203,85.34993232700391,cluster3
6924333898,248.040216112319,78.5930456140203,85.34993232700391,cluster3
6924327658,248.040216112319,78.5930456140203,85.34993232700391,cluster1
6924319094,248.040216112319,78.5930456140203,85.34993232700391,cluster1
6924303569,248.040216112319,78.5930456140203,85.34993232700391,cluster1
6924255499,248.040216112319,78.5930456140203,85.34993232700391,cluster1
6924252974,248.040216112319,78.5930456140203,85.34993232700391,cluster3
6924251283,248.040216112319,78.5930456140203,85.34993232700391,cluster1
6924246168,248.040216112319,78.5930456140203,85.34993232700391,cluster1
6924239246,248.040216112319,78.5930456140203,85.34993232700391,cluster1
6924231184,248.040216112319,78.5930456140203,85.34993232700391,cluster3
6924226818,271.571201760883,100.242320898342,107.50216820027201,cluster1
6924224030,271.571201760883,100.242320898342,107.50216820027201,cluster1
6924223908,271.571201760883,100.242320898342,107.50216820027201,cluster1
6924215880,271.571201760883,100.242320898342,107.50216820027201,cluster3
6924211132,271.571201760883,100.242320898342,107.50216820027201,cluster1
6924209904,271.571201760883,100.242320898342,107.50216820027201,cluster1
6924194655,271.571201760883,100.242320898342,107.50216820027201,cluster1
6924101928,271.571201760883,100.242320898342,107.50216820027201,cluster1
6924100619,271.571201760883,100.242320898342,107.50216820027201,cluster1
6924088968,271.571201760883,100.242320898342,107.50216820027201,cluster1
6924079621,271.571201760883,100.242320898342,107.50216820027201,cluster3
6924077360,271.571201760883,100.242320898342,107.50216820027201,cluster1
6924077001,271.571201760883,100.242320898342,107.50216820027201,cluster3
6924072627,271.571201760883,100.242320898342,107.50216820027201,cluster1
6924068010,271.571201760883,100.242320898342,107.50216820027201,cluster1
6924044928,271.571201760883,100.242320898342,107.50216820027201,cluster1
6924025722,49.487533709451,-119.02569118362801,-113.030567904099,cluster1
6924025410,49.487533709451,-119.02569118362801,-113.030567904099,cluster1
6924025148,49.487533709451,-119.02569118362801,-113.030567904099,cluster1
6923978329,49.487533709451,-119.02569118362801,-113.030567904099,cluster1
6923974560,49.487533709451,-119.02569118362801,-113.030567904099,cluster3
6923965588,49.487533709451,-119.02569118362801,-113.030567904099,cluster1
6923951616,49.487533709451,-119.02569118362801,-113.030567904099,cluster1
6923932384,49.487533709451,-119.02569118362801,-113.030567904099,cluster1
6923929952,49.487533709451,-119.02569118362801,-113.030567904099,cluster1
6923929001,49.487533709451,-119.02569118362801,-113.030567904099,cluster3
6923914852,49.487533709451,-119.02569118362801,-113.030567904099,cluster2
6923909650,49.487533709451,-119.02569118362801,-113.030567904099,cluster1
6923898758,49.487533709451,-119.02569118362801,-113.030567904099,cluster1
6923852238,49.487533709451,-119.02569118362801,-113.030567904099,cluster1
6923844220,49.487533709451,-119.02569118362801,-113.030567904099,cluster2
6923841359,49.487533709451,-119.02569118362801,-113.030567904099,cluster3
6923831732,263.688277003177,93.8362629329241,101.065139706591,cluster1
6923662174,263.688277003177,93.8362629329241,101.065139706591,cluster1
6923650451,263.688277003177,93.8362629329241,101.065139706591,cluster1
6923571354,263.688277003177,93.8362629329241,101.065139706591,cluster1
6923512631,263.688277003177,93.8362629329241,101.065139706591,cluster1
6923443435,263.688277003177,93.8362629329241,101.065139706591,cluster1
6923432743,263.688277003177,93.8362629329241,101.065139706591,cluster2
6923419162,263.688277003177,93.8362629329241,101.065139706591,cluster1
6922251457,263.688277003177,93.8362629329241,101.065139706591,cluster1
