ID,variable,value
1,Wetland,475.696477473617
2,Wetland,475.696477473617
3,Wetland,475.696477473617
4,Wetland,475.696477473617
5,Wetland,475.696477473617
6,Wetland,475.696477473617
7,Wetland,475.696477473617
8,Wetland,475.696477473617
9,Wetland,475.696477473617
10,Wetland,475.696477473617
11,Wetland,475.696477473617
12,Wetland,475.696477473617
13,Wetland,475.696477473617
14,Wetland,475.696477473617
15,Wetland,475.696477473617
16,Wetland,475.696477473617
17,Wetland,440.519151052942
18,Wetland,440.519151052942
19,Wetland,440.519151052942
20,Wetland,440.519151052942
21,Wetland,440.519151052942
22,Wetland,440.519151052942
23,Wetland,440.519151052942
24,Wetland,440.519151052942
25,Wetland,440.519151052942
26,Wetland,440.519151052942
27,Wetland,440.519151052942
28,Wetland,440.519151052942
29,Wetland,440.519151052942
30,Wetland,440.519151052942
31,Wetland,440.519151052942
32,Wetland,440.519151052942
33,Wetland,372.30215495986903
34,Wetland,372.30215495986903
35,Wetland,372.30215495986903
36,Wetland,372.30215495986903
37,Wetland,372.30215495986903
38,Wetland,372.30215495986903
39,Wetland,372.30215495986903
40,Wetland,372.30215495986903
41,Wetland,372.30215495986903
42,Wetland,372.30215495986903
43,Wetland,372.30215495986903
44,Wetland,372.30215495986903
45,Wetland,372.30215495986903
46,Wetland,372.30215495986903
47,Wetland,372.30215495986903
48,Wetland,372.30215495986903
49,Wetland,393.789683178289
50,Wetland,393.789683178289
51,Wetland,393.789683178289
52,Wetland,393.789683178289
53,Wetland,393.789683178289
54,Wetland,393.789683178289
55,Wetland,393.789683178289
56,Wetland,393.789683178289
57,Wetland,393.789683178289
58,Wetland,393.789683178289
59,Wetland,393.789683178289
60,Wetland,393.789683178289
61,Wetland,393.789683178289
62,Wetland,393.789683178289
63,Wetland,393.789683178289
64,Wetland,393.789683178289
65,Wetland,70.9083847430072
66,Wetland,70.9083847430072
67,Wetland,70.9083847430072
68,Wetland,70.9083847430072
69,Wetland,70.9083847430072
70,Wetland,70.9083847430072
71,Wetland,70.9083847430072
72,Wetland,70.9083847430072
73,Wetland,70.9083847430072
74,Wetland,70.9083847430072
75,Wetland,70.9083847430072
76,Wetland,70.9083847430072
77,Wetland,70.9083847430072
78,Wetland,70.9083847430072
79,Wetland,70.9083847430072
80,Wetland,70.9083847430072
81,Wetland,443.748686286865
82,Wetland,443.748686286865
83,Wetland,443.748686286865
84,Wetland,443.748686286865
85,Wetland,443.748686286865
86,Wetland,443.748686286865
87,Wetland,443.748686286865
88,Wetland,443.748686286865
89,Wetland,443.748686286865
90,Wetland,443.748686286865
91,Wetland,443.748686286865
92,Wetland,443.748686286865
93,Wetland,443.748686286865
94,Wetland,443.748686286865
95,Wetland,443.748686286865
96,Wetland,443.748686286865
97,Wetland,70.1540990368681
98,Wetland,70.1540990368681
99,Wetland,70.1540990368681
100,Wetland,70.1540990368681
101,Wetland,70.1540990368681
102,Wetland,70.1540990368681
103,Wetland,70.1540990368681
104,Wetland,70.1540990368681
105,Wetland,70.1540990368681
106,Wetland,70.1540990368681
107,Wetland,70.1540990368681
108,Wetland,70.1540990368681
109,Wetland,70.1540990368681
110,Wetland,70.1540990368681
111,Wetland,70.1540990368681
112,Wetland,70.1540990368681
113,Wetland,370.37604508148803
114,Wetland,370.37604508148803
115,Wetland,370.37604508148803
116,Wetland,370.37604508148803
117,Wetland,370.37604508148803
118,Wetland,370.37604508148803
119,Wetland,370.37604508148803
120,Wetland,370.37604508148803
121,Wetland,370.37604508148803
122,Wetland,370.37604508148803
123,Wetland,370.37604508148803
124,Wetland,370.37604508148803
125,Wetland,370.37604508148803
126,Wetland,370.37604508148803
127,Wetland,370.37604508148803
128,Wetland,370.37604508148803
129,Wetland,584.857900281412
130,Wetland,584.857900281412
131,Wetland,584.857900281412
132,Wetland,584.857900281412
133,Wetland,584.857900281412
134,Wetland,584.857900281412
135,Wetland,584.857900281412
136,Wetland,584.857900281412
137,Wetland,584.857900281412
138,Wetland,584.857900281412
139,Wetland,584.857900281412
140,Wetland,584.857900281412
141,Wetland,584.857900281412
142,Wetland,584.857900281412
143,Wetland,584.857900281412
144,Wetland,584.857900281412
145,Wetland,375.150224173016
146,Wetland,375.150224173016
147,Wetland,375.150224173016
148,Wetland,375.150224173016
149,Wetland,375.150224173016
150,Wetland,375.150224173016
151,Wetland,375.150224173016
152,Wetland,375.150224173016
153,Wetland,375.150224173016
154,Wetland,375.150224173016
155,Wetland,375.150224173016
156,Wetland,375.150224173016
157,Wetland,375.150224173016
158,Wetland,375.150224173016
159,Wetland,375.150224173016
160,Wetland,375.150224173016
161,Wetland,457.73862570486506
162,Wetland,457.73862570486506
163,Wetland,457.73862570486506
164,Wetland,457.73862570486506
165,Wetland,457.73862570486506
166,Wetland,457.73862570486506
167,Wetland,457.73862570486506
168,Wetland,457.73862570486506
169,Wetland,457.73862570486506
170,Wetland,457.73862570486506
171,Wetland,457.73862570486506
172,Wetland,457.73862570486506
173,Wetland,457.73862570486506
174,Wetland,457.73862570486506
175,Wetland,457.73862570486506
176,Wetland,457.73862570486506
177,Wetland,871.9766388075681
178,Wetland,871.9766388075681
179,Wetland,871.9766388075681
180,Wetland,871.9766388075681
181,Wetland,871.9766388075681
182,Wetland,871.9766388075681
183,Wetland,871.9766388075681
184,Wetland,871.9766388075681
185,Wetland,871.9766388075681
186,Wetland,871.9766388075681
187,Wetland,871.9766388075681
188,Wetland,871.9766388075681
189,Wetland,871.9766388075681
190,Wetland,871.9766388075681
191,Wetland,871.9766388075681
192,Wetland,871.9766388075681
193,Wetland,445.17591395116403
194,Wetland,445.17591395116403
195,Wetland,445.17591395116403
196,Wetland,445.17591395116403
197,Wetland,445.17591395116403
198,Wetland,445.17591395116403
199,Wetland,445.17591395116403
200,Wetland,445.17591395116403
201,Wetland,445.17591395116403
202,Wetland,445.17591395116403
203,Wetland,445.17591395116403
204,Wetland,445.17591395116403
205,Wetland,445.17591395116403
206,Wetland,445.17591395116403
207,Wetland,445.17591395116403
208,Wetland,445.17591395116403
209,Wetland,372.30215495986903
210,Wetland,372.30215495986903
211,Wetland,372.30215495986903
212,Wetland,372.30215495986903
213,Wetland,372.30215495986903
214,Wetland,372.30215495986903
215,Wetland,372.30215495986903
216,Wetland,372.30215495986903
217,Wetland,372.30215495986903
218,Wetland,372.30215495986903
219,Wetland,372.30215495986903
220,Wetland,372.30215495986903
221,Wetland,372.30215495986903
222,Wetland,372.30215495986903
223,Wetland,372.30215495986903
224,Wetland,372.30215495986903
225,Wetland,67.9052340627421
226,Wetland,67.9052340627421
227,Wetland,67.9052340627421
228,Wetland,67.9052340627421
229,Wetland,67.9052340627421
230,Wetland,67.9052340627421
231,Wetland,67.9052340627421
232,Wetland,67.9052340627421
233,Wetland,67.9052340627421
234,Wetland,67.9052340627421
235,Wetland,67.9052340627421
236,Wetland,67.9052340627421
237,Wetland,67.9052340627421
238,Wetland,67.9052340627421
239,Wetland,67.9052340627421
240,Wetland,67.9052340627421
241,Wetland,614.113777105582
242,Wetland,614.113777105582
243,Wetland,614.113777105582
244,Wetland,614.113777105582
245,Wetland,614.113777105582
246,Wetland,614.113777105582
247,Wetland,614.113777105582
248,Wetland,614.113777105582
249,Wetland,614.113777105582
250,Wetland,614.113777105582
251,Wetland,614.113777105582
252,Wetland,614.113777105582
253,Wetland,614.113777105582
254,Wetland,614.113777105582
255,Wetland,614.113777105582
256,Wetland,614.113777105582
257,Wetland,531.612024971183
258,Wetland,531.612024971183
259,Wetland,531.612024971183
260,Wetland,531.612024971183
261,Wetland,531.612024971183
262,Wetland,531.612024971183
263,Wetland,531.612024971183
264,Wetland,531.612024971183
265,Wetland,531.612024971183
266,Wetland,531.612024971183
267,Wetland,531.612024971183
268,Wetland,531.612024971183
269,Wetland,531.612024971183
270,Wetland,531.612024971183
271,Wetland,531.612024971183
272,Wetland,531.612024971183
273,Wetland,396.903289805998
274,Wetland,396.903289805998
275,Wetland,396.903289805998
276,Wetland,396.903289805998
277,Wetland,396.903289805998
278,Wetland,396.903289805998
279,Wetland,396.903289805998
280,Wetland,396.903289805998
281,Wetland,396.903289805998
282,Wetland,396.903289805998
283,Wetland,396.903289805998
284,Wetland,396.903289805998
285,Wetland,396.903289805998
286,Wetland,396.903289805998
287,Wetland,396.903289805998
288,Wetland,396.903289805998
289,Wetland,429.56252692404405
290,Wetland,429.56252692404405
291,Wetland,429.56252692404405
292,Wetland,429.56252692404405
293,Wetland,429.56252692404405
294,Wetland,429.56252692404405
295,Wetland,429.56252692404405
296,Wetland,429.56252692404405
297,Wetland,429.56252692404405
298,Wetland,429.56252692404405
299,Wetland,429.56252692404405
300,Wetland,429.56252692404405
301,Wetland,429.56252692404405
302,Wetland,429.56252692404405
303,Wetland,429.56252692404405
304,Wetland,429.56252692404405
305,Wetland,369.97728632293
306,Wetland,369.97728632293
307,Wetland,369.97728632293
308,Wetland,369.97728632293
309,Wetland,369.97728632293
310,Wetland,369.97728632293
311,Wetland,369.97728632293
312,Wetland,369.97728632293
313,Wetland,369.97728632293
314,Wetland,369.97728632293
315,Wetland,369.97728632293
316,Wetland,369.97728632293
317,Wetland,369.97728632293
318,Wetland,369.97728632293
319,Wetland,369.97728632293
320,Wetland,369.97728632293
321,Wetland,424.358749399065
322,Wetland,424.358749399065
323,Wetland,424.358749399065
324,Wetland,424.358749399065
325,Wetland,424.358749399065
326,Wetland,424.358749399065
327,Wetland,424.358749399065
328,Wetland,424.358749399065
329,Wetland,424.358749399065
330,Wetland,424.358749399065
331,Wetland,424.358749399065
332,Wetland,424.358749399065
333,Wetland,424.358749399065
334,Wetland,424.358749399065
335,Wetland,424.358749399065
336,Wetland,424.358749399065
337,Wetland,473.00769365010495
338,Wetland,473.00769365010495
339,Wetland,473.00769365010495
340,Wetland,473.00769365010495
341,Wetland,473.00769365010495
342,Wetland,473.00769365010495
343,Wetland,473.00769365010495
344,Wetland,473.00769365010495
345,Wetland,473.00769365010495
346,Wetland,473.00769365010495
347,Wetland,473.00769365010495
348,Wetland,473.00769365010495
349,Wetland,473.00769365010495
350,Wetland,473.00769365010495
351,Wetland,473.00769365010495
352,Wetland,473.00769365010495
353,Wetland,321.727100830448
354,Wetland,321.727100830448
355,Wetland,321.727100830448
356,Wetland,321.727100830448
357,Wetland,321.727100830448
358,Wetland,321.727100830448
359,Wetland,321.727100830448
360,Wetland,321.727100830448
361,Wetland,321.727100830448
362,Wetland,321.727100830448
363,Wetland,321.727100830448
364,Wetland,321.727100830448
365,Wetland,321.727100830448
366,Wetland,321.727100830448
367,Wetland,321.727100830448
368,Wetland,321.727100830448
369,Wetland,216.738833662144
370,Wetland,216.738833662144
371,Wetland,216.738833662144
372,Wetland,216.738833662144
373,Wetland,216.738833662144
374,Wetland,216.738833662144
375,Wetland,216.738833662144
376,Wetland,216.738833662144
377,Wetland,216.738833662144
378,Wetland,216.738833662144
379,Wetland,216.738833662144
380,Wetland,216.738833662144
381,Wetland,216.738833662144
382,Wetland,216.738833662144
383,Wetland,216.738833662144
384,Wetland,216.738833662144
385,Wetland,673.266496177665
386,Wetland,673.266496177665
387,Wetland,673.266496177665
388,Wetland,673.266496177665
389,Wetland,673.266496177665
390,Wetland,673.266496177665
391,Wetland,673.266496177665
392,Wetland,673.266496177665
393,Wetland,673.266496177665
394,Wetland,673.266496177665
395,Wetland,673.266496177665
396,Wetland,673.266496177665
397,Wetland,673.266496177665
398,Wetland,673.266496177665
399,Wetland,673.266496177665
400,Wetland,673.266496177665
401,Wetland,476.51104894308503
402,Wetland,476.51104894308503
403,Wetland,476.51104894308503
404,Wetland,476.51104894308503
405,Wetland,476.51104894308503
406,Wetland,476.51104894308503
407,Wetland,476.51104894308503
408,Wetland,476.51104894308503
409,Wetland,476.51104894308503
410,Wetland,476.51104894308503
411,Wetland,476.51104894308503
412,Wetland,476.51104894308503
413,Wetland,476.51104894308503
414,Wetland,476.51104894308503
415,Wetland,476.51104894308503
416,Wetland,476.51104894308503
417,Wetland,475.79210008443704
418,Wetland,475.79210008443704
419,Wetland,475.79210008443704
420,Wetland,475.79210008443704
421,Wetland,475.79210008443704
422,Wetland,475.79210008443704
423,Wetland,475.79210008443704
424,Wetland,475.79210008443704
425,Wetland,475.79210008443704
426,Wetland,475.79210008443704
427,Wetland,475.79210008443704
428,Wetland,475.79210008443704
429,Wetland,475.79210008443704
430,Wetland,475.79210008443704
431,Wetland,475.79210008443704
432,Wetland,475.79210008443704
433,Wetland,26.9952097668857
434,Wetland,26.9952097668857
435,Wetland,26.9952097668857
436,Wetland,26.9952097668857
437,Wetland,26.9952097668857
438,Wetland,26.9952097668857
439,Wetland,26.9952097668857
440,Wetland,26.9952097668857
441,Wetland,26.9952097668857
1,Cover Crops,76.30862246795559
2,Cover Crops,76.30862246795559
3,Cover Crops,76.30862246795559
4,Cover Crops,76.30862246795559
5,Cover Crops,76.30862246795559
6,Cover Crops,76.30862246795559
7,Cover Crops,76.30862246795559
8,Cover Crops,76.30862246795559
9,Cover Crops,76.30862246795559
10,Cover Crops,76.30862246795559
11,Cover Crops,76.30862246795559
12,Cover Crops,76.30862246795559
13,Cover Crops,76.30862246795559
14,Cover Crops,76.30862246795559
15,Cover Crops,76.30862246795559
16,Cover Crops,76.30862246795559
17,Cover Crops,39.0498245063957
18,Cover Crops,39.0498245063957
19,Cover Crops,39.0498245063957
20,Cover Crops,39.0498245063957
21,Cover Crops,39.0498245063957
22,Cover Crops,39.0498245063957
23,Cover Crops,39.0498245063957
24,Cover Crops,39.0498245063957
25,Cover Crops,39.0498245063957
26,Cover Crops,39.0498245063957
27,Cover Crops,39.0498245063957
28,Cover Crops,39.0498245063957
29,Cover Crops,39.0498245063957
30,Cover Crops,39.0498245063957
31,Cover Crops,39.0498245063957
32,Cover Crops,39.0498245063957
33,Cover Crops,-30.9542246000989
34,Cover Crops,-30.9542246000989
35,Cover Crops,-30.9542246000989
36,Cover Crops,-30.9542246000989
37,Cover Crops,-30.9542246000989
38,Cover Crops,-30.9542246000989
39,Cover Crops,-30.9542246000989
40,Cover Crops,-30.9542246000989
41,Cover Crops,-30.9542246000989
42,Cover Crops,-30.9542246000989
43,Cover Crops,-30.9542246000989
44,Cover Crops,-30.9542246000989
45,Cover Crops,-30.9542246000989
46,Cover Crops,-30.9542246000989
47,Cover Crops,-30.9542246000989
48,Cover Crops,-30.9542246000989
49,Cover Crops,-5.50990382417539
50,Cover Crops,-5.50990382417539
51,Cover Crops,-5.50990382417539
52,Cover Crops,-5.50990382417539
53,Cover Crops,-5.50990382417539
54,Cover Crops,-5.50990382417539
55,Cover Crops,-5.50990382417539
56,Cover Crops,-5.50990382417539
57,Cover Crops,-5.50990382417539
58,Cover Crops,-5.50990382417539
59,Cover Crops,-5.50990382417539
60,Cover Crops,-5.50990382417539
61,Cover Crops,-5.50990382417539
62,Cover Crops,-5.50990382417539
63,Cover Crops,-5.50990382417539
64,Cover Crops,-5.50990382417539
65,Cover Crops,-325.618193298635
66,Cover Crops,-325.618193298635
67,Cover Crops,-325.618193298635
68,Cover Crops,-325.618193298635
69,Cover Crops,-325.618193298635
70,Cover Crops,-325.618193298635
71,Cover Crops,-325.618193298635
72,Cover Crops,-325.618193298635
73,Cover Crops,-325.618193298635
74,Cover Crops,-325.618193298635
75,Cover Crops,-325.618193298635
76,Cover Crops,-325.618193298635
77,Cover Crops,-325.618193298635
78,Cover Crops,-325.618193298635
79,Cover Crops,-325.618193298635
80,Cover Crops,-325.618193298635
81,Cover Crops,41.954475407525294
82,Cover Crops,41.954475407525294
83,Cover Crops,41.954475407525294
84,Cover Crops,41.954475407525294
85,Cover Crops,41.954475407525294
86,Cover Crops,41.954475407525294
87,Cover Crops,41.954475407525294
88,Cover Crops,41.954475407525294
89,Cover Crops,41.954475407525294
90,Cover Crops,41.954475407525294
91,Cover Crops,41.954475407525294
92,Cover Crops,41.954475407525294
93,Cover Crops,41.954475407525294
94,Cover Crops,41.954475407525294
95,Cover Crops,41.954475407525294
96,Cover Crops,41.954475407525294
97,Cover Crops,-326.32179900969896
98,Cover Crops,-326.32179900969896
99,Cover Crops,-326.32179900969896
100,Cover Crops,-326.32179900969896
101,Cover Crops,-326.32179900969896
102,Cover Crops,-326.32179900969896
103,Cover Crops,-326.32179900969896
104,Cover Crops,-326.32179900969896
105,Cover Crops,-326.32179900969896
106,Cover Crops,-326.32179900969896
107,Cover Crops,-326.32179900969896
108,Cover Crops,-326.32179900969896
109,Cover Crops,-326.32179900969896
110,Cover Crops,-326.32179900969896
111,Cover Crops,-326.32179900969896
112,Cover Crops,-326.32179900969896
113,Cover Crops,-31.1594851743597
114,Cover Crops,-31.1594851743597
115,Cover Crops,-31.1594851743597
116,Cover Crops,-31.1594851743597
117,Cover Crops,-31.1594851743597
118,Cover Crops,-31.1594851743597
119,Cover Crops,-31.1594851743597
120,Cover Crops,-31.1594851743597
121,Cover Crops,-31.1594851743597
122,Cover Crops,-31.1594851743597
123,Cover Crops,-31.1594851743597
124,Cover Crops,-31.1594851743597
125,Cover Crops,-31.1594851743597
126,Cover Crops,-31.1594851743597
127,Cover Crops,-31.1594851743597
128,Cover Crops,-31.1594851743597
129,Cover Crops,184.88234373064302
130,Cover Crops,184.88234373064302
131,Cover Crops,184.88234373064302
132,Cover Crops,184.88234373064302
133,Cover Crops,184.88234373064302
134,Cover Crops,184.88234373064302
135,Cover Crops,184.88234373064302
136,Cover Crops,184.88234373064302
137,Cover Crops,184.88234373064302
138,Cover Crops,184.88234373064302
139,Cover Crops,184.88234373064302
140,Cover Crops,184.88234373064302
141,Cover Crops,184.88234373064302
142,Cover Crops,184.88234373064302
143,Cover Crops,184.88234373064302
144,Cover Crops,184.88234373064302
145,Cover Crops,-26.3252924753537
146,Cover Crops,-26.3252924753537
147,Cover Crops,-26.3252924753537
148,Cover Crops,-26.3252924753537
149,Cover Crops,-26.3252924753537
150,Cover Crops,-26.3252924753537
151,Cover Crops,-26.3252924753537
152,Cover Crops,-26.3252924753537
153,Cover Crops,-26.3252924753537
154,Cover Crops,-26.3252924753537
155,Cover Crops,-26.3252924753537
156,Cover Crops,-26.3252924753537
157,Cover Crops,-26.3252924753537
158,Cover Crops,-26.3252924753537
159,Cover Crops,-26.3252924753537
160,Cover Crops,-26.3252924753537
161,Cover Crops,55.56188907193889
162,Cover Crops,55.56188907193889
163,Cover Crops,55.56188907193889
164,Cover Crops,55.56188907193889
165,Cover Crops,55.56188907193889
166,Cover Crops,55.56188907193889
167,Cover Crops,55.56188907193889
168,Cover Crops,55.56188907193889
169,Cover Crops,55.56188907193889
170,Cover Crops,55.56188907193889
171,Cover Crops,55.56188907193889
172,Cover Crops,55.56188907193889
173,Cover Crops,55.56188907193889
174,Cover Crops,55.56188907193889
175,Cover Crops,55.56188907193889
176,Cover Crops,55.56188907193889
177,Cover Crops,469.993656471374
178,Cover Crops,469.993656471374
179,Cover Crops,469.993656471374
180,Cover Crops,469.993656471374
181,Cover Crops,469.993656471374
182,Cover Crops,469.993656471374
183,Cover Crops,469.993656471374
184,Cover Crops,469.993656471374
185,Cover Crops,469.993656471374
186,Cover Crops,469.993656471374
187,Cover Crops,469.993656471374
188,Cover Crops,469.993656471374
189,Cover Crops,469.993656471374
190,Cover Crops,469.993656471374
191,Cover Crops,469.993656471374
192,Cover Crops,469.993656471374
193,Cover Crops,43.24968439053921
194,Cover Crops,43.24968439053921
195,Cover Crops,43.24968439053921
196,Cover Crops,43.24968439053921
197,Cover Crops,43.24968439053921
198,Cover Crops,43.24968439053921
199,Cover Crops,43.24968439053921
200,Cover Crops,43.24968439053921
201,Cover Crops,43.24968439053921
202,Cover Crops,43.24968439053921
203,Cover Crops,43.24968439053921
204,Cover Crops,43.24968439053921
205,Cover Crops,43.24968439053921
206,Cover Crops,43.24968439053921
207,Cover Crops,43.24968439053921
208,Cover Crops,43.24968439053921
209,Cover Crops,-30.9542246000989
210,Cover Crops,-30.9542246000989
211,Cover Crops,-30.9542246000989
212,Cover Crops,-30.9542246000989
213,Cover Crops,-30.9542246000989
214,Cover Crops,-30.9542246000989
215,Cover Crops,-30.9542246000989
216,Cover Crops,-30.9542246000989
217,Cover Crops,-30.9542246000989
218,Cover Crops,-30.9542246000989
219,Cover Crops,-30.9542246000989
220,Cover Crops,-30.9542246000989
221,Cover Crops,-30.9542246000989
222,Cover Crops,-30.9542246000989
223,Cover Crops,-30.9542246000989
224,Cover Crops,-30.9542246000989
225,Cover Crops,-328.01361643692
226,Cover Crops,-328.01361643692
227,Cover Crops,-328.01361643692
228,Cover Crops,-328.01361643692
229,Cover Crops,-328.01361643692
230,Cover Crops,-328.01361643692
231,Cover Crops,-328.01361643692
232,Cover Crops,-328.01361643692
233,Cover Crops,-328.01361643692
234,Cover Crops,-328.01361643692
235,Cover Crops,-328.01361643692
236,Cover Crops,-328.01361643692
237,Cover Crops,-328.01361643692
238,Cover Crops,-328.01361643692
239,Cover Crops,-328.01361643692
240,Cover Crops,-328.01361643692
241,Cover Crops,214.155057419876
242,Cover Crops,214.155057419876
243,Cover Crops,214.155057419876
244,Cover Crops,214.155057419876
245,Cover Crops,214.155057419876
246,Cover Crops,214.155057419876
247,Cover Crops,214.155057419876
248,Cover Crops,214.155057419876
249,Cover Crops,214.155057419876
250,Cover Crops,214.155057419876
251,Cover Crops,214.155057419876
252,Cover Crops,214.155057419876
253,Cover Crops,214.155057419876
254,Cover Crops,214.155057419876
255,Cover Crops,214.155057419876
256,Cover Crops,214.155057419876
257,Cover Crops,130.04534529532302
258,Cover Crops,130.04534529532302
259,Cover Crops,130.04534529532302
260,Cover Crops,130.04534529532302
261,Cover Crops,130.04534529532302
262,Cover Crops,130.04534529532302
263,Cover Crops,130.04534529532302
264,Cover Crops,130.04534529532302
265,Cover Crops,130.04534529532302
266,Cover Crops,130.04534529532302
267,Cover Crops,130.04534529532302
268,Cover Crops,130.04534529532302
269,Cover Crops,130.04534529532302
270,Cover Crops,130.04534529532302
271,Cover Crops,130.04534529532302
272,Cover Crops,130.04534529532302
273,Cover Crops,-3.25445261264933
274,Cover Crops,-3.25445261264933
275,Cover Crops,-3.25445261264933
276,Cover Crops,-3.25445261264933
277,Cover Crops,-3.25445261264933
278,Cover Crops,-3.25445261264933
279,Cover Crops,-3.25445261264933
280,Cover Crops,-3.25445261264933
281,Cover Crops,-3.25445261264933
282,Cover Crops,-3.25445261264933
283,Cover Crops,-3.25445261264933
284,Cover Crops,-3.25445261264933
285,Cover Crops,-3.25445261264933
286,Cover Crops,-3.25445261264933
287,Cover Crops,-3.25445261264933
288,Cover Crops,-3.25445261264933
289,Cover Crops,28.0109553798352
290,Cover Crops,28.0109553798352
291,Cover Crops,28.0109553798352
292,Cover Crops,28.0109553798352
293,Cover Crops,28.0109553798352
294,Cover Crops,28.0109553798352
295,Cover Crops,28.0109553798352
296,Cover Crops,28.0109553798352
297,Cover Crops,28.0109553798352
298,Cover Crops,28.0109553798352
299,Cover Crops,28.0109553798352
300,Cover Crops,28.0109553798352
301,Cover Crops,28.0109553798352
302,Cover Crops,28.0109553798352
303,Cover Crops,28.0109553798352
304,Cover Crops,28.0109553798352
305,Cover Crops,-29.1533742996766
306,Cover Crops,-29.1533742996766
307,Cover Crops,-29.1533742996766
308,Cover Crops,-29.1533742996766
309,Cover Crops,-29.1533742996766
310,Cover Crops,-29.1533742996766
311,Cover Crops,-29.1533742996766
312,Cover Crops,-29.1533742996766
313,Cover Crops,-29.1533742996766
314,Cover Crops,-29.1533742996766
315,Cover Crops,-29.1533742996766
316,Cover Crops,-29.1533742996766
317,Cover Crops,-29.1533742996766
318,Cover Crops,-29.1533742996766
319,Cover Crops,-29.1533742996766
320,Cover Crops,-29.1533742996766
321,Cover Crops,22.0338816384413
322,Cover Crops,22.0338816384413
323,Cover Crops,22.0338816384413
324,Cover Crops,22.0338816384413
325,Cover Crops,22.0338816384413
326,Cover Crops,22.0338816384413
327,Cover Crops,22.0338816384413
328,Cover Crops,22.0338816384413
329,Cover Crops,22.0338816384413
330,Cover Crops,22.0338816384413
331,Cover Crops,22.0338816384413
332,Cover Crops,22.0338816384413
333,Cover Crops,22.0338816384413
334,Cover Crops,22.0338816384413
335,Cover Crops,22.0338816384413
336,Cover Crops,22.0338816384413
337,Cover Crops,71.9096539086545
338,Cover Crops,71.9096539086545
339,Cover Crops,71.9096539086545
340,Cover Crops,71.9096539086545
341,Cover Crops,71.9096539086545
342,Cover Crops,71.9096539086545
343,Cover Crops,71.9096539086545
344,Cover Crops,71.9096539086545
345,Cover Crops,71.9096539086545
346,Cover Crops,71.9096539086545
347,Cover Crops,71.9096539086545
348,Cover Crops,71.9096539086545
349,Cover Crops,71.9096539086545
350,Cover Crops,71.9096539086545
351,Cover Crops,71.9096539086545
352,Cover Crops,71.9096539086545
353,Cover Crops,-81.035257444573
354,Cover Crops,-81.035257444573
355,Cover Crops,-81.035257444573
356,Cover Crops,-81.035257444573
357,Cover Crops,-81.035257444573
358,Cover Crops,-81.035257444573
359,Cover Crops,-81.035257444573
360,Cover Crops,-81.035257444573
361,Cover Crops,-81.035257444573
362,Cover Crops,-81.035257444573
363,Cover Crops,-81.035257444573
364,Cover Crops,-81.035257444573
365,Cover Crops,-81.035257444573
366,Cover Crops,-81.035257444573
367,Cover Crops,-81.035257444573
368,Cover Crops,-81.035257444573
369,Cover Crops,-179.04644408410198
370,Cover Crops,-179.04644408410198
371,Cover Crops,-179.04644408410198
372,Cover Crops,-179.04644408410198
373,Cover Crops,-179.04644408410198
374,Cover Crops,-179.04644408410198
375,Cover Crops,-179.04644408410198
376,Cover Crops,-179.04644408410198
377,Cover Crops,-179.04644408410198
378,Cover Crops,-179.04644408410198
379,Cover Crops,-179.04644408410198
380,Cover Crops,-179.04644408410198
381,Cover Crops,-179.04644408410198
382,Cover Crops,-179.04644408410198
383,Cover Crops,-179.04644408410198
384,Cover Crops,-179.04644408410198
385,Cover Crops,271.011201984135
386,Cover Crops,271.011201984135
387,Cover Crops,271.011201984135
388,Cover Crops,271.011201984135
389,Cover Crops,271.011201984135
390,Cover Crops,271.011201984135
391,Cover Crops,271.011201984135
392,Cover Crops,271.011201984135
393,Cover Crops,271.011201984135
394,Cover Crops,271.011201984135
395,Cover Crops,271.011201984135
396,Cover Crops,271.011201984135
397,Cover Crops,271.011201984135
398,Cover Crops,271.011201984135
399,Cover Crops,271.011201984135
400,Cover Crops,271.011201984135
401,Cover Crops,74.8126937703754
402,Cover Crops,74.8126937703754
403,Cover Crops,74.8126937703754
404,Cover Crops,74.8126937703754
405,Cover Crops,74.8126937703754
406,Cover Crops,74.8126937703754
407,Cover Crops,74.8126937703754
408,Cover Crops,74.8126937703754
409,Cover Crops,74.8126937703754
410,Cover Crops,74.8126937703754
411,Cover Crops,74.8126937703754
412,Cover Crops,74.8126937703754
413,Cover Crops,74.8126937703754
414,Cover Crops,74.8126937703754
415,Cover Crops,74.8126937703754
416,Cover Crops,74.8126937703754
417,Cover Crops,76.63071240043558
418,Cover Crops,76.63071240043558
419,Cover Crops,76.63071240043558
420,Cover Crops,76.63071240043558
421,Cover Crops,76.63071240043558
422,Cover Crops,76.63071240043558
423,Cover Crops,76.63071240043558
424,Cover Crops,76.63071240043558
425,Cover Crops,76.63071240043558
426,Cover Crops,76.63071240043558
427,Cover Crops,76.63071240043558
428,Cover Crops,76.63071240043558
429,Cover Crops,76.63071240043558
430,Cover Crops,76.63071240043558
431,Cover Crops,76.63071240043558
432,Cover Crops,76.63071240043558
433,Cover Crops,-370.03123746888
434,Cover Crops,-370.03123746888
435,Cover Crops,-370.03123746888
436,Cover Crops,-370.03123746888
437,Cover Crops,-370.03123746888
438,Cover Crops,-370.03123746888
439,Cover Crops,-370.03123746888
440,Cover Crops,-370.03123746888
441,Cover Crops,-370.03123746888
1,Nutrient Management,186.960850777909
2,Nutrient Management,186.960850777909
3,Nutrient Management,186.960850777909
4,Nutrient Management,186.960850777909
5,Nutrient Management,186.960850777909
6,Nutrient Management,186.960850777909
7,Nutrient Management,186.960850777909
8,Nutrient Management,186.960850777909
9,Nutrient Management,186.960850777909
10,Nutrient Management,186.960850777909
11,Nutrient Management,186.960850777909
12,Nutrient Management,186.960850777909
13,Nutrient Management,186.960850777909
14,Nutrient Management,186.960850777909
15,Nutrient Management,186.960850777909
16,Nutrient Management,186.960850777909
17,Nutrient Management,149.516467716366
18,Nutrient Management,149.516467716366
19,Nutrient Management,149.516467716366
20,Nutrient Management,149.516467716366
21,Nutrient Management,149.516467716366
22,Nutrient Management,149.516467716366
23,Nutrient Management,149.516467716366
24,Nutrient Management,149.516467716366
25,Nutrient Management,149.516467716366
26,Nutrient Management,149.516467716366
27,Nutrient Management,149.516467716366
28,Nutrient Management,149.516467716366
29,Nutrient Management,149.516467716366
30,Nutrient Management,149.516467716366
31,Nutrient Management,149.516467716366
32,Nutrient Management,149.516467716366
33,Nutrient Management,80.74653063407258
34,Nutrient Management,80.74653063407258
35,Nutrient Management,80.74653063407258
36,Nutrient Management,80.74653063407258
37,Nutrient Management,80.74653063407258
38,Nutrient Management,80.74653063407258
39,Nutrient Management,80.74653063407258
40,Nutrient Management,80.74653063407258
41,Nutrient Management,80.74653063407258
42,Nutrient Management,80.74653063407258
43,Nutrient Management,80.74653063407258
44,Nutrient Management,80.74653063407258
45,Nutrient Management,80.74653063407258
46,Nutrient Management,80.74653063407258
47,Nutrient Management,80.74653063407258
48,Nutrient Management,80.74653063407258
49,Nutrient Management,104.07985185353701
50,Nutrient Management,104.07985185353701
51,Nutrient Management,104.07985185353701
52,Nutrient Management,104.07985185353701
53,Nutrient Management,104.07985185353701
54,Nutrient Management,104.07985185353701
55,Nutrient Management,104.07985185353701
56,Nutrient Management,104.07985185353701
57,Nutrient Management,104.07985185353701
58,Nutrient Management,104.07985185353701
59,Nutrient Management,104.07985185353701
60,Nutrient Management,104.07985185353701
61,Nutrient Management,104.07985185353701
62,Nutrient Management,104.07985185353701
63,Nutrient Management,104.07985185353701
64,Nutrient Management,104.07985185353701
65,Nutrient Management,-216.094338749954
66,Nutrient Management,-216.094338749954
67,Nutrient Management,-216.094338749954
68,Nutrient Management,-216.094338749954
69,Nutrient Management,-216.094338749954
70,Nutrient Management,-216.094338749954
71,Nutrient Management,-216.094338749954
72,Nutrient Management,-216.094338749954
73,Nutrient Management,-216.094338749954
74,Nutrient Management,-216.094338749954
75,Nutrient Management,-216.094338749954
76,Nutrient Management,-216.094338749954
77,Nutrient Management,-216.094338749954
78,Nutrient Management,-216.094338749954
79,Nutrient Management,-216.094338749954
80,Nutrient Management,-216.094338749954
81,Nutrient Management,154.304293551864
82,Nutrient Management,154.304293551864
83,Nutrient Management,154.304293551864
84,Nutrient Management,154.304293551864
85,Nutrient Management,154.304293551864
86,Nutrient Management,154.304293551864
87,Nutrient Management,154.304293551864
88,Nutrient Management,154.304293551864
89,Nutrient Management,154.304293551864
90,Nutrient Management,154.304293551864
91,Nutrient Management,154.304293551864
92,Nutrient Management,154.304293551864
93,Nutrient Management,154.304293551864
94,Nutrient Management,154.304293551864
95,Nutrient Management,154.304293551864
96,Nutrient Management,154.304293551864
97,Nutrient Management,-216.829039366637
98,Nutrient Management,-216.829039366637
99,Nutrient Management,-216.829039366637
100,Nutrient Management,-216.829039366637
101,Nutrient Management,-216.829039366637
102,Nutrient Management,-216.829039366637
103,Nutrient Management,-216.829039366637
104,Nutrient Management,-216.829039366637
105,Nutrient Management,-216.829039366637
106,Nutrient Management,-216.829039366637
107,Nutrient Management,-216.829039366637
108,Nutrient Management,-216.829039366637
109,Nutrient Management,-216.829039366637
110,Nutrient Management,-216.829039366637
111,Nutrient Management,-216.829039366637
112,Nutrient Management,-216.829039366637
113,Nutrient Management,78.3113045507155
114,Nutrient Management,78.3113045507155
115,Nutrient Management,78.3113045507155
116,Nutrient Management,78.3113045507155
117,Nutrient Management,78.3113045507155
118,Nutrient Management,78.3113045507155
119,Nutrient Management,78.3113045507155
120,Nutrient Management,78.3113045507155
121,Nutrient Management,78.3113045507155
122,Nutrient Management,78.3113045507155
123,Nutrient Management,78.3113045507155
124,Nutrient Management,78.3113045507155
125,Nutrient Management,78.3113045507155
126,Nutrient Management,78.3113045507155
127,Nutrient Management,78.3113045507155
128,Nutrient Management,78.3113045507155
129,Nutrient Management,297.157756557376
130,Nutrient Management,297.157756557376
131,Nutrient Management,297.157756557376
132,Nutrient Management,297.157756557376
133,Nutrient Management,297.157756557376
134,Nutrient Management,297.157756557376
135,Nutrient Management,297.157756557376
136,Nutrient Management,297.157756557376
137,Nutrient Management,297.157756557376
138,Nutrient Management,297.157756557376
139,Nutrient Management,297.157756557376
140,Nutrient Management,297.157756557376
141,Nutrient Management,297.157756557376
142,Nutrient Management,297.157756557376
143,Nutrient Management,297.157756557376
144,Nutrient Management,297.157756557376
145,Nutrient Management,86.2363787028422
146,Nutrient Management,86.2363787028422
147,Nutrient Management,86.2363787028422
148,Nutrient Management,86.2363787028422
149,Nutrient Management,86.2363787028422
150,Nutrient Management,86.2363787028422
151,Nutrient Management,86.2363787028422
152,Nutrient Management,86.2363787028422
153,Nutrient Management,86.2363787028422
154,Nutrient Management,86.2363787028422
155,Nutrient Management,86.2363787028422
156,Nutrient Management,86.2363787028422
157,Nutrient Management,86.2363787028422
158,Nutrient Management,86.2363787028422
159,Nutrient Management,86.2363787028422
160,Nutrient Management,86.2363787028422
161,Nutrient Management,167.24499490687
162,Nutrient Management,167.24499490687
163,Nutrient Management,167.24499490687
164,Nutrient Management,167.24499490687
165,Nutrient Management,167.24499490687
166,Nutrient Management,167.24499490687
167,Nutrient Management,167.24499490687
168,Nutrient Management,167.24499490687
169,Nutrient Management,167.24499490687
170,Nutrient Management,167.24499490687
171,Nutrient Management,167.24499490687
172,Nutrient Management,167.24499490687
173,Nutrient Management,167.24499490687
174,Nutrient Management,167.24499490687
175,Nutrient Management,167.24499490687
176,Nutrient Management,167.24499490687
177,Nutrient Management,583.083774385083
178,Nutrient Management,583.083774385083
179,Nutrient Management,583.083774385083
180,Nutrient Management,583.083774385083
181,Nutrient Management,583.083774385083
182,Nutrient Management,583.083774385083
183,Nutrient Management,583.083774385083
184,Nutrient Management,583.083774385083
185,Nutrient Management,583.083774385083
186,Nutrient Management,583.083774385083
187,Nutrient Management,583.083774385083
188,Nutrient Management,583.083774385083
189,Nutrient Management,583.083774385083
190,Nutrient Management,583.083774385083
191,Nutrient Management,583.083774385083
192,Nutrient Management,583.083774385083
193,Nutrient Management,154.764068062389
194,Nutrient Management,154.764068062389
195,Nutrient Management,154.764068062389
196,Nutrient Management,154.764068062389
197,Nutrient Management,154.764068062389
198,Nutrient Management,154.764068062389
199,Nutrient Management,154.764068062389
200,Nutrient Management,154.764068062389
201,Nutrient Management,154.764068062389
202,Nutrient Management,154.764068062389
203,Nutrient Management,154.764068062389
204,Nutrient Management,154.764068062389
205,Nutrient Management,154.764068062389
206,Nutrient Management,154.764068062389
207,Nutrient Management,154.764068062389
208,Nutrient Management,154.764068062389
209,Nutrient Management,80.74653063407258
210,Nutrient Management,80.74653063407258
211,Nutrient Management,80.74653063407258
212,Nutrient Management,80.74653063407258
213,Nutrient Management,80.74653063407258
214,Nutrient Management,80.74653063407258
215,Nutrient Management,80.74653063407258
216,Nutrient Management,80.74653063407258
217,Nutrient Management,80.74653063407258
218,Nutrient Management,80.74653063407258
219,Nutrient Management,80.74653063407258
220,Nutrient Management,80.74653063407258
221,Nutrient Management,80.74653063407258
222,Nutrient Management,80.74653063407258
223,Nutrient Management,80.74653063407258
224,Nutrient Management,80.74653063407258
225,Nutrient Management,-219.66766417788003
226,Nutrient Management,-219.66766417788003
227,Nutrient Management,-219.66766417788003
228,Nutrient Management,-219.66766417788003
229,Nutrient Management,-219.66766417788003
230,Nutrient Management,-219.66766417788003
231,Nutrient Management,-219.66766417788003
232,Nutrient Management,-219.66766417788003
233,Nutrient Management,-219.66766417788003
234,Nutrient Management,-219.66766417788003
235,Nutrient Management,-219.66766417788003
236,Nutrient Management,-219.66766417788003
237,Nutrient Management,-219.66766417788003
238,Nutrient Management,-219.66766417788003
239,Nutrient Management,-219.66766417788003
240,Nutrient Management,-219.66766417788003
241,Nutrient Management,327.456385080526
242,Nutrient Management,327.456385080526
243,Nutrient Management,327.456385080526
244,Nutrient Management,327.456385080526
245,Nutrient Management,327.456385080526
246,Nutrient Management,327.456385080526
247,Nutrient Management,327.456385080526
248,Nutrient Management,327.456385080526
249,Nutrient Management,327.456385080526
250,Nutrient Management,327.456385080526
251,Nutrient Management,327.456385080526
252,Nutrient Management,327.456385080526
253,Nutrient Management,327.456385080526
254,Nutrient Management,327.456385080526
255,Nutrient Management,327.456385080526
256,Nutrient Management,327.456385080526
257,Nutrient Management,241.59542613192502
258,Nutrient Management,241.59542613192502
259,Nutrient Management,241.59542613192502
260,Nutrient Management,241.59542613192502
261,Nutrient Management,241.59542613192502
262,Nutrient Management,241.59542613192502
263,Nutrient Management,241.59542613192502
264,Nutrient Management,241.59542613192502
265,Nutrient Management,241.59542613192502
266,Nutrient Management,241.59542613192502
267,Nutrient Management,241.59542613192502
268,Nutrient Management,241.59542613192502
269,Nutrient Management,241.59542613192502
270,Nutrient Management,241.59542613192502
271,Nutrient Management,241.59542613192502
272,Nutrient Management,241.59542613192502
273,Nutrient Management,107.716672251531
274,Nutrient Management,107.716672251531
275,Nutrient Management,107.716672251531
276,Nutrient Management,107.716672251531
277,Nutrient Management,107.716672251531
278,Nutrient Management,107.716672251531
279,Nutrient Management,107.716672251531
280,Nutrient Management,107.716672251531
281,Nutrient Management,107.716672251531
282,Nutrient Management,107.716672251531
283,Nutrient Management,107.716672251531
284,Nutrient Management,107.716672251531
285,Nutrient Management,107.716672251531
286,Nutrient Management,107.716672251531
287,Nutrient Management,107.716672251531
288,Nutrient Management,107.716672251531
289,Nutrient Management,141.525195059753
290,Nutrient Management,141.525195059753
291,Nutrient Management,141.525195059753
292,Nutrient Management,141.525195059753
293,Nutrient Management,141.525195059753
294,Nutrient Management,141.525195059753
295,Nutrient Management,141.525195059753
296,Nutrient Management,141.525195059753
297,Nutrient Management,141.525195059753
298,Nutrient Management,141.525195059753
299,Nutrient Management,141.525195059753
300,Nutrient Management,141.525195059753
301,Nutrient Management,141.525195059753
302,Nutrient Management,141.525195059753
303,Nutrient Management,141.525195059753
304,Nutrient Management,141.525195059753
305,Nutrient Management,81.16778765863842
306,Nutrient Management,81.16778765863842
307,Nutrient Management,81.16778765863842
308,Nutrient Management,81.16778765863842
309,Nutrient Management,81.16778765863842
310,Nutrient Management,81.16778765863842
311,Nutrient Management,81.16778765863842
312,Nutrient Management,81.16778765863842
313,Nutrient Management,81.16778765863842
314,Nutrient Management,81.16778765863842
315,Nutrient Management,81.16778765863842
316,Nutrient Management,81.16778765863842
317,Nutrient Management,81.16778765863842
318,Nutrient Management,81.16778765863842
319,Nutrient Management,81.16778765863842
320,Nutrient Management,81.16778765863842
321,Nutrient Management,134.662883977173
322,Nutrient Management,134.662883977173
323,Nutrient Management,134.662883977173
324,Nutrient Management,134.662883977173
325,Nutrient Management,134.662883977173
326,Nutrient Management,134.662883977173
327,Nutrient Management,134.662883977173
328,Nutrient Management,134.662883977173
329,Nutrient Management,134.662883977173
330,Nutrient Management,134.662883977173
331,Nutrient Management,134.662883977173
332,Nutrient Management,134.662883977173
333,Nutrient Management,134.662883977173
334,Nutrient Management,134.662883977173
335,Nutrient Management,134.662883977173
336,Nutrient Management,134.662883977173
337,Nutrient Management,181.29761468158298
338,Nutrient Management,181.29761468158298
339,Nutrient Management,181.29761468158298
340,Nutrient Management,181.29761468158298
341,Nutrient Management,181.29761468158298
342,Nutrient Management,181.29761468158298
343,Nutrient Management,181.29761468158298
344,Nutrient Management,181.29761468158298
345,Nutrient Management,181.29761468158298
346,Nutrient Management,181.29761468158298
347,Nutrient Management,181.29761468158298
348,Nutrient Management,181.29761468158298
349,Nutrient Management,181.29761468158298
350,Nutrient Management,181.29761468158298
351,Nutrient Management,181.29761468158298
352,Nutrient Management,181.29761468158298
353,Nutrient Management,31.676573846306
354,Nutrient Management,31.676573846306
355,Nutrient Management,31.676573846306
356,Nutrient Management,31.676573846306
357,Nutrient Management,31.676573846306
358,Nutrient Management,31.676573846306
359,Nutrient Management,31.676573846306
360,Nutrient Management,31.676573846306
361,Nutrient Management,31.676573846306
362,Nutrient Management,31.676573846306
363,Nutrient Management,31.676573846306
364,Nutrient Management,31.676573846306
365,Nutrient Management,31.676573846306
366,Nutrient Management,31.676573846306
367,Nutrient Management,31.676573846306
368,Nutrient Management,31.676573846306
369,Nutrient Management,-70.52597729823529
370,Nutrient Management,-70.52597729823529
371,Nutrient Management,-70.52597729823529
372,Nutrient Management,-70.52597729823529
373,Nutrient Management,-70.52597729823529
374,Nutrient Management,-70.52597729823529
375,Nutrient Management,-70.52597729823529
376,Nutrient Management,-70.52597729823529
377,Nutrient Management,-70.52597729823529
378,Nutrient Management,-70.52597729823529
379,Nutrient Management,-70.52597729823529
380,Nutrient Management,-70.52597729823529
381,Nutrient Management,-70.52597729823529
382,Nutrient Management,-70.52597729823529
383,Nutrient Management,-70.52597729823529
384,Nutrient Management,-70.52597729823529
385,Nutrient Management,380.451254128421
386,Nutrient Management,380.451254128421
387,Nutrient Management,380.451254128421
388,Nutrient Management,380.451254128421
389,Nutrient Management,380.451254128421
390,Nutrient Management,380.451254128421
391,Nutrient Management,380.451254128421
392,Nutrient Management,380.451254128421
393,Nutrient Management,380.451254128421
394,Nutrient Management,380.451254128421
395,Nutrient Management,380.451254128421
396,Nutrient Management,380.451254128421
397,Nutrient Management,380.451254128421
398,Nutrient Management,380.451254128421
399,Nutrient Management,380.451254128421
400,Nutrient Management,380.451254128421
401,Nutrient Management,186.346534158431
402,Nutrient Management,186.346534158431
403,Nutrient Management,186.346534158431
404,Nutrient Management,186.346534158431
405,Nutrient Management,186.346534158431
406,Nutrient Management,186.346534158431
407,Nutrient Management,186.346534158431
408,Nutrient Management,186.346534158431
409,Nutrient Management,186.346534158431
410,Nutrient Management,186.346534158431
411,Nutrient Management,186.346534158431
412,Nutrient Management,186.346534158431
413,Nutrient Management,186.346534158431
414,Nutrient Management,186.346534158431
415,Nutrient Management,186.346534158431
416,Nutrient Management,186.346534158431
417,Nutrient Management,187.14988501462503
418,Nutrient Management,187.14988501462503
419,Nutrient Management,187.14988501462503
420,Nutrient Management,187.14988501462503
421,Nutrient Management,187.14988501462503
422,Nutrient Management,187.14988501462503
423,Nutrient Management,187.14988501462503
424,Nutrient Management,187.14988501462503
425,Nutrient Management,187.14988501462503
426,Nutrient Management,187.14988501462503
427,Nutrient Management,187.14988501462503
428,Nutrient Management,187.14988501462503
429,Nutrient Management,187.14988501462503
430,Nutrient Management,187.14988501462503
431,Nutrient Management,187.14988501462503
432,Nutrient Management,187.14988501462503
433,Nutrient Management,-260.288010624726
434,Nutrient Management,-260.288010624726
435,Nutrient Management,-260.288010624726
436,Nutrient Management,-260.288010624726
437,Nutrient Management,-260.288010624726
438,Nutrient Management,-260.288010624726
439,Nutrient Management,-260.288010624726
440,Nutrient Management,-260.288010624726
441,Nutrient Management,-260.288010624726
