id,scenicconcern,scenicmoderate,scenicmajor,nutrientconcern,nutrientmoderate,nutrientmajor,habitatconcern,habitatmoderate,habitatmajor,sedimentconcern,sedimentmoderate,sedimentmajor,recreationconcern,recreationmoderate,recreationmajor,valknowconservation,valundueblame,valwaterimportant,vallandregulate,valwaterproblem,valpaymentimportant,valtogether,valstaff,valsteward,valinfluence,pollutionobs,familiar25,opwetlandfamiliar,opwetlandcostr,opwetlandcontrol,opwetlandequipment,opwetlandcostm,opwetlandhabitat,opwetlandsoil,opcovercropfamiliar,opcovercroprp,opcovercroptimep,opcovercroptimeh,opcovercroprs,opcovercropis,opcovercropln,opnmfamiliar,opnmrs,opnmrl,opnmis,opnmrf,opnmcost,opwetlandopen,opwetlandrestored,opcovercropopen,opcovercropplant,opnmopen
6967500969,4,4,4,4,4,4,4,4,4,4,4,4,4,4,4,4,4,5,4,4,2,4,4,5,3,3,1,3,3,4,4,3,2,4,4,1,1,1,5,1,3,2,3,3,4,4,3,3,1,1,2,1
6966018516,1,2,2,1,1,2,1,1,1,1,1,2,2,2,2,4,5,5,2,3,4,4,4,4,4,2,3,1,5,5,5,5,2,2,4,3,3,3,5,5,3,4,2,2,3,4,3,2,3,1,2,1
6954002510,,,,,,,,,1,5,5,5,4,4,4,4,2,4,4,4,4,4,4,4,4,,,1,5,4,5,5,4,3,3,4,4,5,4,4,4,1,3,3,3,2,5,3,1,3,1,2
6954000142,3,3,3,3,3,3,3,3,3,4,4,4,3,4,4,4,4,5,5,4,4,5,5,5,3,1,1,1,3,3,3,4,4,4,4,2,3,2,4,4,4,3,3,3,3,3,3,2,3,1,1,3
6952091365,1,1,1,1,2,1,1,1,1,1,1,1,1,2,1,4,5,4,1,1,3,4,4,4,3,2,2,1,3,3,5,3,1,3,2,2,5,3,4,3,3,3,2,3,1,3,3,1,3,1,3,1
6950969532,3,3,3,3,3,3,3,3,3,3,3,3,3,3,3,4,4,4,4,3,3,4,4,4,3,3,1,1,4,4,4,4,4,4,2,3,3,3,4,4,3,3,3,3,3,3,3,3,3,3,3,3
6950966877,4,4,4,4,4,4,4,3,3,4,3,3,4,3,4,4,5,4,3,4,3,4,4,4,4,3,2,3,3,4,2,2,4,4,2,3,3,4,4,4,4,4,2,2,5,5,2,1,3,1,3,1
6950963846,4,4,5,4,4,4,4,4,5,4,4,3,4,4,4,4,3,5,3,4,4,4,4,4,3,1,,3,2,2,2,2,4,4,2,2,3,3,4,4,3,1,3,3,4,4,3,1,2,1,3,1
6949522020,1,2,1,1,1,1,1,1,1,1,1,1,1,1,1,5,5,3,1,1,3,3,3,5,3,2,1,1,5,5,5,5,1,1,3,3,5,5,2,3,1,3,3,3,3,3,3,2,3,1,2,3
6949520595,1,3,1,1,3,2,1,1,1,1,1,1,1,1,1,4,5,4,2,2,1,3,4,4,3,2,1,1,3,3,2,2,2,2,2,2,3,3,4,4,3,1,3,3,3,3,3,2,3,1,3,3
6949519165,2,2,3,2,2,3,2,3,2,3,2,3,3,2,4,4,4,4,4,4,4,4,4,4,4,3,2,1,3,3,4,4,3,4,2,3,3,3,4,4,3,2,2,2,4,4,3,2,3,3,3,3
6949517026,3,3,3,3,3,3,3,3,3,3,3,3,3,4,4,3,5,4,4,4,3,4,4,3,4,3,1,1,3,3,3,3,4,4,2,3,3,3,4,3,3,1,3,3,3,3,3,3,2,1,3,1
6949515466,3,4,2,4,4,4,4,4,4,4,4,4,3,3,2,3,2,5,5,5,4,5,4,4,2,3,1,2,3,2,2,3,5,5,2,2,3,3,4,4,3,1,3,3,4,4,3,1,1,1,3,1
6949513982,5,5,4,4,4,4,4,4,4,3,4,4,4,4,4,3,2,4,3,4,2,5,5,5,4,1,1,3,3,4,2,2,5,5,2,2,2,2,4,4,2,1,2,2,4,4,3,3,1,1,2,1
6949512250,5,5,5,5,5,5,5,5,5,5,5,5,5,5,5,4,4,4,5,5,3,4,4,4,4,1,1,1,3,3,3,3,4,4,3,1,2,2,4,4,3,3,2,2,4,3,3,3,1,1,3,1
6949510004,3,2,2,2,2,2,3,3,2,3,3,3,3,3,2,4,5,5,1,4,4,4,4,5,3,2,1,3,3,3,4,4,3,3,4,4,4,3,4,4,2,3,4,4,3,4,3,1,2,1,3,1
6949508507,4,3,4,4,3,4,3,3,3,3,3,4,4,4,4,4,4,4,2,4,4,4,4,4,3,1,1,3,3,4,4,4,2,3,2,2,4,4,4,4,4,1,3,3,4,4,3,3,2,2,3,3
6949506509,3,3,2,3,3,2,3,3,2,3,3,3,3,2,2,4,4,4,2,3,3,4,4,5,3,3,2,3,4,4,4,4,4,4,2,3,4,3,3,4,4,2,3,3,4,2,3,3,2,3,1,3
6949504595,2,4,4,4,3,4,3,1,1,3,3,2,1,2,2,4,4,4,2,4,4,4,4,4,2,1,1,2,3,4,4,3,3,4,2,4,4,4,3,4,3,1,3,3,3,3,3,1,3,2,3,1
6949502871,3,5,5,4,4,4,3,4,5,3,3,3,3,4,5,5,5,5,4,4,2,4,4,5,2,1,2,1,3,4,4,3,5,2,3,2,4,4,5,4,2,3,2,2,4,4,5,1,3,1,1,1
6949501136,2,2,2,2,2,1,2,2,2,2,2,2,2,2,2,4,5,3,1,2,2,3,4,3,3,3,2,1,1,3,3,2,1,1,1,3,4,4,3,3,1,3,4,3,2,3,4,2,3,2,3,3
6949498386,2,3,2,2,3,3,2,2,2,2,2,2,2,2,2,2,4,4,4,4,4,4,4,4,4,1,1,1,3,4,4,3,5,5,3,1,3,3,5,5,5,1,3,3,3,3,3,1,3,1,3,1
6949496064,3,4,3,5,4,4,3,4,3,5,5,5,4,3,4,4,2,5,5,4,4,5,5,4,4,,1,3,3,4,4,3,4,4,3,2,4,2,5,5,4,3,2,1,4,5,3,2,3,1,3,3
6949493789,3,4,4,3,3,3,3,3,3,3,3,3,3,3,3,4,5,5,1,4,4,4,3,5,1,2,4,4,4,5,5,5,2,2,3,3,3,3,4,4,3,4,2,2,3,3,2,2,3,1,3,1
6949491780,2,3,2,1,2,2,2,1,1,2,2,1,2,2,2,4,5,3,1,3,2,4,3,4,3,2,1,1,3,5,5,5,1,1,1,3,5,5,1,1,1,1,3,3,3,3,3,3,3,3,3,3
6949489833,3,5,4,4,3,3,3,5,5,5,5,5,4,4,5,5,5,5,1,5,2,4,4,5,3,1,4,4,3,5,2,5,4,4,4,2,2,2,4,4,3,3,4,3,2,2,4,3,2,1,1,3
6949488002,2,2,2,2,2,2,1,2,2,2,1,1,1,2,1,4,5,4,1,2,4,1,2,5,3,2,1,2,4,4,4,4,3,4,2,3,3,3,4,4,3,2,3,3,3,3,4,1,2,1,3,1
6949485959,3,2,2,3,3,3,4,4,3,3,3,4,3,3,2,4,4,4,4,4,4,4,4,4,4,3,1,2,3,3,4,3,3,4,2,3,3,3,4,4,3,2,2,2,3,3,3,1,3,3,3,1
6949478309,3,3,3,3,3,4,4,4,4,4,4,4,4,4,5,4,5,5,4,5,5,3,3,4,1,1,1,1,4,5,3,3,4,1,2,2,4,4,5,4,2,3,3,3,3,3,3,2,1,3,3,2
6949476839,4,4,3,2,4,4,3,3,3,3,3,3,2,3,4,,,,,,,,,,,3,1,,,,,,,,,,,,,,,,,,,,,,,,,
6949474644,4,5,4,2,4,4,4,4,4,4,4,4,3,3,4,3,3,4,3,5,3,4,4,5,3,3,1,1,3,3,3,3,4,4,2,3,3,3,5,5,3,1,3,3,3,3,3,1,1,2,3,3
6949471920,3,3,3,4,3,3,3,3,3,4,4,3,3,3,3,4,5,4,3,4,2,5,4,5,4,1,3,2,3,4,3,3,3,4,3,3,3,4,4,3,3,4,3,3,3,4,3,3,2,3,3,1
6949467324,3,4,3,3,3,3,3,3,3,3,3,2,4,3,3,4,5,4,1,2,4,3,3,5,1,3,3,1,5,5,3,3,3,2,3,2,4,3,3,4,4,4,2,2,2,2,4,2,3,2,3,3
6949465030,3,3,3,3,3,3,3,3,3,3,2,3,4,3,3,4,4,4,2,2,2,2,2,4,2,3,2,1,4,4,3,4,4,3,3,3,4,3,3,3,3,3,3,3,3,3,3,2,1,2,3,2
6949463084,2,3,3,3,3,3,3,3,4,4,4,4,4,4,4,4,2,5,4,4,3,4,4,4,4,1,3,1,3,3,3,4,4,,4,2,3,3,4,4,3,3,3,3,4,4,2,2,3,1,3,3
6949461204,2,3,3,3,3,3,3,3,3,3,3,3,3,3,3,4,4,4,4,3,2,4,4,4,3,1,4,5,4,3,3,3,4,5,5,2,5,3,5,5,4,3,3,3,3,3,3,2,2,3,3,1
6949458706,3,3,3,3,3,3,3,3,3,3,3,3,4,3,3,4,4,4,2,2,3,4,3,4,2,1,1,1,3,3,3,3,3,4,2,3,3,4,4,4,3,1,3,3,3,3,3,3,3,2,3,2
6949455558,4,4,4,4,4,4,3,3,3,4,4,4,3,3,3,4,4,4,3,3,3,4,4,4,3,1,3,2,3,4,4,3,2,4,2,4,4,4,4,3,2,2,3,3,3,3,3,3,3,2,1,2
6949418183,3,4,3,3,3,3,3,3,3,4,4,3,3,3,3,4,3,4,2,3,3,4,4,,2,3,1,1,2,4,3,2,4,4,3,3,3,2,4,4,2,2,2,3,3,4,3,3,3,1,3,3
6949416279,3,4,3,3,3,3,3,3,4,4,3,4,4,3,3,4,5,4,3,3,3,3,3,3,3,2,,4,4,4,2,2,2,4,4,4,3,3,4,3,3,4,2,2,4,2,2,3,3,3,3,1
6949408889,1,2,2,2,2,1,2,2,2,1,2,1,1,2,1,4,5,5,1,1,1,4,4,5,1,2,2,1,3,5,5,3,2,4,4,3,4,4,4,4,4,4,1,1,4,2,2,2,3,2,3,1
6949405911,2,4,4,3,4,3,3,3,3,3,3,3,3,3,3,3,4,4,4,4,4,4,4,4,3,1,1,2,3,3,3,3,3,4,2,3,3,4,4,4,3,2,3,3,3,4,3,1,2,1,3,1
6949403352,3,3,3,2,2,2,3,3,3,2,2,2,3,3,1,5,5,4,1,1,1,3,3,5,4,2,2,2,5,5,5,5,2,3,3,3,3,3,3,3,3,4,3,3,3,3,3,2,2,2,3,2
6949399112,3,3,4,4,4,4,4,4,4,4,4,4,3,5,4,4,4,4,2,2,2,4,4,4,3,,2,2,3,2,3,3,3,4,3,3,3,3,4,,3,2,3,3,4,3,3,1,2,3,2,1
6949394536,3,3,3,3,3,3,3,3,3,3,3,3,1,3,3,3,3,4,3,3,3,3,4,3,3,3,1,1,3,3,3,3,3,3,2,3,3,3,3,3,3,1,3,3,3,3,3,3,3,1,3,3
6949392066,4,4,4,2,4,4,4,4,4,4,4,4,4,4,4,4,4,4,2,2,4,3,3,4,3,3,2,1,3,3,3,3,3,4,3,2,3,3,4,4,4,3,3,3,3,3,3,3,3,1,3,1
6949389471,3,4,3,3,3,2,3,3,3,3,3,3,2,3,2,4,4,4,3,4,4,4,3,4,2,2,2,3,4,4,4,4,2,3,3,3,4,4,4,3,2,4,5,5,1,2,5,2,3,2,3,2
6949385903,3,4,3,4,4,4,3,3,3,3,3,3,3,4,4,4,4,5,3,4,3,5,4,4,3,,1,1,3,3,2,2,4,4,3,2,3,3,3,3,3,1,3,3,4,3,3,3,2,1,2,3
6948985749,1,1,1,1,2,2,2,2,2,2,2,2,1,2,2,3,4,4,2,3,3,4,4,4,3,3,1,1,3,3,3,3,4,4,3,3,3,3,4,3,3,2,3,3,3,3,3,2,3,1,3,2
6948796897,1,1,1,3,3,3,3,3,3,3,3,3,2,3,3,,,,,,,,,,,3,1,,,,,,,,,,,,,,,,,,,,,,,,,
6948796210,2,3,3,5,4,5,4,4,5,5,4,5,3,3,4,4,3,5,5,5,5,5,5,4,4,1,4,3,4,4,3,4,4,5,3,3,4,3,4,4,3,3,3,3,3,4,4,1,1,1,1,1
6948795512,4,4,4,4,4,4,5,5,4,4,5,5,5,5,5,5,5,5,4,5,1,5,5,5,5,2,2,3,4,2,2,4,4,5,4,2,2,3,4,4,2,3,2,2,5,4,3,1,3,1,3,1
6948794673,1,1,1,2,2,2,1,1,1,2,1,1,1,1,1,5,5,5,2,3,1,4,4,4,1,3,1,1,5,5,5,5,1,5,3,2,2,2,4,4,3,3,3,3,3,3,3,2,2,2,3,2
6948793617,3,3,3,4,4,4,2,4,4,4,3,4,3,3,3,5,5,5,3,3,5,5,5,4,3,,5,5,3,2,4,2,5,5,5,2,2,3,5,5,4,5,2,2,4,3,2,3,3,3,3,3
6948792859,1,1,1,1,3,3,2,2,2,2,2,1,1,1,1,3,4,4,3,3,4,3,3,4,3,2,1,1,5,4,4,4,3,3,1,3,4,4,4,3,3,1,3,3,3,2,3,2,3,2,3,3
6948790989,3,4,4,2,3,3,3,3,2,2,2,2,1,3,2,4,5,4,2,3,4,4,4,4,3,2,1,2,3,4,3,3,4,4,3,2,3,3,4,4,4,1,3,3,3,3,3,1,3,1,3,3
6948790357,3,3,3,4,4,4,3,3,3,4,3,3,3,3,3,3,5,4,,,,,,,,,1,2,2,3,4,4,3,3,3,4,4,4,4,4,3,2,4,3,4,4,3,3,3,3,3,3
6948788893,3,4,3,4,5,4,4,3,3,4,3,3,3,3,3,4,2,4,5,5,3,5,5,5,4,1,1,1,3,4,3,2,4,4,3,2,2,2,5,4,2,1,3,3,3,3,3,1,3,1,3,3
6948788159,2,2,2,2,2,2,2,2,2,2,2,2,1,1,1,3,3,3,3,3,3,3,3,3,3,3,1,1,3,3,3,3,3,3,1,3,3,3,3,3,3,1,3,3,3,3,3,2,3,2,3,2
6948756355,4,4,1,1,1,1,1,4,4,4,4,3,3,4,3,3,3,3,3,3,3,3,3,3,3,3,1,1,3,3,4,3,3,3,1,3,3,3,3,3,3,1,3,3,3,3,3,3,3,3,3,3
6948754791,2,2,2,2,2,2,3,3,3,4,2,2,2,2,2,,,,1,4,2,4,4,5,1,1,2,,,,,,,,,,,,,,,,,,,,,,,,,
6948752656,3,3,3,3,3,3,3,3,3,3,3,3,3,3,3,4,4,4,4,4,4,4,4,4,4,1,1,1,3,3,4,3,4,3,2,3,3,3,4,3,3,3,3,3,4,4,3,2,3,3,3,3
6948751048,3,3,3,3,3,3,1,1,1,3,3,3,2,2,2,4,5,4,4,3,3,4,4,4,4,1,3,3,3,2,3,3,3,4,4,1,3,3,4,5,4,3,2,2,4,4,3,3,2,1,2,1
6948748993,3,3,3,2,2,2,3,3,3,2,2,2,2,2,2,4,5,4,2,3,4,4,4,5,3,3,2,3,4,5,5,4,2,4,4,4,3,4,4,3,3,3,3,3,3,3,3,2,3,2,3,2
6948747287,2,2,1,4,3,2,3,2,2,4,3,2,3,3,2,3,4,4,4,4,4,4,4,4,3,3,3,1,3,4,4,4,5,4,2,4,4,4,5,5,3,4,1,1,3,5,1,2,3,3,3,1
6948745823,4,4,5,5,4,4,4,4,4,4,4,3,3,3,4,4,4,4,3,4,4,4,3,5,3,3,1,2,4,3,5,4,4,4,5,3,3,3,4,4,3,1,3,3,3,3,3,1,2,3,3,3
6948744309,4,4,3,3,3,4,3,4,3,4,4,3,3,2,3,4,4,5,5,4,3,5,5,4,4,1,2,2,3,3,4,3,4,4,3,3,4,3,4,4,4,2,3,3,2,2,2,2,3,3,3,2
6948742656,3,3,3,2,2,3,5,5,5,4,3,3,5,3,3,3,5,5,1,4,4,4,2,4,3,1,1,3,5,5,5,4,5,3,3,3,3,3,4,4,3,1,3,3,3,3,4,1,2,1,2,1
6948731395,3,3,2,4,4,3,3,3,2,3,3,3,3,3,3,4,3,4,2,3,2,4,4,5,2,3,1,1,3,5,5,3,2,4,4,1,2,2,5,5,5,2,2,2,4,4,3,2,2,1,2,2
6948722483,2,2,2,3,3,3,3,3,3,4,4,4,3,2,4,4,4,4,3,4,4,4,4,4,3,3,2,2,4,4,4,4,4,2,3,2,4,3,4,4,3,3,3,2,3,3,3,3,1,1,2,3
6948718920,2,3,4,2,2,2,2,3,3,2,2,2,3,2,2,,,,4,2,4,4,4,5,4,3,1,,,,,,,,,,,,,,,,,,,,,,,,,
6948716744,1,1,1,2,2,2,2,2,2,2,2,2,1,2,2,4,4,4,1,2,4,3,4,4,3,2,2,2,3,4,4,3,3,4,3,4,4,4,3,3,2,3,2,2,3,2,2,3,2,3,3,1
6948714093,1,4,4,2,2,2,2,2,2,2,2,2,2,2,2,4,5,5,4,4,2,4,4,5,3,3,1,1,3,4,4,3,4,4,5,1,5,2,4,4,3,1,3,3,3,4,3,1,3,1,2,3
6948712233,3,4,4,4,4,4,4,4,4,4,4,4,4,4,5,4,3,4,4,4,4,5,5,5,2,1,1,3,3,2,2,2,2,4,4,4,4,5,4,3,2,3,3,3,4,3,3,3,3,3,2,3
6948710186,1,1,1,1,1,1,1,1,3,1,1,1,1,1,1,4,4,3,4,4,4,4,4,4,3,3,1,1,3,3,3,3,3,3,2,3,3,3,4,4,3,1,3,3,3,3,3,2,3,3,3,2
6948708312,3,3,2,4,4,4,3,3,3,4,4,4,2,3,3,4,3,4,4,4,3,4,4,4,3,3,1,1,3,3,3,3,4,4,4,2,2,2,4,4,4,2,2,2,4,4,3,3,3,1,3,3
6948706493,2,2,2,2,4,2,3,2,2,2,3,3,1,2,4,3,4,4,3,3,4,4,3,3,3,3,1,1,3,3,4,4,3,4,2,3,3,3,4,4,4,1,3,3,4,3,3,2,3,2,3,3
6948691653,2,3,3,2,2,2,2,2,2,3,3,3,3,3,3,3,4,4,3,3,3,4,4,4,3,3,2,1,3,3,3,3,3,4,1,4,3,3,4,4,3,1,3,3,3,4,3,2,2,3,3,3
6948681806,3,3,2,3,3,2,2,3,3,3,3,3,3,3,2,4,5,4,2,3,2,4,4,5,3,2,3,1,3,3,3,3,3,3,3,3,4,5,4,3,3,3,3,3,3,3,3,3,3,2,1,2
6948655563,3,3,3,3,3,3,3,3,3,3,3,3,3,3,3,,,,,,,,,,,3,1,,,,,,,,,,,,,,,,,,,,,,,,,
6948647714,2,3,2,3,3,3,3,3,3,4,4,3,2,4,4,4,4,4,3,4,2,4,3,4,4,3,2,1,4,4,4,4,3,4,3,4,4,4,4,4,2,2,3,3,3,3,3,2,3,2,3,1
6948511119,1,3,2,4,3,2,2,4,3,4,4,3,3,3,3,3,4,4,4,4,4,4,4,4,4,3,1,1,3,4,3,4,4,4,1,3,4,3,4,3,3,1,3,3,3,3,3,2,3,3,3,2
6948510157,3,2,1,2,4,2,2,2,1,5,4,5,1,1,1,3,5,4,4,4,2,4,4,5,4,2,3,4,2,4,2,2,2,2,5,2,2,2,4,2,1,5,2,2,4,3,2,2,2,1,2,1
6948509307,3,3,3,4,4,5,3,3,4,4,4,4,3,3,4,2,4,5,,,,,,,,1,2,1,3,3,3,3,4,4,2,2,4,2,5,5,3,2,3,2,4,4,3,3,3,1,2,1
6948508205,1,1,1,1,1,1,1,3,3,1,1,1,1,1,1,4,5,5,3,2,4,4,4,4,3,2,3,3,3,4,4,3,4,3,2,2,3,3,4,4,4,5,2,2,4,5,1,1,1,3,3,1
6948507689,3,3,2,3,3,2,3,2,2,2,2,2,1,2,2,,,,,,,,,,,3,2,,,,,,,,,,,,,,,,,,,,,,,,,
6948506700,3,3,3,4,4,4,4,5,3,4,4,4,4,4,4,3,3,4,4,5,3,4,4,4,4,3,1,1,4,4,4,4,4,4,2,4,3,3,4,4,3,1,3,3,4,4,3,3,2,1,3,3
6948504619,5,5,5,4,5,5,4,4,4,4,3,3,5,5,5,4,4,4,3,4,4,4,4,3,3,3,1,1,3,3,3,3,4,4,2,3,3,3,3,3,3,1,3,3,3,3,3,2,3,3,3,2
6948503888,2,2,3,2,2,2,4,4,4,2,3,3,4,3,4,4,5,4,4,2,2,4,4,4,4,3,1,2,3,3,3,3,4,4,4,2,3,3,4,4,2,2,2,2,4,4,3,1,2,1,2,1
6948502762,1,3,2,1,2,2,3,3,3,3,3,3,3,2,2,5,5,5,1,1,5,5,2,5,2,2,2,1,5,5,5,5,2,2,4,4,2,2,,4,2,5,1,1,5,2,5,2,3,2,3,1
6948501935,2,2,2,2,2,2,2,2,2,2,2,2,2,2,2,3,4,4,3,3,3,4,4,3,3,2,1,1,3,4,4,4,4,4,2,3,4,4,4,4,4,1,3,3,4,4,3,2,3,2,3,2
6948500862,2,3,2,3,3,1,3,3,2,2,2,1,2,2,1,4,4,4,2,4,4,4,4,4,4,3,2,1,3,4,3,3,4,4,3,3,4,3,3,4,3,3,3,4,2,3,3,3,2,3,3,3
6948500040,3,1,3,1,3,3,3,3,3,3,3,3,3,3,3,3,3,3,4,4,4,4,4,4,4,3,1,1,3,3,3,3,3,3,1,3,3,3,3,3,3,1,3,3,3,3,3,3,3,3,3,3
6948499253,3,4,3,3,3,3,3,4,3,3,3,2,2,4,3,2,3,4,4,4,4,4,4,4,4,1,1,4,2,2,2,2,4,4,1,3,3,3,4,4,4,4,2,2,3,4,2,1,1,1,3,1
6948498376,1,1,1,1,1,1,1,1,1,1,3,1,1,1,1,4,4,4,5,1,1,2,4,4,3,2,1,,,,,,,,,,4,4,4,4,4,4,2,2,4,4,2,,,,,1
6948497545,2,2,4,3,2,2,4,3,2,2,1,2,2,2,2,3,4,4,3,3,4,3,3,4,3,3,1,1,3,3,4,3,2,2,2,3,4,3,4,3,2,2,3,3,3,3,3,3,3,3,3,2
6948497011,3,,,,,,,,,,,,,,,,,,,,,,,,,1,2,,,,,,,,,,,,,,,,,,,,,,,,,
6948495759,2,2,1,1,3,3,2,2,2,2,2,2,2,2,2,4,4,4,2,3,4,3,3,4,3,1,1,1,3,4,4,4,3,4,2,2,3,3,4,4,3,4,3,2,4,4,3,2,3,1,3,1
6948494256,3,2,2,4,4,4,4,5,5,4,4,4,4,5,4,5,2,5,3,4,4,5,5,4,3,1,1,1,3,3,4,4,5,5,1,4,3,5,4,4,4,3,4,4,2,3,3,1,2,1,3,1
6948493327,3,4,3,4,4,4,4,4,4,4,4,3,4,4,3,4,4,5,4,2,3,4,4,4,3,3,1,2,3,4,4,3,4,4,2,2,3,2,4,4,2,1,3,3,3,3,3,2,3,1,3,3
6948492232,1,3,3,3,3,3,3,2,2,1,1,1,3,2,2,4,5,3,2,3,3,4,3,4,4,3,1,5,3,1,5,5,1,2,2,3,4,3,3,3,3,1,3,3,3,3,3,2,3,3,3,2
6948461651,3,3,3,4,3,3,3,3,3,4,4,3,3,4,3,4,4,4,2,3,3,4,4,4,3,1,1,1,3,4,3,4,2,3,2,4,4,3,4,3,3,2,3,3,4,2,3,3,1,1,2,1
6948085949,2,3,2,2,2,2,1,1,1,2,2,2,1,2,2,4,5,4,4,4,4,3,3,5,2,2,1,2,5,5,5,5,1,1,4,3,4,4,3,3,3,4,1,1,4,4,2,2,2,2,3,1
6948084829,5,4,4,4,3,3,3,4,4,3,3,2,4,3,3,5,5,4,4,3,2,4,4,5,3,2,3,4,5,5,5,4,2,2,4,4,5,5,3,2,3,3,3,3,2,2,5,3,2,3,1,3
6948083536,5,4,5,3,4,4,5,5,5,4,3,3,3,3,3,5,5,5,4,5,4,5,5,5,5,1,1,2,3,2,4,2,5,5,3,2,2,2,5,5,4,2,2,2,3,4,3,3,3,3,3,3
6948082295,3,3,4,4,3,4,3,3,4,4,3,3,2,3,3,4,4,4,4,4,4,4,4,4,3,3,1,1,3,4,3,2,4,4,3,3,4,4,4,4,3,3,3,2,3,3,3,1,2,2,3,1
6948080508,3,2,4,3,5,4,3,2,2,4,4,4,3,2,3,4,4,5,1,4,5,5,5,4,3,1,4,2,4,5,4,4,2,5,1,3,5,3,1,5,4,3,1,1,5,4,3,3,3,3,3,1
6948077266,2,1,3,3,4,4,4,3,3,4,4,3,1,3,4,4,5,4,2,4,2,4,4,5,3,3,2,3,3,4,4,4,3,4,2,3,4,3,5,4,3,2,3,3,4,4,3,3,2,3,3,1
6948076027,2,2,2,2,2,2,2,2,2,2,2,2,2,2,2,4,4,4,3,4,4,4,4,4,4,2,1,1,3,3,3,3,2,2,1,3,4,3,4,3,3,1,3,3,3,4,3,3,3,3,3,3
6948074916,3,3,3,3,3,3,3,3,3,3,3,3,3,3,3,4,4,4,2,2,2,2,2,5,3,2,1,3,5,5,5,5,2,2,4,4,4,5,3,2,3,4,4,4,2,4,4,2,3,2,3,2
6948071691,5,5,5,5,5,5,5,5,5,5,5,5,5,5,5,4,1,5,5,5,3,5,5,5,3,1,4,5,1,1,1,1,5,5,3,1,1,1,5,5,3,3,1,1,5,5,1,1,2,1,3,1
6948070295,3,2,2,2,2,2,2,2,2,2,2,2,2,2,2,4,4,4,4,3,4,4,3,4,3,,3,1,4,4,4,3,3,3,2,3,3,3,4,3,3,1,3,3,4,4,3,2,3,3,3,3
6948068890,3,4,4,4,4,4,4,4,4,4,4,4,3,4,4,5,4,5,5,5,4,5,5,5,4,3,1,2,3,5,5,3,5,4,2,2,2,2,5,5,2,1,3,2,5,4,2,3,3,3,3,3
6948067454,2,3,3,2,3,4,3,3,2,2,3,2,2,3,3,4,4,4,3,2,4,4,4,4,3,1,1,1,4,4,5,4,4,4,2,4,4,4,4,3,3,2,3,3,3,4,3,3,2,2,3,1
6948065388,1,1,1,1,2,2,1,1,1,1,1,1,1,1,1,4,5,4,2,3,3,2,2,5,2,2,3,2,3,5,5,5,4,4,3,4,5,5,1,1,1,5,2,2,3,3,2,2,3,2,3,1
6948063980,3,3,3,3,3,2,3,3,2,3,3,2,2,3,2,3,4,4,3,4,4,4,4,4,4,1,2,3,3,3,4,3,4,4,3,3,3,3,4,4,3,2,3,3,3,3,3,3,3,3,3,3
6948061858,4,4,5,4,3,3,4,4,3,3,3,3,2,3,4,4,5,4,4,4,4,5,4,4,4,1,1,3,4,3,4,4,5,4,4,2,2,2,4,4,2,1,3,2,4,4,3,1,2,1,2,3
6948059293,2,4,3,2,2,2,2,2,2,2,1,1,1,1,1,5,5,5,1,3,2,4,4,5,2,2,3,1,3,5,5,5,4,3,2,3,4,4,3,4,3,2,5,5,3,3,3,2,3,3,3,3
6948057874,3,3,1,1,1,1,1,1,1,3,3,3,3,3,3,5,4,4,2,3,4,5,5,5,5,2,3,3,3,4,4,3,5,5,5,2,3,3,5,5,3,5,3,3,3,3,3,3,2,1,3,3
6948056254,3,4,4,4,4,4,4,4,4,4,4,4,3,4,4,4,5,4,3,4,2,4,4,4,3,3,1,2,4,4,4,4,4,4,2,2,3,2,4,4,2,3,2,2,4,4,2,1,2,3,3,1
6948054705,4,4,2,5,4,3,2,3,2,4,3,4,4,4,4,,,,,,,,,,,,1,2,4,3,4,4,4,3,,,,,,,,,,,,,,2,2,,,
6948052325,2,2,3,3,3,2,3,3,4,3,2,2,2,2,3,4,4,5,4,5,2,4,4,4,4,3,2,3,2,4,2,2,4,5,3,3,2,3,4,4,2,2,3,2,3,4,3,1,2,1,3,1
6948020508,2,4,3,1,2,1,3,2,1,2,1,1,2,2,3,5,5,4,3,3,4,4,4,5,3,2,1,4,4,4,3,3,4,3,2,4,3,3,3,3,3,4,3,3,3,3,2,1,1,2,3,1
6948018409,1,1,1,2,2,2,1,1,1,2,1,1,2,1,1,5,5,4,1,3,2,4,4,5,3,2,2,2,3,3,3,3,2,4,3,2,4,4,4,4,3,3,2,2,3,4,3,2,2,3,2,1
6948016142,2,4,2,4,4,4,4,4,4,2,2,2,2,2,4,3,5,5,3,3,4,4,4,4,3,3,1,1,3,3,4,4,4,4,2,2,3,3,4,3,3,1,3,3,3,3,3,3,3,3,3,3
6948013471,2,2,2,3,3,3,3,3,2,3,3,2,2,2,2,3,4,4,3,2,3,3,4,3,3,3,1,1,3,3,3,3,4,3,2,3,3,3,3,3,3,1,2,2,4,5,2,3,3,3,2,3
6948011547,1,3,2,3,3,3,3,2,2,3,2,2,3,3,3,4,4,4,3,4,4,4,4,4,3,1,1,1,3,4,3,3,4,4,3,2,3,3,4,4,3,1,3,2,4,3,3,1,2,1,3,1
6948008993,4,4,4,5,5,5,5,5,5,5,5,5,5,5,5,4,3,4,4,4,4,4,4,5,5,1,2,4,5,5,5,5,5,5,4,3,3,4,4,3,3,3,3,3,3,3,3,1,1,1,2,1
6947769197,4,4,4,3,3,3,2,2,2,3,3,3,3,3,3,4,4,4,2,3,4,4,4,4,2,3,1,2,3,4,4,4,4,4,3,2,4,4,4,3,2,2,2,2,4,4,3,3,2,3,3,3
6947767101,4,4,4,4,4,4,3,3,3,4,4,3,4,3,4,4,5,4,1,4,4,4,4,4,4,1,2,2,4,4,4,3,4,4,3,2,2,2,4,4,3,5,1,1,4,4,2,1,3,1,3,1
6947766117,2,4,3,2,3,3,3,1,1,2,2,2,1,3,4,4,5,5,2,3,2,4,3,5,3,3,3,1,3,5,5,4,1,3,2,4,3,4,4,3,4,1,4,4,2,4,3,2,3,2,3,3
6947764954,2,3,3,3,3,3,3,3,2,3,2,2,3,3,2,4,5,5,4,2,2,5,5,5,1,1,2,3,3,3,3,3,3,3,4,3,2,2,4,4,3,2,3,3,3,3,3,1,2,1,1,1
6947763940,4,4,4,5,4,4,5,4,4,5,4,3,4,5,4,3,4,5,3,4,3,5,5,5,5,3,3,4,2,3,2,2,4,5,2,2,3,3,4,4,3,3,2,3,4,4,3,1,1,3,3,1
6947763117,5,5,5,5,5,5,5,5,5,5,5,5,5,5,5,3,4,4,4,3,3,4,4,4,3,1,1,4,3,3,3,3,4,4,4,2,3,3,4,4,2,3,3,3,3,3,3,3,1,3,3,3
6947762340,2,4,3,3,3,3,3,3,3,3,3,3,4,3,3,4,5,4,3,3,4,4,4,4,3,3,1,1,4,5,5,5,4,1,2,3,4,4,2,3,3,2,4,3,3,3,4,2,3,2,3,2
6947730214,3,4,4,3,3,3,2,4,4,4,4,3,3,3,3,4,4,5,4,4,3,3,4,4,3,2,1,3,3,3,3,3,4,4,3,4,4,3,4,4,3,3,2,2,4,2,4,3,1,3,2,3
6947728905,3,3,3,4,3,4,2,3,2,4,3,3,3,3,3,4,3,4,2,4,3,4,4,4,3,3,1,3,3,3,4,4,3,3,3,2,4,4,4,3,3,1,3,3,3,4,3,2,3,2,3,1
6947727383,3,3,3,2,3,2,2,2,3,3,3,2,2,2,2,3,3,3,3,3,3,3,3,4,3,1,1,1,3,3,4,4,3,3,3,3,4,4,4,4,3,1,3,3,4,4,3,3,3,3,2,3
6947725489,2,2,2,2,2,2,2,2,2,2,2,2,2,2,2,4,3,4,4,4,4,4,4,4,4,3,1,1,3,3,3,3,3,3,1,3,4,4,4,3,3,1,4,3,3,3,3,3,2,3,3,3
6947722323,2,2,1,2,2,2,2,2,2,2,2,2,1,1,2,4,3,4,4,3,3,4,4,4,3,3,1,1,3,4,4,4,3,4,3,2,4,4,4,4,3,1,2,3,4,4,3,3,3,3,3,2
6947720880,3,2,2,2,2,2,1,2,2,2,2,1,2,2,1,3,5,4,3,4,4,4,4,4,3,1,1,1,3,4,4,4,3,4,2,3,2,2,4,4,2,1,3,3,3,3,3,2,3,2,3,2
6947718708,3,5,4,3,4,4,4,3,4,3,4,3,2,4,4,4,4,4,2,4,3,4,4,4,4,,3,1,3,3,4,3,4,4,3,2,4,4,4,4,3,4,2,2,4,4,2,3,3,3,3,1
6947716268,1,1,1,1,1,1,1,1,1,1,1,1,1,1,1,1,1,1,1,1,1,1,1,1,1,3,1,1,1,1,1,1,1,1,1,1,1,1,1,1,1,1,1,1,1,1,1,2,3,2,3,2
6947714118,5,5,5,5,5,5,5,5,5,5,5,5,5,5,5,5,1,5,5,5,2,5,5,5,3,1,5,4,1,1,1,1,5,5,4,2,1,1,5,5,5,3,2,1,5,5,1,3,2,3,1,1
6947711441,2,3,2,2,2,2,2,1,2,1,2,1,1,2,2,3,5,4,3,2,2,4,4,5,3,2,3,2,4,5,3,3,3,3,2,4,4,4,4,3,3,2,3,5,3,4,3,3,3,3,3,3
6947708338,3,4,3,3,4,4,4,4,3,4,4,3,2,3,2,4,4,4,4,4,4,4,2,5,3,1,2,2,5,5,2,3,2,3,3,4,5,4,4,4,4,3,2,2,4,2,3,2,3,3,3,3
6947706873,2,3,2,2,2,1,2,2,2,3,3,3,1,1,1,4,3,5,3,3,4,2,3,4,2,1,2,3,4,3,4,4,4,3,2,3,4,4,4,4,3,4,2,2,4,4,2,1,1,1,2,1
6947704679,2,2,2,2,2,2,2,2,1,2,2,2,1,2,2,5,5,5,3,3,3,3,3,5,3,2,1,3,5,4,3,4,3,3,2,3,5,5,3,3,2,1,3,3,3,3,3,2,1,3,3,3
6947701473,4,3,3,3,3,3,3,3,3,3,3,3,3,3,3,4,4,4,4,4,4,4,4,4,3,1,1,2,4,4,3,3,4,4,2,2,3,2,5,4,3,1,3,3,3,3,3,2,2,2,3,2
6947697525,4,4,3,5,5,5,4,4,4,3,3,3,3,3,3,3,3,3,3,3,3,3,3,3,3,1,3,2,3,3,3,3,3,3,2,3,3,3,3,3,3,2,3,3,3,3,3,3,3,2,3,3
6947696123,2,4,4,3,3,3,3,3,3,3,3,1,3,3,3,3,4,4,4,3,3,4,4,4,3,3,1,1,3,4,4,3,4,4,3,2,2,2,4,4,3,3,2,2,4,4,2,2,3,1,2,3
6947392965,2,4,2,3,3,3,3,3,3,3,3,3,3,3,3,4,4,4,4,4,3,4,4,3,3,3,2,1,3,3,4,3,3,4,1,2,3,3,4,4,4,1,3,3,3,3,3,3,3,1,3,3
6947391733,2,2,2,2,2,2,2,2,2,2,1,1,2,2,2,4,5,4,1,3,2,4,4,4,4,3,1,1,3,4,4,3,4,4,3,3,4,4,4,4,2,2,3,3,3,3,3,2,3,1,3,1
6947391108,,,,,,,,,,,,,,,,,,,,,,,,,,1,3,,,,,,,,,,,,,,,,,,,,,,,,,
6947389851,2,2,2,2,3,3,3,3,3,3,3,3,3,3,4,4,4,4,4,4,2,4,4,4,4,2,4,1,1,1,4,1,4,4,4,3,4,4,4,3,3,3,3,3,4,4,3,2,3,2,3,1
6947387994,2,2,2,2,2,1,1,2,2,2,1,1,1,2,1,4,5,4,3,4,4,5,5,5,3,2,3,1,3,4,3,3,2,4,1,3,3,4,4,,3,2,3,3,3,3,3,2,3,3,3,3
6947387071,2,2,2,2,2,2,2,2,2,2,2,2,2,2,2,3,4,4,3,3,4,4,4,4,3,3,3,1,4,4,4,3,3,3,1,3,4,4,4,3,2,2,3,3,2,2,3,3,3,3,3,3
6947385647,4,4,4,3,3,3,3,3,3,3,3,3,3,3,3,5,5,5,4,4,5,4,4,5,3,3,1,3,3,2,4,2,4,4,2,2,2,4,4,4,4,5,2,3,3,4,3,1,2,1,3,1
6947384017,2,4,3,3,3,3,2,2,2,2,3,3,3,4,2,4,5,5,4,3,4,4,4,4,4,1,2,3,2,2,2,2,5,5,3,3,3,3,4,4,4,3,2,2,4,4,2,3,2,3,3,1
6947382976,1,2,2,2,2,2,2,2,2,2,2,2,2,2,2,3,3,3,3,3,3,3,3,3,3,3,1,1,3,4,4,3,3,3,1,3,3,3,3,3,3,1,3,3,3,3,3,3,3,3,3,3
6947381248,3,4,3,3,4,3,2,2,1,2,1,1,2,3,2,4,5,5,2,4,4,4,4,4,3,1,3,2,5,5,5,5,1,5,4,2,2,2,4,3,4,2,4,3,4,4,4,2,3,1,3,1
6947380629,,,,,,,,,,,,,,,,,,,,,,,,,,3,1,,,,,,,,,,,,,,,,,,,,,,,,,
6947379840,2,3,5,5,5,5,5,5,5,5,5,5,5,5,5,,,,5,5,5,5,5,5,5,3,1,3,3,2,3,2,3,5,,,,,,,,,,,,,,3,1,,,
6947378928,3,3,3,3,3,3,3,3,3,3,3,3,3,3,3,3,3,4,4,4,4,4,4,4,4,3,1,1,3,3,4,3,4,4,3,3,2,3,4,4,3,1,3,3,3,3,3,2,2,3,1,1
6947364981,2,2,2,3,3,2,2,3,2,3,3,2,3,2,2,4,5,4,2,3,2,2,4,4,2,3,1,1,3,4,3,3,2,2,3,2,2,2,4,4,4,1,2,2,4,4,4,3,3,3,2,2
6947364123,3,4,3,3,2,2,3,3,2,2,3,1,3,3,3,,,,3,4,4,4,3,4,2,3,3,,,,,,,,,,,,,,,,,,,,,,,,,
6947363268,1,2,2,3,3,3,2,1,1,3,2,1,2,2,2,4,5,4,4,2,3,4,1,4,1,1,1,3,3,4,4,3,2,3,3,3,4,4,3,3,1,3,2,4,2,2,3,2,3,2,3,3
6947362650,,,,,,,,,,,,,,,,,,,,,,,,,,,1,,,,,,,,,,,,,,,,,,,,,,,,,
6947361706,4,5,4,3,4,4,5,4,4,3,4,3,5,4,4,4,4,5,4,4,4,5,4,4,4,1,3,3,3,4,4,2,5,5,3,3,4,3,4,3,3,3,3,3,4,5,3,3,3,3,3,1
6947359283,1,4,3,3,3,3,3,3,3,3,2,1,3,3,3,4,4,4,3,3,3,3,4,4,2,2,3,3,3,4,4,4,3,4,3,3,4,4,3,4,2,3,3,3,3,3,4,3,2,1,2,1
6947000153,3,3,2,4,3,3,4,4,4,4,3,3,3,3,3,4,4,4,2,4,3,4,4,4,4,1,1,3,3,4,2,3,4,4,3,2,4,3,4,4,4,2,2,2,4,4,3,1,2,1,3,1
6946999089,3,2,2,3,3,3,3,3,3,3,3,2,2,3,3,4,5,4,2,2,1,4,3,5,5,2,3,2,2,3,3,3,2,2,3,2,2,4,4,4,3,1,3,4,3,3,3,2,3,3,3,3
6946997925,3,4,3,3,3,3,3,2,2,4,3,4,3,3,3,4,3,4,2,3,4,4,4,5,3,,1,1,3,3,3,3,3,4,4,2,3,4,3,3,3,4,2,2,4,5,2,2,2,1,2,1
6946997286,4,4,3,3,3,3,3,3,3,3,3,3,3,3,3,,,,,,,,,,,3,2,,,,,,,,,,,,,,,,,,,,,,,,,
6946996370,3,3,3,2,2,2,1,1,1,2,2,2,1,1,1,5,5,5,4,4,4,4,2,5,3,,1,1,4,5,4,5,3,3,4,3,4,5,3,3,2,4,4,4,3,4,5,2,2,2,3,2
6946995349,3,4,4,4,4,4,4,4,4,4,4,4,4,4,5,4,4,5,3,4,4,4,4,4,3,3,1,4,5,4,3,4,5,5,4,3,3,3,5,4,3,3,2,3,3,3,3,3,3,3,3,3
6946993526,3,4,2,3,4,3,3,4,3,4,4,3,3,4,3,4,5,4,3,3,3,4,4,4,4,3,3,2,3,4,4,2,4,4,2,4,4,4,3,3,3,4,2,2,4,4,3,3,3,3,3,3
6946896808,1,1,1,1,1,1,1,1,1,1,1,1,1,1,1,5,5,3,1,1,1,,1,5,1,2,2,3,5,5,5,5,1,1,4,3,5,5,4,4,2,1,4,4,3,2,4,2,2,1,3,2
6946894306,4,3,3,4,4,3,3,3,3,3,3,3,3,3,4,3,3,4,4,4,3,4,4,5,3,3,2,1,3,3,4,3,4,4,2,4,1,3,4,4,3,1,3,3,4,3,3,3,1,1,3,3
6946892816,2,3,3,1,1,1,2,2,1,1,2,1,2,2,1,,,,3,1,2,2,2,5,2,2,1,,,,,,,,,,,,,,,,,,,,,,,,,
6946891262,3,3,3,3,3,3,3,3,3,3,3,3,3,3,4,4,3,4,4,4,3,4,4,2,3,1,1,2,5,4,4,3,4,4,3,2,3,4,4,4,4,2,3,3,3,3,3,2,3,2,1,2
6946889776,4,4,4,5,4,4,4,4,4,4,4,4,4,4,4,3,3,4,3,4,4,4,4,3,3,1,3,3,4,3,3,3,4,4,2,3,4,4,4,3,4,3,2,2,4,4,2,1,1,2,3,1
6946884857,4,4,3,4,4,4,4,4,4,4,4,3,4,4,4,5,4,5,3,4,4,4,4,5,3,1,1,2,3,4,4,3,4,5,4,2,2,2,5,5,4,4,2,2,4,4,3,3,3,1,2,1
6946883630,4,4,4,4,4,4,4,4,4,4,4,3,4,4,4,4,4,4,4,4,3,4,4,4,4,1,1,3,3,3,3,3,4,4,4,3,3,3,4,4,3,3,3,3,3,3,3,2,3,2,3,1
6946882172,4,4,4,3,4,4,3,3,3,4,4,2,2,4,4,4,4,4,5,4,4,4,4,4,4,1,1,4,4,3,3,4,3,4,3,2,2,2,4,4,3,3,2,3,4,3,2,2,3,1,3,1
6946879942,4,4,5,4,4,4,4,4,5,4,4,3,4,3,5,2,4,5,4,4,2,5,5,4,3,3,1,1,3,3,3,2,4,3,1,2,2,2,4,4,4,1,2,2,4,4,3,2,3,1,3,3
6946742831,2,3,2,3,3,3,3,3,3,3,3,3,3,3,3,4,4,4,3,4,2,4,2,4,1,3,1,3,4,4,4,4,1,4,3,4,4,4,4,2,2,1,3,3,3,3,3,2,2,3,1,2
6946742021,4,5,5,5,5,5,5,5,5,5,5,5,5,5,5,4,4,4,4,4,4,4,4,4,4,1,1,1,3,3,3,3,4,4,4,2,3,3,4,4,3,4,2,2,4,4,3,2,3,1,3,3
6946740972,,,,,,,,,3,4,4,3,3,4,4,4,5,5,3,4,4,5,5,5,4,,,3,3,4,3,3,2,4,3,2,2,2,4,4,4,4,2,2,4,4,2,3,1,1,2,1
6946739593,2,2,2,2,3,2,2,2,3,3,3,3,2,2,3,4,4,4,4,4,4,4,4,4,4,1,1,1,4,4,4,4,4,4,2,2,4,4,4,5,3,1,3,3,4,4,4,2,2,2,3,3
6946738484,2,3,3,3,3,3,3,3,2,2,2,2,2,2,2,3,4,4,2,2,3,3,3,3,3,3,1,1,4,4,4,4,2,4,2,3,3,3,4,4,3,1,3,3,3,3,3,3,3,1,2,3
6946737162,3,3,3,3,3,3,3,3,3,3,3,3,3,3,3,5,5,5,3,3,2,4,3,4,3,1,3,,,,,,,,,,,,,,,,,,,,,,,,,
6946736097,5,5,5,5,5,5,5,5,5,5,5,5,5,5,5,4,4,5,5,5,5,5,5,5,5,1,1,2,3,3,4,3,4,4,2,3,3,3,3,3,3,1,3,3,3,3,3,1,2,1,3,1
6946735108,2,3,2,2,2,1,1,1,1,2,1,1,2,2,1,4,4,4,1,2,4,3,4,4,3,2,1,1,1,3,3,3,2,4,4,4,4,3,4,4,3,2,3,3,3,3,3,3,3,2,3,3
6946734321,2,3,3,1,2,2,2,2,2,1,1,1,4,4,4,,,,,,,,,,,2,1,,,,,,,,,,,,,,,,,,,,,,,,,
6946589637,4,4,4,2,2,4,4,4,4,3,4,3,4,4,4,5,4,5,4,3,4,5,5,5,3,,1,3,1,2,3,3,5,5,5,2,2,3,5,5,3,1,3,3,4,4,3,1,2,1,3,3
6946589608,3,3,3,3,3,3,3,3,3,3,3,3,3,3,3,4,4,4,3,3,3,3,3,4,3,3,1,1,3,3,3,3,3,3,2,3,3,3,4,4,3,1,3,3,3,3,3,3,3,3,3,3
6946588901,1,3,2,1,1,2,1,1,1,1,1,1,1,1,1,4,2,3,4,3,3,4,2,3,3,1,1,1,5,4,4,4,1,3,1,3,4,5,4,4,2,1,3,3,3,3,3,2,2,2,3,2
6946588875,1,1,1,1,1,4,3,3,3,1,1,1,1,1,1,4,5,4,2,3,4,4,2,4,1,3,1,1,5,5,4,5,5,3,2,3,3,3,3,3,3,2,2,2,4,3,3,3,2,3,3,3
6946588448,1,1,1,2,2,1,2,2,1,2,1,1,1,1,2,,4,,,,,,,,,2,1,,,,,,,,,,,,,,,,,,,,,,,,,
6946588193,3,3,3,3,3,3,4,3,2,2,2,2,1,2,2,3,4,4,3,4,4,4,4,4,4,3,1,,4,5,4,4,4,4,3,4,2,4,5,4,1,3,3,2,5,3,3,2,2,3,3,2
6946587636,3,3,3,2,3,3,3,3,3,3,3,3,3,3,3,3,5,4,3,1,4,4,3,5,1,1,1,1,,,,,,,,,,,,,,,,,,,,2,3,2,,2
6946587356,2,2,2,2,2,2,2,2,2,2,2,2,2,2,1,4,4,4,1,2,4,4,4,4,1,1,1,1,3,3,3,3,3,3,3,3,3,4,4,4,4,3,3,2,2,3,4,3,3,3,3,1
6946586671,4,4,4,4,4,4,4,4,4,4,4,4,4,4,5,5,3,5,1,5,5,5,4,5,4,1,4,1,3,3,3,3,3,3,2,2,2,2,5,5,3,5,1,1,5,3,3,2,3,2,3,1
6946586125,3,3,3,3,3,4,3,3,3,3,3,3,3,3,3,4,4,4,4,3,4,4,4,4,3,3,1,2,3,3,4,3,4,4,5,2,2,2,4,4,3,1,3,3,4,3,3,3,3,1,2,1
6946585546,2,3,3,1,2,2,2,1,1,1,1,1,1,1,1,5,5,3,1,3,5,4,4,5,3,3,2,3,3,5,5,3,1,3,4,5,5,5,3,3,1,5,3,3,3,1,5,2,3,2,3,2
6946584969,1,2,2,1,2,1,2,2,2,1,2,1,1,1,1,4,5,3,1,1,1,3,3,5,1,2,3,2,5,5,5,5,1,1,3,3,3,4,3,3,3,3,3,3,3,3,3,3,2,2,3,3
6946584818,2,3,3,5,5,3,3,3,3,5,5,5,3,3,3,4,3,5,5,4,4,5,5,4,3,1,1,1,4,2,2,2,5,5,2,2,3,2,4,3,2,3,3,3,4,3,3,1,3,1,1,1
6946583955,1,3,2,2,2,2,2,2,2,2,2,2,1,2,2,3,5,3,3,3,3,3,3,3,3,3,1,1,4,4,3,3,3,3,1,3,3,3,3,3,3,1,3,3,3,3,3,3,3,3,3,3
6946583813,2,2,2,2,1,1,2,2,2,2,1,1,1,1,1,4,3,4,2,3,4,3,3,4,3,3,2,2,,4,3,2,4,4,2,2,3,3,4,4,4,1,3,3,3,4,3,3,3,1,3,3
6946513673,3,4,3,3,4,3,4,3,3,3,3,2,2,2,2,3,4,4,4,3,4,3,3,3,3,3,3,,1,4,2,3,4,4,3,2,3,3,4,4,3,1,3,3,3,3,3,3,3,3,3,3
6946511637,3,3,3,4,3,4,4,4,4,4,3,3,4,3,3,4,4,4,2,2,2,4,2,4,2,2,3,3,4,5,4,5,4,3,3,3,3,2,4,4,2,3,2,3,4,3,3,2,3,2,3,2
6946260193,3,3,3,3,4,3,3,3,3,3,3,3,2,3,2,3,2,4,3,4,3,4,4,3,3,1,2,1,3,3,3,3,3,4,2,2,3,3,4,4,4,2,2,2,4,4,3,3,3,1,3,1
6946258184,5,5,5,5,5,5,5,5,5,5,5,5,5,5,5,4,5,5,1,4,1,5,5,4,3,3,1,1,3,1,2,2,1,1,5,2,4,3,5,5,3,4,2,2,5,2,1,2,3,1,3,1
6946255870,4,4,4,5,5,5,5,5,5,5,5,5,5,5,5,5,1,5,5,5,3,5,5,5,3,1,2,3,2,4,4,2,5,5,5,1,1,1,1,5,5,5,2,2,5,5,1,1,2,1,2,1
6946253329,3,3,3,3,3,3,3,3,3,3,3,3,3,3,3,4,4,4,2,3,3,3,4,5,3,2,3,3,3,3,3,3,3,3,4,3,5,5,3,3,3,3,3,3,3,3,3,2,3,2,3,3
6946252003,4,4,4,4,4,4,4,4,4,4,4,4,4,4,5,4,2,5,5,4,3,5,5,4,3,1,2,1,3,3,3,5,5,,2,2,2,3,5,5,5,2,3,3,4,3,3,1,3,3,3,3
6946250964,2,3,3,4,3,3,4,4,3,4,4,3,4,3,3,4,4,4,4,4,2,5,5,4,4,1,2,2,3,3,2,2,5,5,4,2,2,2,4,4,4,4,3,3,4,4,2,1,3,1,2,1
6946249196,2,3,3,2,3,3,3,3,3,3,3,3,2,2,2,5,4,4,3,3,4,4,4,4,3,3,1,1,3,4,3,3,3,4,2,4,4,4,3,4,2,1,3,3,3,3,3,3,2,3,3,3
6946247015,3,4,3,3,3,3,3,3,2,3,3,3,3,3,3,3,4,4,3,4,4,3,2,3,2,2,2,4,4,4,5,5,2,4,4,3,3,4,4,4,3,2,3,3,4,4,4,2,3,1,3,1
6946167103,3,3,3,3,3,4,3,3,4,3,3,3,2,3,3,4,4,4,2,4,4,4,4,3,3,1,3,2,3,4,2,3,5,4,3,2,2,2,4,4,2,3,2,2,3,5,4,1,3,1,3,1
6946164683,3,4,4,2,3,4,3,4,3,3,3,3,3,3,4,4,4,4,4,4,3,4,4,4,4,3,2,1,3,3,3,3,4,4,3,2,2,2,4,4,3,3,2,2,4,4,3,1,2,1,2,1
6946161348,4,4,5,4,5,5,5,5,5,5,5,5,5,5,5,4,2,5,5,3,3,5,5,5,3,3,1,1,3,3,3,2,5,5,2,2,2,2,5,5,3,1,3,3,4,3,3,1,3,1,3,1
6946157221,1,3,3,2,3,2,1,2,1,2,2,1,1,2,2,4,5,4,3,2,3,4,4,5,4,3,2,1,3,4,4,3,2,4,3,3,3,4,4,4,3,2,3,3,3,3,3,2,2,1,2,1
6946154289,1,2,,1,3,3,3,1,1,2,2,2,2,2,1,3,5,4,3,4,4,3,3,4,3,2,1,1,3,2,3,3,3,3,2,2,4,3,4,4,3,1,2,2,3,4,3,3,2,3,3,1
6946149478,2,3,3,3,3,3,4,4,4,5,4,4,4,4,4,4,3,4,3,4,2,4,4,4,4,1,1,2,3,3,3,3,5,4,3,3,3,3,4,4,3,1,3,3,3,3,3,1,2,1,2,1
6946147157,1,2,1,2,1,1,2,2,1,1,2,1,1,1,1,2,5,4,3,3,4,4,4,4,1,2,1,1,5,5,5,5,3,3,3,3,5,4,4,4,3,1,3,3,3,3,5,2,3,2,3,2
6946144634,3,3,2,3,3,3,3,3,3,3,3,3,3,3,3,4,2,4,4,4,3,4,4,4,4,1,1,2,3,4,4,4,4,4,3,1,3,3,4,4,4,4,1,1,3,3,3,2,3,1,3,1
6945891488,4,4,4,4,4,4,4,4,4,3,3,2,4,4,4,4,5,4,3,4,4,4,4,5,3,1,3,2,2,2,3,2,4,4,4,2,3,3,4,4,4,2,2,2,2,4,4,3,2,1,2,1
6945889965,3,3,3,3,3,3,3,3,3,3,3,3,3,3,3,4,5,4,2,3,4,4,4,4,4,1,2,2,4,4,4,4,3,4,3,2,3,2,4,4,3,3,2,2,3,4,2,2,2,1,3,1
6945888906,3,3,3,3,3,3,4,3,3,2,2,2,3,3,3,,,,,,,,,,,2,1,,,,,,,,,,,,,,,,,,,,,,,,,
6945887634,1,1,1,1,1,1,1,1,1,1,1,1,1,1,1,5,5,2,1,1,1,4,2,5,1,2,4,4,5,5,5,5,4,3,5,3,5,5,1,1,1,5,5,5,1,1,5,2,2,2,3,2
6945886504,2,2,2,2,1,1,1,1,1,2,2,1,1,1,1,4,4,3,2,2,4,4,3,4,2,3,1,1,4,3,3,4,3,3,2,3,4,3,3,3,3,2,3,3,2,3,3,2,3,2,3,2
6945885329,2,2,2,2,2,2,2,2,2,2,2,2,2,2,2,4,4,4,2,4,4,4,4,4,3,2,1,2,4,4,4,4,4,4,3,3,4,4,4,4,3,3,3,3,4,4,4,1,3,1,3,1
6945884181,2,2,2,5,5,5,3,3,3,3,3,2,2,2,2,4,3,5,3,5,4,4,4,4,3,2,1,1,3,3,1,3,4,4,3,5,3,3,4,4,1,1,3,3,4,3,3,2,3,2,3,3
6945882081,3,4,3,5,4,4,3,3,3,3,3,3,3,3,3,4,4,4,3,4,4,4,4,4,3,3,1,1,3,3,3,3,3,3,2,3,3,3,4,4,3,1,3,3,3,3,3,3,3,3,3,3
6945880499,1,2,3,1,2,2,3,3,2,1,1,1,3,2,2,4,5,4,2,2,3,3,3,5,3,3,1,3,4,5,4,4,2,4,3,3,4,4,4,3,3,3,3,3,3,3,4,2,3,2,3,3
6945876874,2,2,2,1,2,2,1,1,1,2,1,1,2,2,1,3,1,4,3,2,5,4,3,4,3,1,2,4,3,5,5,5,2,3,5,2,2,2,5,5,5,4,3,3,3,4,3,2,3,1,2,3
6945874059,2,2,2,3,3,3,2,2,2,3,2,2,3,3,2,4,4,5,4,3,3,5,5,5,3,1,3,3,4,4,4,4,3,4,3,2,4,2,4,4,2,4,2,2,4,4,2,2,2,3,3,1
6945872667,4,4,3,3,3,2,3,3,3,3,4,3,3,3,2,4,3,4,2,4,2,4,4,4,3,3,1,3,3,2,2,2,4,4,2,3,4,4,3,3,3,2,2,2,4,4,2,1,1,2,3,1
6945870973,2,3,2,2,2,2,1,1,1,2,2,2,3,3,3,4,5,4,1,2,4,4,4,4,3,2,,2,5,5,5,5,1,1,3,2,4,3,4,3,3,3,3,3,3,3,3,2,2,1,1,2
6945868936,2,2,2,3,2,3,3,3,2,2,2,1,2,2,1,4,5,4,3,2,4,3,3,4,4,2,2,1,3,4,4,4,1,2,3,3,4,5,4,3,3,1,3,3,3,3,3,2,3,2,3,2
6945867319,4,4,3,3,4,4,2,2,2,3,3,3,3,3,3,4,4,4,4,4,4,4,5,5,4,1,1,4,5,5,5,5,1,1,4,5,5,2,4,4,4,2,2,3,3,4,2,2,3,2,3,3
6945865748,3,4,3,3,3,3,4,4,4,3,3,3,4,4,4,3,4,4,4,3,3,4,4,4,4,3,1,1,3,3,3,3,4,4,1,3,4,4,4,4,4,1,4,3,3,3,3,2,3,3,3,2
6945864732,5,5,5,5,5,5,5,5,5,5,5,5,5,5,5,5,2,5,4,4,4,4,5,4,4,1,5,5,2,2,2,2,5,5,5,2,2,2,5,5,5,5,2,2,5,5,3,1,1,1,1,1
6945771977,2,2,2,4,3,3,4,4,3,4,3,4,3,3,4,4,4,5,2,4,3,4,4,5,2,2,1,2,5,5,5,5,1,2,4,2,3,3,5,4,4,2,3,2,4,3,3,2,3,1,1,1
6945769093,1,1,2,2,2,2,3,1,2,2,2,2,1,1,2,,,,,,,,,,,2,1,,,,,,,,,,,,,,,,,,,,,,,,,
6945765963,1,1,2,2,2,1,1,2,1,1,1,1,1,1,2,4,4,4,3,2,4,4,4,4,3,2,1,2,4,2,3,4,4,4,1,2,2,3,4,4,3,3,2,2,4,5,2,2,2,1,3,1
6945762450,1,1,1,3,3,3,1,2,1,3,3,2,2,2,2,4,4,5,3,3,2,4,4,4,3,1,3,4,2,3,2,3,4,4,4,3,3,3,3,,3,3,2,2,4,4,3,3,2,3,3,1
6945759082,3,4,3,2,3,2,4,3,3,2,2,2,3,3,3,4,3,4,4,3,4,3,3,4,4,3,3,2,3,3,4,3,4,4,3,2,2,2,4,4,4,2,3,3,4,4,3,3,3,3,3,3
6945753660,2,2,2,2,2,2,2,1,2,2,2,2,2,2,2,4,4,4,2,3,4,3,2,4,2,1,1,1,4,4,4,4,1,2,5,3,3,2,4,4,3,1,4,4,2,3,4,2,3,1,2,2
6945749841,1,2,3,3,3,2,3,3,2,3,3,2,3,3,2,5,5,4,2,2,2,3,4,4,3,1,2,3,4,4,4,4,4,4,4,3,3,4,4,4,3,3,2,3,3,4,3,2,3,2,3,1
6945491577,3,3,3,4,4,4,3,3,3,3,3,3,3,3,3,4,4,4,4,4,4,4,4,4,4,1,1,1,3,3,3,2,3,4,3,3,3,4,4,4,3,1,3,3,3,3,3,3,3,1,3,2
6945489960,4,3,2,2,2,2,3,2,2,3,3,3,3,2,3,5,2,4,1,2,2,4,4,5,4,1,2,3,5,5,5,5,1,2,3,4,3,3,4,3,3,2,4,3,3,3,3,2,2,2,3,3
6945488925,3,3,3,2,2,2,2,2,2,2,2,2,2,2,2,4,3,4,4,4,,4,4,3,3,3,1,1,3,3,3,3,3,3,2,3,3,3,4,3,3,2,3,2,4,3,3,1,2,1,3,3
6945484811,4,4,5,5,5,5,5,5,5,5,5,5,5,5,5,4,1,5,5,5,4,5,5,5,5,1,1,3,3,4,4,3,5,5,4,2,2,2,5,5,5,3,2,2,5,5,2,1,2,1,2,1
6945483564,1,3,1,2,2,1,1,1,1,2,1,1,1,1,1,5,5,5,2,2,1,4,4,5,3,2,2,5,5,4,4,5,2,4,4,3,4,3,3,3,2,2,3,3,3,3,3,3,2,3,2,3
6945482225,2,2,3,2,3,3,3,3,2,3,3,3,2,2,2,4,4,4,2,2,3,4,4,4,3,3,1,1,3,4,3,3,2,4,3,2,4,4,4,4,3,1,3,3,3,3,3,3,3,1,3,1
6945480813,4,3,3,4,4,4,4,4,4,4,4,4,3,3,3,4,2,4,4,4,4,4,4,5,3,1,2,2,2,2,2,2,5,5,5,1,2,2,5,5,5,4,2,2,4,4,2,1,2,1,2,1
6945479131,3,3,3,2,3,3,3,3,4,3,3,,1,3,3,4,3,4,3,3,2,4,4,4,3,3,1,1,3,3,4,3,4,4,2,3,4,4,3,3,3,1,3,3,3,3,3,3,2,2,3,2
6945476052,1,1,1,1,1,,,,,,,,1,,,5,5,5,5,2,2,4,4,5,1,3,5,5,3,5,4,4,2,2,4,3,2,3,3,4,3,5,2,2,4,3,4,,1,1,2,1
6945473463,4,4,3,3,4,3,3,3,3,4,4,3,2,5,5,5,5,5,2,4,4,5,5,4,1,2,2,4,3,4,5,4,2,4,5,1,3,3,5,5,2,2,3,4,3,5,3,2,3,1,2,2
6945471288,4,4,4,4,4,4,4,4,4,4,4,4,4,4,4,5,5,5,5,5,3,5,5,5,4,1,1,1,3,3,3,3,3,3,3,1,1,1,5,5,5,2,1,1,5,5,3,1,3,1,2,1
6945469617,4,4,4,4,4,4,4,4,4,4,4,4,4,4,4,,,,,,,,,,,1,1,,,,,,,,,,,,,,,,,,,,,,,,,
6945357761,3,4,4,4,4,3,3,3,3,4,3,3,2,2,2,4,4,5,3,4,4,4,4,4,3,1,2,3,3,2,2,3,4,5,4,2,4,2,5,5,5,3,2,2,4,4,3,2,3,1,2,3
6945346677,1,2,2,2,3,2,2,1,1,3,3,1,2,3,3,4,5,4,2,4,4,5,4,4,3,1,1,3,3,3,4,4,4,2,4,2,3,3,4,3,3,3,3,2,3,3,4,3,1,1,2,1
6945339362,2,2,2,3,3,3,2,2,2,4,4,3,3,3,2,4,4,4,4,4,3,4,4,5,4,3,2,4,2,4,2,3,4,4,4,2,2,2,4,4,4,4,2,2,4,4,2,1,3,1,3,1
6945333858,1,3,3,3,3,3,3,3,3,2,2,2,3,3,3,3,4,3,3,2,3,3,3,3,3,2,3,3,3,4,3,3,3,3,3,3,3,3,3,3,3,3,3,3,3,3,3,3,3,3,3,3
6945330465,2,3,3,3,3,3,3,3,4,3,3,2,2,3,2,4,4,4,2,4,4,4,3,4,4,1,2,3,3,4,4,3,3,4,3,3,3,3,4,3,3,3,3,3,3,4,3,3,3,3,3,3
6945096694,4,3,3,4,4,4,4,4,4,4,4,4,4,4,4,4,3,4,1,3,4,4,4,4,3,1,1,2,2,3,5,3,5,4,3,4,5,4,4,3,4,2,4,4,3,3,3,3,2,3,3,3
6945095461,3,3,3,3,3,3,3,3,3,3,3,3,3,3,3,4,3,4,3,4,4,4,4,4,3,3,1,2,3,3,4,3,4,4,2,2,3,3,4,4,3,3,3,2,3,3,3,3,3,3,3,1
6945093820,4,5,5,4,5,5,4,4,4,4,4,4,4,4,4,3,3,4,4,3,3,4,4,4,3,3,1,1,3,3,3,3,4,3,2,3,3,3,5,4,3,1,3,2,4,4,3,3,2,3,3,3
6945090035,1,4,3,5,4,3,3,3,3,4,4,3,2,4,3,4,4,4,,4,2,4,3,4,1,3,2,2,4,4,2,2,2,2,3,2,,2,4,4,3,3,3,3,3,4,3,1,2,1,1,3
6945087838,2,2,2,2,2,2,2,3,2,2,2,2,2,2,2,5,5,5,4,4,5,4,4,4,3,1,1,1,3,4,4,3,3,5,4,3,2,2,5,5,5,1,3,3,4,4,3,1,2,1,2,1
6945086238,2,2,2,3,3,3,2,2,3,3,2,2,1,1,1,4,5,4,3,4,4,4,4,4,3,,2,1,5,5,5,2,4,4,3,4,4,4,3,3,3,2,3,3,3,3,3,3,2,3,3,3
6945075683,2,2,2,4,3,3,3,2,3,4,3,2,3,3,2,3,4,4,4,4,4,4,4,5,4,3,3,2,4,3,4,3,4,4,3,3,4,3,4,4,3,2,3,3,4,4,3,2,3,1,2,3
6945073672,2,2,2,2,2,2,2,2,2,2,2,2,2,2,2,4,,4,3,3,3,4,3,4,,3,2,2,3,3,3,3,4,4,1,3,3,3,3,,4,1,3,3,3,3,3,1,3,1,3,3
6945071639,3,3,3,3,3,3,3,3,3,3,3,3,3,3,3,4,4,4,4,4,4,4,4,4,3,1,1,3,4,4,4,3,4,4,3,3,3,3,4,,3,1,3,3,3,3,3,2,3,1,2,3
6945069066,3,3,4,4,4,4,3,3,3,3,3,3,3,3,3,4,4,4,4,4,4,4,4,4,4,1,1,1,4,4,4,3,4,4,3,2,2,2,4,4,4,3,2,2,4,4,3,1,3,1,3,1
6945066152,2,2,2,2,2,2,2,2,2,2,2,2,2,2,2,5,4,4,2,3,1,,4,4,4,2,2,,2,4,3,3,2,2,2,2,2,3,3,3,3,2,3,2,3,3,3,2,2,1,3,1
6941915788,2,4,3,4,3,4,2,3,2,3,4,3,2,3,3,4,4,5,4,5,4,4,4,3,4,3,2,1,3,4,3,3,4,4,2,3,3,3,4,4,3,4,2,2,3,5,2,2,2,1,3,1
6941781008,2,3,3,2,2,3,4,3,2,3,2,2,2,3,3,4,5,4,1,3,2,3,3,4,3,3,1,1,3,5,5,3,3,4,3,2,2,2,5,5,1,1,2,2,3,3,3,2,2,1,2,1
6941005128,,,,,,,,,,,,,,,,,,,,,,,,,,,,,,,,,,,,,,,,,,,,,,,,,,,,
6940815398,,,,,,,,,,,,,,,,,,,,,,,,,,2,2,,,,,,,,,,,,,,,,,,,,,,,,,
6940155468,3,3,2,1,1,1,2,2,2,1,2,1,1,2,2,5,5,4,1,4,4,4,3,5,1,2,2,3,4,5,5,4,2,4,4,3,3,4,4,4,2,5,2,2,3,2,2,2,3,1,3,1
6937754838,1,2,1,3,1,1,1,1,1,3,2,1,1,1,1,4,4,4,4,4,4,4,4,4,4,1,2,2,3,4,2,2,3,4,3,2,3,3,4,4,4,4,2,2,4,4,2,1,3,1,1,1
6936574728,3,4,4,4,5,3,4,4,4,5,5,4,5,5,5,4,2,5,4,5,2,5,5,5,4,1,3,3,2,4,2,3,5,5,3,3,5,4,4,4,3,5,1,1,5,4,2,1,1,1,3,1
6934585817,2,3,3,2,2,2,2,2,2,2,3,1,1,1,1,4,4,4,4,4,2,4,4,4,3,3,1,1,3,4,3,3,4,4,3,4,4,4,4,3,2,3,2,2,4,4,3,1,3,2,3,1
6934559667,1,3,2,2,3,3,2,2,2,2,2,1,2,2,1,4,5,5,3,4,4,4,4,5,3,3,3,1,3,3,4,3,3,3,4,3,3,2,4,4,4,4,2,2,3,4,2,1,2,1,2,1
6934348442,3,4,3,4,3,3,4,4,4,3,3,3,3,3,3,4,3,4,2,4,2,4,4,4,4,1,2,3,2,2,2,2,4,4,3,2,2,3,4,4,2,2,3,2,4,4,2,1,1,1,3,2
6934185982,1,2,2,2,2,1,3,2,2,2,2,1,2,2,2,3,3,4,1,3,3,3,4,3,3,3,1,1,3,3,3,3,4,4,2,3,3,3,4,4,3,1,3,3,3,3,3,1,3,1,3,1
6933987919,3,2,2,2,2,2,2,2,2,2,2,2,2,2,2,3,3,4,2,4,3,4,4,4,3,1,1,1,3,3,3,3,4,4,2,3,3,3,3,4,3,1,3,3,4,3,3,2,3,1,3,1
6933706763,2,4,4,2,3,3,2,3,3,2,3,2,2,3,3,4,4,4,2,3,1,5,4,4,4,2,3,1,4,4,4,4,3,4,2,2,3,3,4,4,3,3,2,2,4,4,3,1,2,1,3,1
6933503691,1,1,1,1,1,1,1,1,1,1,1,1,1,1,1,5,5,3,3,3,5,4,4,5,1,2,1,3,5,5,3,5,2,3,3,3,3,3,2,3,3,5,,1,5,5,5,1,3,1,3,1
6933154498,4,4,4,5,5,5,4,5,5,4,4,4,4,4,5,4,2,5,5,5,4,5,5,4,3,1,2,3,2,2,2,1,5,5,4,1,2,2,5,5,4,3,2,2,4,4,1,1,3,1,2,1
6933133137,3,3,3,3,3,3,,3,3,3,3,3,3,3,3,4,4,4,3,4,2,4,4,4,3,3,1,1,3,4,3,3,4,5,4,2,4,2,4,4,4,1,2,2,3,4,3,1,3,1,2,1
6932752643,4,4,3,4,3,4,4,4,4,4,4,4,4,4,4,4,4,4,4,4,3,4,4,4,3,3,1,1,3,3,3,3,3,3,1,3,3,3,5,4,3,1,3,3,4,3,3,2,2,2,3,2
6932751625,,,,,,,,,,,,,,,,,,,,,,,,,,3,3,,,,,,,,,,,,,,,,,,,,,,,,,
6932688717,3,2,2,3,3,2,3,3,3,2,2,2,2,2,2,3,3,4,4,4,4,4,4,4,4,3,1,1,3,3,3,3,3,4,3,3,4,4,4,4,4,1,3,2,4,4,3,2,3,1,1,2
6932441494,1,1,1,1,1,1,1,1,1,1,1,1,1,1,1,,,,,,,,,,,2,4,,,,,,,,,,,,,,,,,,,,,,,,,
6932293849,4,4,4,4,4,4,5,,5,4,4,4,5,4,4,4,3,4,4,4,3,4,4,4,4,3,1,1,3,4,,3,4,4,2,2,3,3,4,3,3,2,3,3,4,4,3,2,2,2,3,2
6932088242,3,5,4,5,5,5,5,5,5,4,4,3,4,5,4,3,4,5,5,4,3,5,5,5,4,1,3,4,3,4,4,2,4,4,3,3,3,4,4,4,3,2,3,2,4,3,3,2,2,2,3,2
6931894923,1,2,1,2,2,2,4,4,4,3,4,2,4,2,2,4,5,4,5,4,3,4,4,5,4,1,1,3,4,5,4,2,1,4,4,2,4,4,4,4,1,3,2,2,3,3,4,1,2,1,2,1
6931885688,,,,,,,,,,,,,,,,,,,,,,,,,,3,1,,,,,,,,,,,,,,,,,,,,,,,,,
6931787072,2,2,2,5,5,5,3,3,3,3,4,4,2,2,2,5,2,5,5,5,1,5,5,4,4,1,3,1,3,1,3,3,5,5,5,1,1,2,5,5,5,1,3,,4,4,3,1,3,1,2,1
6931585020,2,3,4,2,2,2,1,3,2,2,3,2,3,3,2,4,5,4,3,4,4,4,4,4,3,2,3,3,2,4,4,3,4,4,4,1,3,2,4,4,4,2,3,3,3,4,3,1,3,1,3,1
6931498222,3,5,3,3,4,4,3,3,4,5,5,5,4,3,5,4,4,5,3,4,4,4,4,4,3,1,2,2,4,3,5,2,4,5,3,3,4,3,4,4,2,1,2,2,4,4,2,2,2,2,3,1
6931279978,3,4,3,3,3,3,3,2,3,3,3,3,3,3,3,4,4,5,3,4,4,4,4,4,3,3,2,2,4,4,3,4,5,5,2,4,2,3,5,5,4,1,3,3,4,3,3,1,1,1,1,1
6930958766,1,2,1,2,2,2,1,2,1,1,1,1,3,4,3,5,5,4,2,2,2,4,4,5,3,2,3,4,4,3,4,4,4,2,4,3,4,2,4,3,3,4,2,2,4,2,3,1,1,1,2,1
6930668529,2,3,3,3,2,3,2,3,3,3,2,3,2,2,2,3,2,2,3,2,2,3,3,2,3,1,1,2,3,2,3,2,3,3,3,3,2,3,3,3,3,3,2,4,3,3,3,1,1,1,2,2
6930465140,3,3,3,4,4,2,2,2,2,4,4,2,2,3,2,4,3,4,2,4,2,4,4,4,4,1,1,4,3,2,4,4,4,4,4,2,4,4,4,4,2,4,2,2,4,4,2,1,1,1,3,1
6930456202,3,3,3,3,3,3,,3,4,3,3,3,3,,3,4,4,4,4,4,3,4,4,4,3,3,1,1,4,4,4,4,4,4,3,,3,3,,4,,3,,3,3,3,3,2,3,1,3,2
6930330199,3,4,3,2,2,2,2,1,2,3,3,2,2,4,4,4,4,4,3,3,3,4,4,4,4,2,1,3,5,5,4,3,3,2,4,3,3,3,4,4,3,4,1,1,5,2,2,2,3,1,2,1
6930202534,3,4,4,5,5,4,4,4,4,4,4,4,3,5,5,4,2,5,5,5,1,5,5,5,5,3,1,2,3,3,3,3,4,5,5,1,1,1,5,5,5,1,3,2,3,4,3,1,3,1,2,1
6930096244,3,3,4,3,4,4,4,4,4,4,4,3,4,3,3,,,,,,,,,,,1,3,,,,,,,,,,,,,,,,,,,,,,,,,
6930079051,2,3,3,3,3,3,3,2,2,2,2,2,3,3,4,4,5,4,4,2,3,3,3,4,2,1,2,3,4,2,4,4,4,4,3,3,4,4,4,4,3,2,3,3,3,3,3,1,1,1,3,1
6929947545,2,4,4,2,2,3,4,4,3,3,2,2,3,3,4,4,5,4,2,4,5,4,4,5,4,1,1,3,4,4,3,4,4,4,3,3,3,3,4,4,4,2,3,3,3,4,4,2,1,1,2,1
6929858535,1,3,2,3,4,3,3,3,3,3,3,2,2,2,2,4,4,4,3,2,4,4,4,4,3,3,2,1,3,3,2,3,4,4,2,3,3,2,4,4,3,1,3,3,4,4,3,2,3,1,3,1
6929566355,5,,,5,5,5,5,5,5,5,5,5,5,5,5,4,2,5,4,5,5,4,5,4,4,1,2,3,3,3,3,2,5,5,3,2,5,3,5,5,3,1,3,2,4,3,3,1,1,1,3,1
6929551675,4,4,4,4,4,4,4,3,4,4,4,4,3,4,4,3,4,4,4,4,4,4,4,4,4,1,2,3,3,2,2,3,3,4,3,3,3,3,4,4,3,3,3,2,4,4,3,1,3,1,3,1
6929344611,1,1,1,1,1,1,1,1,1,1,1,1,1,1,1,5,5,5,1,1,1,5,5,5,1,1,1,5,5,5,1,5,1,1,5,5,5,5,5,5,1,5,1,1,5,1,5,2,3,2,3,2
6929143264,2,4,4,3,3,3,2,2,2,3,2,2,2,2,2,4,5,4,2,4,5,5,5,5,3,3,3,3,3,5,5,5,3,4,4,4,5,5,4,3,3,3,3,3,3,3,4,1,2,1,3,1
6928839973,3,4,4,2,2,2,3,2,2,2,2,2,2,2,2,,,,,,,,,,,3,1,,,,,,,,,,,,,,,,,,,,,,,,,
6928802489,3,3,2,3,3,3,3,3,2,3,3,3,3,3,3,3,2,5,4,3,3,4,4,4,3,3,3,1,3,3,4,4,4,3,3,3,3,3,3,3,3,2,2,2,4,3,3,2,2,1,2,1
6928795921,1,2,1,2,2,2,1,1,1,2,2,2,2,2,3,4,5,4,4,4,3,4,4,5,3,2,2,2,4,4,4,4,3,4,2,3,3,3,4,3,3,4,3,3,3,4,2,2,3,1,3,1
6928735471,1,2,3,3,3,3,3,3,3,3,3,2,2,3,3,4,4,4,4,4,4,4,4,4,3,1,2,2,3,4,3,3,4,4,3,2,3,3,4,4,3,3,2,2,3,3,2,1,3,1,1,1
6928713560,4,4,4,5,5,5,5,4,4,5,5,5,5,5,5,5,5,5,1,5,1,4,4,5,1,1,4,5,4,4,4,4,4,4,4,3,5,5,3,2,4,3,4,4,2,4,4,2,1,2,3,1
6928704976,3,3,3,4,3,4,3,3,4,4,3,3,4,4,4,4,3,4,4,4,4,4,4,3,4,1,2,2,3,3,3,3,4,4,3,3,3,3,4,4,3,3,3,3,4,4,3,2,3,2,3,2
6928541618,3,3,2,3,3,3,3,3,2,4,3,2,3,3,2,4,4,4,2,3,4,4,4,4,4,1,2,1,3,4,4,3,4,4,3,2,2,2,4,4,4,2,3,2,4,4,2,2,2,1,3,1
6928526475,2,3,2,3,2,3,2,3,2,2,3,3,2,1,1,,,,,,,,,,,2,1,,,,,,,,,,,,,,,,,,,,,,,,,
6928506433,4,4,3,4,4,4,3,4,5,4,3,4,3,3,5,4,4,5,4,4,5,5,4,5,4,1,3,1,3,3,4,3,4,4,4,3,3,3,4,3,3,2,3,3,3,3,3,1,3,1,1,2
6928504611,4,3,4,4,4,4,4,4,4,4,4,4,4,4,5,3,3,5,4,5,3,4,4,4,3,1,3,2,3,3,3,3,3,3,2,3,3,3,4,4,3,1,3,3,4,3,3,1,2,1,3,1
6928482714,3,2,3,3,4,4,3,2,2,2,2,2,3,3,3,2,3,4,2,2,4,4,4,4,3,2,1,2,3,3,4,2,2,3,3,3,4,4,4,4,2,4,2,2,3,4,2,1,3,1,2,1
6928473662,3,4,4,4,4,3,3,4,2,3,3,2,3,3,3,4,5,4,4,2,4,4,5,5,4,1,3,1,4,5,4,4,4,4,3,2,2,2,5,5,4,5,2,1,4,5,2,2,3,1,3,1
6928311009,3,2,2,2,2,2,1,1,1,3,3,3,1,2,3,5,2,5,4,4,2,4,4,5,4,1,2,2,3,4,2,2,4,5,5,2,2,2,5,5,3,4,2,2,4,4,2,2,2,1,2,2
6928285300,4,4,4,4,4,4,4,4,4,4,4,4,4,4,4,2,3,5,4,4,4,5,5,3,3,1,1,1,3,3,3,3,5,5,3,2,2,2,5,5,3,1,3,2,3,4,2,2,3,1,1,1
6928282907,3,3,4,4,4,4,3,3,2,4,4,4,2,2,2,5,4,5,4,4,5,5,5,5,4,3,3,4,2,4,4,2,5,5,5,2,2,2,5,5,4,4,2,2,4,4,2,1,1,1,2,1
6928248814,1,1,1,2,2,2,3,2,2,3,3,2,3,3,2,4,4,4,3,3,4,4,3,4,3,1,2,3,4,3,4,4,1,4,4,2,3,3,4,4,3,4,2,2,3,3,3,2,2,1,3,1
6928220423,2,2,2,2,2,2,2,2,2,2,2,1,2,3,1,3,4,5,4,3,4,4,4,3,3,1,3,2,3,3,4,3,4,4,2,3,3,3,4,4,3,3,3,3,3,3,2,1,2,2,1,1
6928200982,1,2,1,2,2,1,1,1,1,2,1,1,2,2,2,4,4,4,2,2,2,3,3,4,4,3,2,1,3,5,4,3,2,4,3,3,3,3,4,3,3,1,3,3,3,4,3,2,2,1,3,1
6928197304,3,3,2,3,3,2,2,2,2,4,3,3,3,3,2,4,4,4,4,3,2,4,4,4,1,3,2,1,3,4,5,3,2,4,2,4,3,3,4,4,3,2,2,2,4,2,3,2,2,1,3,1
6928055902,3,3,2,3,3,3,3,3,2,2,2,2,3,2,3,4,4,4,4,3,2,4,4,4,3,3,2,1,3,4,3,3,3,3,1,3,3,3,3,,3,1,3,3,3,3,3,2,3,2,3,1
6928055608,2,2,2,2,2,1,2,2,1,2,2,1,1,1,1,5,5,4,2,3,1,4,4,5,1,2,3,2,3,4,3,3,3,2,4,3,4,3,4,4,3,3,3,3,2,3,4,1,2,1,1,1
6928052617,1,1,2,1,1,3,2,2,2,2,2,1,2,2,3,4,5,4,1,3,2,3,3,3,3,2,2,1,3,3,5,3,4,4,2,3,3,3,4,4,4,1,3,3,3,3,3,2,3,1,3,2
6928043253,,,,,,,,,,,,,,,,,,,,,,,,,,3,,,,,,,,,,,,,,,,,,,,,,,,,,
6928029902,3,3,3,3,3,3,3,3,3,3,3,3,3,3,3,4,4,4,1,4,3,3,4,4,2,1,1,3,4,5,5,5,4,4,3,2,3,3,4,3,4,3,3,3,3,4,3,2,2,2,3,2
6928014492,2,2,1,2,,2,2,2,,,,,,,,,,,,,,,,,,1,1,,,,,,,,,,,,,,,,,,,,,,,,,
6927954841,2,3,3,3,3,2,3,3,3,4,4,4,3,3,3,,,,,,,,,,,1,1,,,,,,,,,,,,,,,,,,,,,,,,,
6927954250,2,2,2,2,2,2,2,2,2,2,2,2,2,2,2,4,5,4,3,4,4,4,4,4,4,2,2,2,3,3,4,3,4,4,1,3,3,4,4,3,,1,3,3,3,3,3,1,2,1,3,1
6927948667,2,3,2,2,2,1,1,2,2,2,2,1,1,2,2,4,4,3,4,3,3,4,3,4,2,3,2,3,3,4,3,3,3,4,1,4,4,4,3,3,2,2,4,4,3,3,4,1,2,2,3,2
6927942980,5,5,5,5,5,5,5,5,5,5,5,5,5,5,5,4,5,4,5,4,3,4,4,5,4,1,1,1,3,3,3,3,4,4,4,2,2,2,4,4,3,4,2,2,4,4,2,2,3,1,2,1
6927914142,1,2,2,3,3,3,2,1,1,2,2,1,1,2,1,4,4,4,2,4,4,4,4,4,3,1,2,1,3,3,2,3,4,4,3,3,4,4,3,3,2,1,3,3,3,4,3,2,2,2,3,1
6927913113,1,2,4,3,4,4,2,3,3,2,2,2,2,3,3,4,4,4,4,3,2,4,4,4,3,2,2,1,3,3,4,3,4,4,2,2,2,3,4,4,4,4,2,2,2,2,2,1,3,1,3,1
6927899941,3,3,2,2,2,2,2,2,2,3,3,3,2,2,2,3,4,4,1,3,3,3,4,5,2,1,1,4,3,3,5,4,3,3,4,2,3,3,3,3,3,4,2,2,2,4,3,2,1,2,3,2
6927866573,2,3,,3,4,4,3,3,3,3,4,4,3,3,3,4,3,5,4,4,,5,5,,3,1,2,2,3,3,2,3,4,5,4,2,2,1,,5,4,3,2,1,5,4,2,1,3,1,3,1
6927857741,4,5,5,3,4,5,3,3,3,5,5,4,4,4,5,4,4,4,4,4,4,4,3,3,3,3,3,1,3,5,3,3,4,4,3,2,4,3,4,5,3,2,3,4,3,3,3,2,2,1,3,1
6927775381,3,3,3,4,4,4,3,3,3,4,4,4,3,4,4,4,3,4,3,4,5,4,4,4,3,1,3,4,3,3,3,4,5,4,4,3,3,3,4,4,4,4,2,2,3,4,3,1,1,1,3,1
6927608649,3,3,4,4,3,4,3,3,3,4,4,4,3,3,4,3,4,4,4,4,4,4,4,4,3,2,3,2,3,3,4,3,4,4,4,3,3,3,4,4,3,2,2,2,4,3,3,1,3,1,3,1
6927564241,2,3,2,2,3,3,4,4,4,3,3,3,4,4,3,3,4,4,2,3,3,4,4,4,3,3,2,2,3,4,3,3,3,3,3,2,3,3,4,4,4,3,3,3,3,3,3,,3,1,3,1
6927545653,4,4,4,4,4,4,4,4,4,4,4,4,4,4,4,3,5,4,4,4,4,4,4,4,4,1,1,3,3,5,5,5,1,2,2,3,3,3,4,4,3,2,2,2,4,4,4,2,2,1,3,1
6927471449,2,3,3,3,3,2,3,3,3,3,3,3,4,4,4,4,5,5,4,4,4,4,4,4,4,1,1,1,5,5,5,5,2,3,5,1,1,1,5,5,5,1,3,3,3,4,5,2,3,1,2,1
6927238205,1,2,2,1,1,1,2,2,1,2,1,1,2,2,1,4,4,4,1,1,2,4,4,5,2,2,3,3,4,5,5,4,4,4,5,4,4,4,4,2,1,5,1,1,2,2,4,1,2,2,3,1
6927085272,1,1,2,1,2,1,2,2,2,2,2,2,2,2,1,4,4,3,2,2,3,3,4,4,3,2,2,2,4,4,4,3,4,3,4,1,1,1,5,5,1,3,3,3,3,3,3,1,2,1,1,1
6926902789,2,3,4,2,2,1,3,2,2,2,2,1,2,3,2,4,3,5,2,4,4,5,5,4,4,2,2,1,3,5,3,2,3,4,4,3,3,3,4,4,1,3,2,2,3,3,3,1,3,1,2,1
6926883676,3,3,3,4,4,4,4,5,5,4,4,5,4,4,5,4,3,5,4,5,3,4,4,4,4,1,3,1,3,3,3,3,5,5,4,2,3,3,5,4,3,1,3,3,4,4,3,1,2,1,3,1
6926684241,1,3,2,3,2,1,3,3,2,3,1,1,3,3,2,4,5,4,4,1,5,4,4,4,3,2,1,4,4,5,2,2,1,4,5,3,2,2,3,3,1,5,3,2,3,3,2,2,2,1,1,1
6926133812,1,4,4,2,2,2,2,2,2,1,1,1,2,2,2,4,3,4,4,4,4,3,3,4,3,3,3,3,4,4,4,4,3,4,4,2,3,5,4,4,2,4,3,3,3,3,4,1,2,1,2,2
6925691377,1,3,2,2,2,2,2,2,2,2,2,2,2,2,1,3,4,4,3,4,2,4,4,3,3,3,1,2,3,4,3,5,4,4,3,3,3,3,3,3,3,1,3,3,3,3,3,2,3,1,3,1
6925479410,4,4,4,5,5,5,5,5,5,5,5,5,5,5,4,4,1,5,5,4,1,5,5,5,3,1,2,1,1,3,3,1,4,4,5,1,1,1,5,5,5,4,2,2,5,5,1,1,2,1,2,1
6925475963,4,4,4,4,4,4,4,4,4,4,4,4,4,4,4,,,,,,,,,,,,1,,,,,,,,,,,,,,,,,,,,,,,,,
6925475627,3,4,4,5,4,4,4,4,4,4,4,4,3,3,3,4,4,5,4,4,4,5,5,4,4,1,2,1,3,2,4,3,4,5,2,3,4,3,4,3,4,1,3,3,4,4,3,2,3,2,3,2
6925411481,3,3,3,4,4,4,4,4,3,4,4,3,,3,3,3,2,5,5,5,2,5,5,4,3,1,2,2,3,3,2,2,5,5,4,1,4,2,5,5,3,2,3,3,4,4,3,1,3,1,2,1
6925391133,4,4,4,4,4,4,4,4,4,4,4,4,4,4,4,4,5,4,3,3,4,5,5,4,3,1,1,4,4,4,1,1,1,2,4,2,3,,5,4,4,2,3,2,4,4,2,1,3,1,1,1
6925351988,3,3,2,2,2,2,3,2,2,3,2,1,2,2,5,4,5,4,2,4,2,4,4,4,3,2,2,3,3,3,4,3,4,2,3,3,3,3,3,3,2,3,4,4,3,4,3,1,3,1,2,1
6925276018,3,3,3,4,4,4,3,3,3,4,4,3,3,3,3,3,4,5,1,4,5,5,5,4,3,1,4,4,2,4,2,2,3,4,4,2,3,2,4,4,3,3,3,3,3,4,3,1,2,1,2,1
6925148928,4,3,,,,,,,,,,,,,,,,,,,,,,,,,3,,,,,,,,,,,,,,,,,,,,,,,,,
6925117930,2,1,1,1,,1,,2,1,,,,2,2,,4,5,3,1,1,4,3,1,4,4,2,4,5,5,5,5,5,1,1,2,2,3,3,4,3,3,4,3,3,4,3,3,2,2,1,3,2
6925112112,1,2,1,2,2,2,1,1,1,2,2,2,1,1,1,5,5,5,1,3,1,4,3,5,1,2,3,5,5,5,5,5,1,1,5,1,5,5,3,1,1,5,5,5,3,3,5,2,3,2,1,2
6925090735,4,5,4,4,4,3,4,5,3,4,5,3,3,3,4,5,1,5,4,4,4,4,4,4,2,2,3,3,3,2,2,3,5,5,5,1,2,1,5,5,4,4,1,2,3,4,2,1,3,1,2,1
6925029626,3,4,4,3,3,3,3,2,2,3,2,2,2,3,2,4,4,4,4,4,3,4,4,4,3,1,1,2,3,2,3,2,4,4,3,2,4,2,4,4,4,2,3,3,4,4,3,1,1,1,3,2
6924889661,4,4,4,4,4,4,4,4,4,4,4,4,4,4,4,4,2,4,4,4,2,4,4,4,4,1,3,3,2,2,2,2,4,4,3,3,3,3,4,4,3,3,2,2,4,2,3,1,2,1,3,1
6924789209,2,2,2,2,2,1,1,2,1,2,1,1,2,2,1,4,4,4,2,2,4,3,4,4,3,2,2,1,3,3,3,3,2,4,3,2,3,3,4,3,3,2,3,3,3,4,3,2,3,1,1,1
6924648234,3,3,3,3,3,3,2,2,2,3,2,2,3,3,3,,,,,,,,,,,3,2,,,,,,,,,,,,,,,,,,,,,,,,,
6924604682,5,5,5,5,5,5,5,5,5,5,5,5,5,5,5,5,5,5,5,5,4,5,5,5,5,3,1,2,4,5,4,,5,5,3,1,1,1,5,5,5,4,1,1,5,5,1,1,3,1,3,1
6924597547,1,2,2,1,1,1,2,2,2,2,2,2,1,1,1,4,5,4,2,1,3,4,4,4,2,2,2,3,4,4,4,4,2,4,2,3,5,4,4,4,3,3,4,4,3,2,4,2,3,1,3,2
6924548198,2,2,5,5,5,5,5,5,5,5,5,5,5,5,5,5,1,5,5,5,5,5,5,5,3,1,2,4,1,1,1,1,5,5,5,1,1,1,5,5,5,5,1,1,5,5,1,1,1,1,2,1
6924513479,2,2,2,3,4,4,3,2,2,3,4,2,4,4,2,3,3,4,4,4,4,4,4,4,4,3,1,3,2,2,4,2,3,4,1,4,3,4,4,4,2,1,2,4,2,4,2,1,2,1,3,1
6924372074,2,2,2,2,2,2,2,2,2,1,1,1,2,2,2,4,5,4,1,3,4,2,2,4,3,3,3,2,3,5,5,5,3,2,2,4,4,4,4,3,2,4,3,3,3,3,3,2,3,1,3,1
6924359661,4,3,4,4,4,4,3,3,2,3,3,3,3,3,3,4,4,5,2,3,4,5,5,5,4,2,4,1,3,2,4,3,4,4,5,1,1,2,5,5,3,3,2,2,3,4,4,2,2,1,2,1
6924334238,3,3,4,3,3,3,3,3,3,4,4,4,3,4,4,4,4,4,3,3,3,4,4,5,4,1,1,2,3,3,2,3,3,3,3,3,3,3,4,4,3,3,2,3,4,4,3,2,3,1,3,2
6924333898,,,,,,,,,,,,,,,,,,,,,,,,,,1,1,,,,,,,,,,,,,,,,,,,,,,,,,
6924327658,1,4,2,2,3,3,2,2,3,2,3,3,2,3,3,,,,,,,,,,,2,2,,,,,,,,,,,,,,,,,,,,,,,,,
6924319094,1,1,1,1,1,1,1,1,1,1,1,1,1,1,1,5,5,1,1,1,1,1,1,5,5,2,1,1,5,5,5,5,1,1,5,2,5,4,2,1,1,5,3,3,3,3,3,2,3,2,3,2
6924303569,3,3,3,4,4,4,4,3,3,4,3,3,3,3,3,4,4,4,2,4,2,4,4,4,3,3,1,3,4,4,4,4,2,3,3,2,2,2,4,4,3,1,2,2,3,4,3,1,2,1,1,1
6924255499,4,4,3,3,3,4,4,3,3,3,3,4,3,3,4,4,5,5,4,4,5,4,5,5,4,1,4,3,5,4,4,4,4,5,4,2,2,2,5,5,4,4,2,2,4,4,2,2,3,1,2,1
6924252974,3,3,3,3,3,3,3,3,3,3,3,3,3,3,3,3,4,4,3,3,4,4,3,3,3,1,3,1,3,3,4,3,3,4,2,3,3,3,3,3,3,2,3,3,3,3,3,,,,3,
6924251283,3,3,3,3,3,4,4,3,3,4,4,4,3,2,2,,,,,,,,,,,1,3,,,,,,,,,,,,,,,,,,,,,,,,,
6924246168,2,,,,,,,,,,,,,,,,,,,,,,,,,3,1,,,,,,,,,,,,,,,,,,,,,,,,,
6924239246,4,4,4,4,4,4,4,4,4,4,4,3,4,4,5,4,2,5,4,4,2,4,4,4,4,1,3,1,3,2,3,2,4,4,5,2,2,2,4,4,3,3,3,2,3,4,2,1,3,1,2,1
6924231184,3,2,2,2,2,,,2,,2,,,3,,3,3,4,4,3,3,2,3,3,4,4,3,1,1,1,,3,3,3,4,2,3,3,4,3,3,3,1,3,3,3,3,3,2,3,2,3,2
6924226818,4,3,3,4,4,4,4,4,4,4,4,3,4,4,4,3,4,4,4,4,4,4,4,4,3,1,1,1,3,4,4,3,4,4,3,3,4,3,4,4,4,3,3,3,4,4,3,2,3,2,3,2
6924224030,3,3,3,3,3,3,3,3,3,4,4,4,3,3,3,4,4,4,4,4,3,4,3,4,2,1,2,3,3,5,,3,3,3,3,3,3,3,,3,3,3,3,3,3,3,3,2,3,1,3,1
6924223908,3,4,3,4,3,3,4,3,3,4,3,2,3,4,4,4,5,4,2,3,2,4,4,5,3,3,1,1,3,4,4,4,2,3,5,2,2,2,4,4,3,2,2,2,4,4,3,2,3,1,2,2
6924215880,2,2,1,2,2,2,2,2,1,2,2,2,1,1,1,,,,,,,,,,,3,1,,,,,,,,,,,,,,,,,,,,,,,,,
6924211132,1,2,2,3,3,3,1,1,1,1,1,1,1,1,1,4,5,4,1,1,1,1,1,5,1,1,4,4,5,5,5,5,1,1,4,5,5,5,2,3,1,5,3,3,1,1,4,2,3,1,1,2
6924209904,3,3,3,3,3,3,3,2,,4,3,3,1,2,2,5,5,4,3,4,4,4,4,5,2,1,1,5,4,4,4,3,2,4,5,3,3,3,2,4,3,4,2,2,4,4,2,2,2,2,3,1
6924194655,1,2,2,1,1,1,1,1,1,1,1,1,1,1,1,4,5,4,1,1,4,4,4,5,1,2,2,2,5,5,5,5,2,2,5,3,4,2,4,3,2,3,3,3,2,3,2,2,3,1,2,1
6924101928,2,2,2,3,3,2,2,2,2,2,2,1,2,2,2,4,4,5,2,4,4,4,4,5,3,3,1,1,4,5,5,5,4,4,5,3,4,4,4,3,3,2,3,4,3,3,4,2,2,1,1,1
6924100619,2,2,,3,3,2,,4,,3,2,3,2,2,2,,,,,,,,,,,1,1,,,,,,,,,,,,,,,,,,,,,,,,,
6924088968,1,2,2,2,1,2,3,2,2,2,1,1,3,3,2,5,5,4,1,2,4,5,5,5,3,2,1,1,3,3,3,3,3,3,3,3,3,3,3,4,3,3,4,4,3,3,3,1,3,1,3,1
6924079621,3,4,4,5,5,5,4,4,4,5,5,4,3,3,3,4,4,,4,4,4,4,4,4,4,1,1,1,3,5,3,3,4,5,3,2,4,3,5,5,5,3,2,4,4,4,4,2,3,2,3,2
6924077360,5,4,4,5,5,5,4,4,4,5,5,5,5,5,5,5,4,5,4,3,3,5,5,4,4,1,1,2,3,3,3,3,5,4,5,5,2,2,5,5,3,5,2,2,5,5,2,2,1,1,3,1
6924077001,2,4,4,5,5,5,4,4,3,5,5,5,4,3,3,,,,,,,,,,,3,1,,,,,,,,,,,,,,,,,,,,,,,,,
6924072627,4,3,3,3,3,3,3,3,3,3,3,3,3,3,3,4,5,4,1,3,2,4,4,5,4,3,3,2,4,4,3,4,3,3,3,2,3,4,4,3,2,1,3,3,3,3,3,2,3,1,2,2
6924068010,3,4,4,3,3,3,5,5,4,3,3,3,4,4,5,,,,,,,,,,,1,1,,,,,,,,,,,,,,,,,,,,,,,,,
6924044928,3,4,4,3,3,2,4,4,4,3,3,2,3,2,4,4,5,5,4,4,2,4,4,4,2,1,1,4,2,4,2,3,4,4,3,4,3,4,4,4,2,4,2,2,3,4,3,1,1,1,3,1
6924025722,2,3,2,3,2,2,2,3,2,3,3,3,2,2,2,4,5,4,4,4,4,4,4,5,4,1,2,2,4,4,5,4,3,4,3,2,5,4,4,4,4,2,4,3,3,4,4,1,2,1,1,1
6924025410,,,,,,,,,,,,,,,,,,,,,,,,,,3,1,,,,,,,,,,,,,,,,,,,,,,,,,
6924025148,,,,,,,,,,,,,,,,,,,,,,,,,,3,1,,,,,,,,,,,,,,,,,,,,,,,,,
6923978329,1,3,3,3,3,2,3,1,1,5,4,4,2,2,2,5,5,5,1,4,1,4,4,5,2,3,4,3,3,5,4,3,2,2,3,4,4,4,4,3,1,5,1,2,3,2,2,2,2,1,1,1
6923974560,3,3,3,3,3,3,4,3,3,3,3,3,3,3,3,4,4,4,4,4,3,4,4,3,3,1,2,2,4,3,4,4,3,4,3,3,3,3,4,4,3,2,2,3,3,4,3,2,2,1,3,1
6923965588,2,4,1,4,4,2,2,2,1,2,1,1,1,3,4,,,,,,,,,,,3,3,,,,,,,,,,,,,,,,,,,,,,,,,
6923951616,3,3,3,3,3,3,3,3,3,3,3,3,3,3,3,4,4,4,2,3,5,4,4,4,2,1,3,3,,4,4,4,4,4,4,4,4,4,4,4,4,1,3,3,3,3,4,2,2,1,1,
6923932384,4,4,3,3,2,2,4,3,3,3,2,1,2,3,3,,,,,,,,,,,1,2,2,3,3,4,4,3,4,3,3,4,4,4,3,3,,,,,,,2,2,1,1,
6923929952,1,3,3,1,2,3,1,1,1,1,2,1,1,1,1,5,5,4,1,2,1,4,4,5,2,2,4,2,3,4,3,4,4,4,5,2,3,4,4,2,2,2,4,4,2,4,2,2,2,1,2,2
6923929001,3,3,3,3,3,3,3,3,3,3,3,3,3,3,3,,,,,,,,,,,3,1,,,,,,,,,,,,,,,,,,,,,,,,,
6923914852,3,3,3,3,3,4,3,3,3,4,3,3,4,3,2,5,5,5,4,2,1,4,4,5,3,2,1,1,3,5,5,4,3,4,4,3,4,4,4,2,4,4,2,2,4,4,2,2,3,2,3,1
6923909650,3,4,4,3,4,4,4,4,4,3,3,4,4,4,4,,,,,,,,,,,1,3,,,,,,,,,,,,,,,,,,,,,,,,,
6923898758,2,2,1,2,2,2,2,2,2,2,2,2,2,2,2,4,4,4,1,4,5,4,4,4,2,1,3,4,3,2,3,2,4,4,3,4,4,4,4,3,4,4,2,2,4,4,2,1,2,2,3,1
6923852238,3,3,4,4,4,3,3,3,3,3,3,3,3,3,3,4,5,4,4,4,4,4,4,4,4,3,1,1,4,3,4,4,3,4,2,3,4,4,4,4,4,2,3,2,4,4,3,2,3,1,3,2
6923844220,3,4,3,3,4,4,2,2,2,4,4,2,2,2,2,4,5,4,2,4,5,4,4,4,3,3,1,1,3,4,3,3,3,3,4,4,4,4,4,4,3,1,4,4,2,4,3,1,3,1,2,1
6923841359,3,4,3,3,3,3,4,4,3,3,3,3,3,3,3,3,2,5,4,4,3,4,4,4,3,1,2,2,3,3,2,3,4,4,3,2,2,2,5,4,2,1,3,3,4,3,3,2,1,2,3,2
6923831732,3,3,2,2,2,2,2,2,2,2,2,2,3,3,3,4,5,4,4,3,4,4,4,4,3,2,2,1,3,3,3,3,2,3,3,2,3,3,4,3,2,4,2,2,4,4,,1,3,1,3,1
6923662174,1,3,2,2,2,2,1,1,2,3,3,2,1,1,1,4,3,4,2,4,2,4,4,4,3,3,2,1,3,3,4,3,3,4,4,2,4,2,3,4,3,2,2,2,4,3,3,2,3,1,2,1
6923650451,3,4,3,5,4,5,3,4,4,4,2,4,3,3,4,4,4,5,4,4,3,4,4,4,3,2,1,2,5,4,3,3,5,5,3,2,4,2,5,5,3,4,1,1,5,4,2,1,3,1,3,1
6923571354,2,2,2,2,2,2,2,2,1,2,2,1,3,,2,5,5,4,1,3,4,2,1,5,3,2,2,1,3,4,4,5,1,1,4,3,3,3,1,4,1,3,3,3,1,2,5,2,3,1,2,2
6923512631,3,4,3,2,2,2,1,3,3,2,2,2,1,2,2,4,5,5,1,3,1,5,5,5,1,2,1,4,1,5,4,4,,3,3,4,4,4,3,4,2,3,3,3,3,2,4,2,3,2,1,2
6923443435,5,,,4,4,4,5,5,5,5,5,5,5,,5,,,,4,5,3,5,5,4,3,1,2,4,4,4,5,4,5,3,4,3,4,3,3,5,3,2,3,3,3,3,3,1,1,1,1,1
6923432743,1,2,2,1,2,2,1,2,1,2,2,1,1,1,1,4,5,4,4,2,2,4,3,4,3,2,2,1,3,2,3,3,4,4,3,2,3,3,4,4,3,1,3,3,3,3,3,2,3,1,1,1
6923419162,4,4,4,4,4,4,4,4,4,4,4,4,4,4,4,,,,,,,,,,,3,1,,,,,,,,,,,,,,,,,,,,,,,,,
6922251457,3,3,3,5,5,5,4,4,4,4,4,4,5,5,5,3,1,5,3,5,3,5,5,4,3,1,1,2,3,3,3,3,5,5,2,3,3,3,5,5,3,1,3,3,3,3,3,1,3,1,2,1
