id,mean_wld,mean_cc,mean_nm,gender,age,education,income,incomefromfarming,landarea,majorityland,primaryrotation,countyresident,countyland,unemploy,costlive,hrwage,taxcost,cashrent,crp2018,landvalu,impstrea,implakes,impwetl,imptotal,childcar,foodcost,healthc,housecos,othercos,dfl08to18,dflmean
6967500969,-173.1391827,-574.9214751,-490.2815199,1,3,2,6,,3,1,1,Jackson,Jackson,3.9,44714,14.33,428,195,202,7136,28.1,81,0,3,204,769,417,698,429,0.479507276,0.454818836
6966018516,-173.1391827,-574.9214751,-490.2815199,1,2,3,3,4,1,1,1,Renville,Renville,4.7,45944,14.73,459,217,219,6966,243.6,0,0,31,224,770,417,698,429,0.537740966,0.507963557
6954002510,-173.1391827,-574.9214751,-490.2815199,1,4,1,1,1,1,1,5,Hennepin,Mille Lacs,3.1,64137,20.56,860,76,131,18090,31.3,1071,0,22,707,784,486,1113,555,0.666003954,0.627656542
6954000142,-173.1391827,-574.9214751,-490.2815199,1,3,1,6,5,1,1,1,Watonwan,Watonwan,4.5,44271,14.19,417,215,213,6510,207.9,700,0,24,189,749,417,698,423,0.547407449,0.516861187
6952091365,-173.1391827,-574.9214751,-490.2815199,1,2,2,4,2,2,1,1,Yellow Medicine,Yellow Medicine,3.6,44597,14.29,425,183,183,5444,303.4,977,7.81,22,190,775,417,698,430,0.548234289,0.523649458
6950969532,-173.1391827,-574.9214751,-490.2815199,1,3,2,3,3,2,1,1,Brown,Brown,3.8,43375,13.9,394,207,197,6875,229.6,2004,0,20,233,756,417,698,425,0.473061071,0.446461497
6950966877,-173.1391827,-574.9214751,-490.2815199,1,3,3,4,4,2,1,1,Watonwan,Watonwan,4.5,44271,14.19,417,215,213,6510,207.9,700,0,24,189,749,417,698,423,0.547407449,0.516861187
6950963846,-173.1391827,-574.9214751,-490.2815199,2,3,2,2,2,1,3,7,Blue Earth,Blue Earth,3,47201,15.13,478,215,232,7565,344.4,5253,0,42,237,746,417,874,474,0.597152583,0.573103888
6949522020,-173.1391827,-574.9214751,-490.2815199,1,4,2,,5,4,1,1,Cottonwood,Cottonwood,6.1,44199,14.17,415,184,202,7059,165.2,1242,0,19,208,760,417,698,426,0.487624918,0.461972609
6949520595,-173.1391827,-574.9214751,-490.2815199,1,3,2,5,4,3,1,1,Blue Earth,Blue Earth,3,47201,15.13,478,215,232,7565,344.4,5253,0,42,237,746,417,874,474,0.597152583,0.573103888
6949519165,-173.1391827,-574.9214751,-490.2815199,1,4,1,2,4,2,1,1,Todd,Todd,4.3,47666,15.28,503,66,63,1986,0,0,0,0,195,743,417,698,421,0.474587254,0.463180178
6949517026,-173.1391827,-574.9214751,-490.2815199,2,4,2,,,,2,3,Le Sueur,Le Sueur,4.8,50857,16.3,579,228,222,6745,95.5,5867,0,23,256,743,417,764,440,0.504071303,0.456636592
6949515466,-173.1391827,-574.9214751,-490.2815199,1,3,1,2,3,2,1,1,Douglas,Douglas,3.3,46153,14.79,459,119,129,3410,4.4,10017,11.03,16,220,748,417,764,442,0.477512787,0.458586311
6949513982,-173.1391827,-574.9214751,-490.2815199,1,4,4,1,1,1,3,10,Hennepin,Becker,3.1,64137,20.56,860,97,131,18090,31.3,1071,0,22,707,784,486,1113,555,0.666003954,0.627656542
6949512250,-173.1391827,-574.9214751,-490.2815199,1,3,4,4,5,3,2,1,Swift,Swift,4.2,43738,14.02,404,150,174,5396,150.7,1837,0,19,196,765,417,698,428,0.599411423,0.577035997
6949510004,-173.1391827,-574.9214751,-490.2815199,1,3,3,,5,3,1,1,Redwood,Redwood,3.9,44509,14.27,423,197,187,6552,254.2,54,0,19,199,764,417,698,427,0.476013148,0.455675529
6949508507,588.4624221,186.7306631,293.5370819,1,4,1,3,5,3,1,1,Otter Tail,Otter Tail,4.2,46600,14.94,476,110,106,2686,14.5,7871,0,10,210,752,417,698,424,0.462804608,0.452347745
6949506509,588.4624221,186.7306631,293.5370819,1,3,2,6,5,3,1,1,Grant,Stevens,4.3,47714,15.29,504,150,168,4911,114.6,6178,0,10,210,762,417,698,427,0.563708026,0.546157232
6949504595,588.4624221,186.7306631,293.5370819,1,3,3,5,5,2,1,1,Faribault,Faribault,4.4,45400,14.55,445,209,219,6585,136.2,199,0,12,203,784,417,698,433,0.490212387,0.463059358
6949502871,588.4624221,186.7306631,293.5370819,1,3,3,6,5,3,1,1,Stevens,Stevens,2.8,41053,13.16,336,150,164,5718,21.5,1911,77.27,10,184,751,417,698,424,0.556190597,0.538722106
6949501136,588.4624221,186.7306631,293.5370819,1,3,1,3,5,2,1,1,Murray,Murray,4.6,46138,14.79,464,225,177,6435,0,0,83.99,2,198,775,417,698,431,0.503379298,0.485067304
6949498386,588.4624221,186.7306631,293.5370819,1,2,2,2,4,1,1,1,Murray,Murray,4.6,46138,14.79,464,225,177,6435,0,0,83.99,2,198,775,417,698,431,0.503379298,0.485067304
6949496064,588.4624221,186.7306631,293.5370819,1,4,1,3,3,2,2,1,Blue Earth,Blue Earth,3,47201,15.13,478,215,232,7565,344.4,5253,0,42,237,746,417,874,474,0.597152583,0.573103888
6949493789,588.4624221,186.7306631,293.5370819,1,3,2,4,5,3,1,10,Douglas,Douglas,3.3,46153,14.79,459,119,129,3410,4.4,10017,11.03,16,220,748,417,764,442,0.477512787,0.458586311
6949491780,588.4624221,186.7306631,293.5370819,1,3,2,2,2,,1,1,Watonwan,Watonwan,4.5,44271,14.19,417,215,213,6510,207.9,700,0,24,189,749,417,698,423,0.547407449,0.516861187
6949489833,588.4624221,186.7306631,293.5370819,1,4,2,3,5,3,1,10,Waseca,Waseca,4,46304,14.84,468,224,216,6922,95,284,0,10,225,762,417,698,427,0.510246648,0.48386545
6949488002,588.4624221,186.7306631,293.5370819,1,3,2,6,5,3,1,1,Brown,Brown,3.8,43375,13.9,394,207,197,6875,229.6,2004,0,20,233,756,417,698,425,0.473061071,0.446461497
6949485959,588.4624221,186.7306631,293.5370819,1,3,2,4,5,2,2,10,Blue Earth,Blue Earth,3,47201,15.13,478,215,232,7565,344.4,5253,0,42,237,746,417,874,474,0.597152583,0.573103888
6949478309,588.4624221,186.7306631,293.5370819,1,4,1,,4,3,2,1,Lyon,Lyon,3.3,43036,13.79,385,202,183,6275,263,1492,51.44,19,212,757,417,698,425,0.513802024,0.493156702
6949476839,588.4624221,186.7306631,293.5370819,,,,,2,2,1,10,Blue Earth,Faribault,3,47201,15.13,478,209,232,7565,344.4,5253,0,42,237,746,417,874,474,0.597152583,0.573103888
6949474644,588.4624221,186.7306631,293.5370819,1,4,1,3,4,2,2,4,Sibley,Sibley,3.7,49421,15.84,546,237,226,6446,188.5,3302,0,32,219,762,417,711,431,0.45252079,0.418157076
6949471920,588.4624221,186.7306631,293.5370819,1,4,1,6,5,4,2,1,Sibley,Sibley,3.7,49421,15.84,546,237,226,6446,188.5,3302,0,32,219,762,417,711,431,0.45252079,0.418157076
6949467324,565.3593272,164.3311052,269.3735751,1,4,2,1,5,3,2,10,Faribault,Faribault,4.4,45400,14.55,445,209,219,6585,136.2,199,0,12,203,784,417,698,433,0.490212387,0.463059358
6949465030,565.3593272,164.3311052,269.3735751,,,,,,3,1,1,Blue Earth,Blue Earth,3,47201,15.13,478,215,232,7565,344.4,5253,0,42,237,746,417,874,474,0.597152583,0.573103888
6949463084,565.3593272,164.3311052,269.3735751,1,3,1,2,2,1,2,1,Blue Earth,Blue Earth,3,47201,15.13,478,215,232,7565,344.4,5253,0,42,237,746,417,874,474,0.597152583,0.573103888
6949461204,565.3593272,164.3311052,269.3735751,1,3,2,6,5,3,1,1,Le Sueur,Le Sueur,4.8,50857,16.3,579,228,222,6745,95.5,5867,0,23,256,743,417,764,440,0.504071303,0.456636592
6949458706,565.3593272,164.3311052,269.3735751,1,3,2,3,2,2,1,10,Brown,Brown,3.8,43375,13.9,394,207,197,6875,229.6,2004,0,20,233,756,417,698,425,0.473061071,0.446461497
6949455558,565.3593272,164.3311052,269.3735751,1,4,1,,5,,,1,Faribault,Faribault,4.4,45400,14.55,445,209,219,6585,136.2,199,0,12,203,784,417,698,433,0.490212387,0.463059358
6949418183,565.3593272,164.3311052,269.3735751,1,3,2,4,2,1,1,1,Freeborn,Freeborn,3.8,45515,14.59,448,216,217,6071,0,2003,0,1,228,753,417,698,424,0.585108401,0.557988585
6949416279,565.3593272,164.3311052,269.3735751,,,,,4,2,1,10,Blue Earth,Blue Earth,3,47201,15.13,478,215,232,7565,344.4,5253,0,42,237,746,417,874,474,0.597152583,0.573103888
6949408889,565.3593272,164.3311052,269.3735751,2,3,2,6,5,3,1,1,Lincoln,Lincoln,3.5,46497,14.9,474,175,171,4481,149,6257,32.77,18,210,770,417,698,429,0.52325088,0.512927345
6949405911,565.3593272,164.3311052,269.3735751,1,4,3,4,4,2,2,1,Kandiyohi,Kandiyohi,3.5,45104,14.46,437,229,214,5854,38.3,9834,0,22,237,757,417,709,429,0.515466703,0.486323499
6949403352,565.3593272,164.3311052,269.3735751,,,,,5,,1,1,Carver,Carver,3.1,64020,20.52,858,197,189,7866,89.4,5422,0,46,651,764,486,1113,549,0.428145138,0.387660352
6949399112,565.3593272,164.3311052,269.3735751,1,4,1,5,5,4,1,1,Swift,Swift,4.2,43738,14.02,404,150,174,5396,150.7,1837,0,19,196,765,417,698,428,0.599411423,0.577035997
6949394536,565.3593272,164.3311052,269.3735751,2,4,4,2,2,1,2,9,Freeborn,Freeborn,3.8,45515,14.59,448,216,217,6071,0,2003,0,1,228,753,417,698,424,0.585108401,0.557988585
6949392066,565.3593272,164.3311052,269.3735751,1,4,1,5,5,2,1,7,Le Sueur,Blue Earth,4.8,50857,16.3,579,215,222,6745,95.5,5867,0,23,256,743,417,764,440,0.504071303,0.456636592
6949389471,565.3593272,164.3311052,269.3735751,1,3,2,5,4,3,1,1,Waseca,Waseca,4,46304,14.84,468,224,216,6922,95,284,0,10,225,762,417,698,427,0.510246648,0.48386545
6949385903,565.3593272,164.3311052,269.3735751,2,3,1,3,4,2,2,1,Freeborn,Freeborn,3.8,45515,14.59,448,216,217,6071,0,2003,0,1,228,753,417,698,424,0.585108401,0.557988585
6948985749,53.81222402,-350.4631334,-257.447558,1,3,1,6,5,2,1,1,Lac Qui Parle,Lac Qui Parle,3.6,44917,14.4,433,167,170,4453,341.6,4,0,36,215,787,417,698,434,0.588319113,0.563202053
6948796897,53.81222402,-350.4631334,-257.447558,,,,,1,2,2,4,Douglas,Pope,3.3,46153,14.79,459,141,129,3410,4.4,10017,11.03,16,220,748,417,764,442,0.477512787,0.458586311
6948796210,53.81222402,-350.4631334,-257.447558,1,4,2,5,4,2,1,1,Traverse,Traverse,3.7,44212,14.17,415,150,170,5078,0,0,0,0,224,777,417,698,431,0.592261355,0.572932135
6948795512,53.81222402,-350.4631334,-257.447558,1,3,2,5,5,2,1,1,Stevens,Stevens,2.8,41053,13.16,336,150,164,5718,21.5,1911,77.27,10,184,751,417,698,424,0.556190597,0.538722106
6948794673,53.81222402,-350.4631334,-257.447558,1,3,3,7,5,2,1,1,Hennepin,Hennepin,3.1,64137,20.56,860,131,131,18090,31.3,1071,0,22,707,784,486,1113,555,0.666003954,0.627656542
6948793617,53.81222402,-350.4631334,-257.447558,1,4,3,,,1,,,Carver,Cass,3.1,64020,20.52,858,35,189,7866,89.4,5422,0,46,651,764,486,1113,549,0.428145138,0.387660352
6948792859,53.81222402,-350.4631334,-257.447558,1,4,2,4,5,2,,1,Faribault,Winona,4.4,45400,14.55,445,195,219,6585,136.2,199,0,12,203,784,417,698,433,0.490212387,0.463059358
6948790989,53.81222402,-350.4631334,-257.447558,1,3,1,3,5,2,1,4,Redwood,Redwood,3.9,44509,14.27,423,197,187,6552,254.2,54,0,19,199,764,417,698,427,0.476013148,0.455675529
6948790357,53.81222402,-350.4631334,-257.447558,,,,,3,2,2,1,Le Sueur,Le Sueur,4.8,50857,16.3,579,228,222,6745,95.5,5867,0,23,256,743,417,764,440,0.504071303,0.456636592
6948788893,53.81222402,-350.4631334,-257.447558,1,4,4,1,2,2,2,1,Dakota,Fillmore,3.1,64437,20.65,866,200,202,7757,23.8,833,0,13,741,756,486,1113,546,0.54005066,0.501171081
6948788159,53.81222402,-350.4631334,-257.447558,2,4,1,2,2,2,2,1,Rice,Goodhue,3.2,53785,17.24,638,220,214,6024,0,600,0,3,368,746,417,903,482,0.577500197,0.534763194
6948756355,53.81222402,-350.4631334,-257.447558,1,4,,,5,2,1,1,Faribault,Faribault,4.4,45400,14.55,445,209,219,6585,136.2,199,0,12,203,784,417,698,433,0.490212387,0.463059358
6948754791,53.81222402,-350.4631334,-257.447558,1,3,1,5,4,2,2,10,Yellow Medicine,Yellow Medicine,3.6,44597,14.29,425,183,183,5444,303.4,977,7.81,22,190,775,417,698,430,0.548234289,0.523649458
6948752656,53.81222402,-350.4631334,-257.447558,1,3,2,5,4,3,1,1,Kandiyohi,Kandiyohi,3.5,45104,14.46,437,229,214,5854,38.3,9834,0,22,237,757,417,709,429,0.515466703,0.486323499
6948751048,53.81222402,-350.4631334,-257.447558,1,3,2,6,5,4,1,10,Redwood,Redwood,3.9,44509,14.27,423,197,187,6552,254.2,54,0,19,199,764,417,698,427,0.476013148,0.455675529
6948748993,53.81222402,-350.4631334,-257.447558,1,4,4,3,3,2,2,4,Swift,Swift,4.2,43738,14.02,404,150,174,5396,150.7,1837,0,19,196,765,417,698,428,0.599411423,0.577035997
6948747287,557.34192,156.972961,260.5278954,1,4,1,3,4,2,2,1,Redwood,Redwood,3.9,44509,14.27,423,197,187,6552,254.2,54,0,19,199,764,417,698,427,0.476013148,0.455675529
6948745823,557.34192,156.972961,260.5278954,1,4,1,3,5,2,2,1,Brown,Brown,3.8,43375,13.9,394,207,197,6875,229.6,2004,0,20,233,756,417,698,425,0.473061071,0.446461497
6948744309,557.34192,156.972961,260.5278954,1,4,1,4,5,2,1,1,Renville,Renville,4.7,45944,14.73,459,217,219,6966,243.6,0,0,31,224,770,417,698,429,0.537740966,0.507963557
6948742656,557.34192,156.972961,260.5278954,1,3,1,3,1,2,1,4,Kandiyohi,Kandiyohi,3.5,45104,14.46,437,229,214,5854,38.3,9834,0,22,237,757,417,709,429,0.515466703,0.486323499
6948731395,557.34192,156.972961,260.5278954,1,3,2,3,3,2,1,10,McLeod,McLeod,4,47920,15.36,508,209,223,5987,18.6,0,0,4,256,742,417,704,423,0.455309006,0.431893644
6948722483,557.34192,156.972961,260.5278954,1,3,3,5,5,2,1,10,Brown,Brown,3.8,43375,13.9,394,207,197,6875,229.6,2004,0,20,233,756,417,698,425,0.473061071,0.446461497
6948718920,557.34192,156.972961,260.5278954,1,3,1,2,5,2,1,2,Nicollet,Nicollet,2.7,47338,15.17,482,223,215,7567,182.3,0,0,29,241,749,417,874,475,0.601670627,0.576371249
6948716744,557.34192,156.972961,260.5278954,1,3,3,6,5,2,1,1,Le Sueur,Le Sueur,4.8,50857,16.3,579,228,222,6745,95.5,5867,0,23,256,743,417,764,440,0.504071303,0.456636592
6948714093,557.34192,156.972961,260.5278954,1,3,3,6,,2,1,,Renville,Renville,4.7,45944,14.73,459,217,219,6966,243.6,0,0,31,224,770,417,698,429,0.537740966,0.507963557
6948712233,557.34192,156.972961,260.5278954,1,3,1,1,5,3,2,1,Renville,Renville,4.7,45944,14.73,459,217,219,6966,243.6,0,0,31,224,770,417,698,429,0.537740966,0.507963557
6948710186,557.34192,156.972961,260.5278954,1,,,,,2,2,1,Nicollet,Nicollet,2.7,47338,15.17,482,223,215,7567,182.3,0,0,29,241,749,417,874,475,0.601670627,0.576371249
6948708312,557.34192,156.972961,260.5278954,1,3,4,2,3,2,2,1,Swift,Swift,4.2,43738,14.02,404,150,174,5396,150.7,1837,0,19,196,765,417,698,428,0.599411423,0.577035997
6948706493,557.34192,156.972961,260.5278954,1,4,2,4,3,2,2,1,Renville,Renville,4.7,45944,14.73,459,217,219,6966,243.6,0,0,31,224,770,417,698,429,0.537740966,0.507963557
6948691653,557.34192,156.972961,260.5278954,1,3,1,5,4,2,1,1,Lincoln,Lincoln,3.5,46497,14.9,474,175,171,4481,149,6257,32.77,18,210,770,417,698,429,0.52325088,0.512927345
6948681806,557.34192,156.972961,260.5278954,1,3,2,6,5,2,1,1,Chippewa,Chippewa,4.1,44660,14.31,427,199,190,6478,130.4,5668,61.8,14,214,759,417,698,426,0.575888908,0.545665705
6948655563,557.34192,156.972961,260.5278954,,,,,4,5,3,4,Grant,Grant,4.3,47714,15.29,504,193,168,4911,114.6,6178,0,10,210,762,417,698,427,0.563708026,0.546157232
6948647714,455.3118802,54.48033631,157.8852174,1,3,1,5,5,3,1,1,Yellow Medicine,Yellow Medicine,3.6,44597,14.29,425,183,183,5444,303.4,977,7.81,22,190,775,417,698,430,0.548234289,0.523649458
6948511119,455.3118802,54.48033631,157.8852174,1,4,1,3,4,2,2,1,Redwood,Redwood,3.9,44509,14.27,423,197,187,6552,254.2,54,0,19,199,764,417,698,427,0.476013148,0.455675529
6948510157,455.3118802,54.48033631,157.8852174,1,3,3,6,5,2,1,9,Chippewa,Chippewa,4.1,44660,14.31,427,199,190,6478,130.4,5668,61.8,14,214,759,417,698,426,0.575888908,0.545665705
6948509307,455.3118802,54.48033631,157.8852174,,,,,5,,1,10,Brown,Brown,3.8,43375,13.9,394,207,197,6875,229.6,2004,0,20,233,756,417,698,425,0.473061071,0.446461497
6948508205,455.3118802,54.48033631,157.8852174,1,1,4,7,5,2,1,1,Murray,Murray,4.6,46138,14.79,464,225,177,6435,0,0,83.99,2,198,775,417,698,431,0.503379298,0.485067304
6948507689,455.3118802,54.48033631,157.8852174,,,,,5,3,2,1,Renville,Renville,4.7,45944,14.73,459,217,219,6966,243.6,0,0,31,224,770,417,698,429,0.537740966,0.507963557
6948506700,455.3118802,54.48033631,157.8852174,1,3,1,2,2,2,2,1,Otter Tail,Otter Tail,4.2,46600,14.94,476,110,106,2686,14.5,7871,0,10,210,752,417,698,424,0.462804608,0.452347745
6948504619,455.3118802,54.48033631,157.8852174,2,3,4,3,2,2,2,1,Otter Tail,Otter Tail,4.2,46600,14.94,476,110,106,2686,14.5,7871,0,10,210,752,417,698,424,0.462804608,0.452347745
6948503888,455.3118802,54.48033631,157.8852174,1,,,,5,,1,1,Brown,Brown,3.8,43375,13.9,394,207,197,6875,229.6,2004,0,20,233,756,417,698,425,0.473061071,0.446461497
6948502762,455.3118802,54.48033631,157.8852174,1,3,2,4,5,1,1,9,Kandiyohi,Kandiyohi,3.5,45104,14.46,437,229,214,5854,38.3,9834,0,22,237,757,417,709,429,0.515466703,0.486323499
6948501935,455.3118802,54.48033631,157.8852174,1,4,2,3,4,2,2,1,Chippewa,Chippewa,4.1,44660,14.31,427,199,190,6478,130.4,5668,61.8,14,214,759,417,698,426,0.575888908,0.545665705
6948500862,455.3118802,54.48033631,157.8852174,1,3,4,3,4,2,1,1,Nicollet,Nicollet,2.7,47338,15.17,482,223,215,7567,182.3,0,0,29,241,749,417,874,475,0.601670627,0.576371249
6948500040,455.3118802,54.48033631,157.8852174,1,4,1,3,2,2,2,1,Yellow Medicine,Yellow Medicine,3.6,44597,14.29,425,183,183,5444,303.4,977,7.81,22,190,775,417,698,430,0.548234289,0.523649458
6948499253,455.3118802,54.48033631,157.8852174,1,4,4,2,2,3,2,4,Cottonwood,Cottonwood,6.1,44199,14.17,415,184,202,7059,165.2,1242,0,19,208,760,417,698,426,0.487624918,0.461972609
6948498376,455.3118802,54.48033631,157.8852174,1,2,1,6,2,2,1,1,Sibley,Sibley,3.7,49421,15.84,546,237,226,6446,188.5,3302,0,32,219,762,417,711,431,0.45252079,0.418157076
6948497545,455.3118802,54.48033631,157.8852174,1,3,3,6,5,2,1,1,Redwood,Redwood,3.9,44509,14.27,423,197,187,6552,254.2,54,0,19,199,764,417,698,427,0.476013148,0.455675529
6948497011,307.1722897,-91.95745649,4.926302175,1,4,,1,1,4,2,1,Swift,Swift,4.2,43738,14.02,404,150,174,5396,150.7,1837,0,19,196,765,417,698,428,0.599411423,0.577035997
6948495759,307.1722897,-91.95745649,4.926302175,1,3,3,6,4,1,1,1,Hennepin,Hennepin,3.1,64137,20.56,860,131,131,18090,31.3,1071,0,22,707,784,486,1113,555,0.666003954,0.627656542
6948494256,307.1722897,-91.95745649,4.926302175,1,3,2,5,2,4,1,1,Nicollet,Nicollet,2.7,47338,15.17,482,223,215,7567,182.3,0,0,29,241,749,417,874,475,0.601670627,0.576371249
6948493327,307.1722897,-91.95745649,4.926302175,1,3,2,4,3,2,1,10,Freeborn,Freeborn,3.8,45515,14.59,448,216,217,6071,0,2003,0,1,228,753,417,698,424,0.585108401,0.557988585
6948492232,307.1722897,-91.95745649,4.926302175,1,4,,3,5,2,,4,Redwood,Redwood,3.9,44509,14.27,423,197,187,6552,254.2,54,0,19,199,764,417,698,427,0.476013148,0.455675529
6948461651,307.1722897,-91.95745649,4.926302175,1,4,2,4,5,2,1,3,Waseca,Waseca,4,46304,14.84,468,224,216,6922,95,284,0,10,225,762,417,698,427,0.510246648,0.48386545
6948085949,307.1722897,-91.95745649,4.926302175,1,3,2,6,5,4,1,1,Dakota,Dakota,3.1,64437,20.65,866,203,202,7757,23.8,833,0,13,741,756,486,1113,546,0.54005066,0.501171081
6948084829,307.1722897,-91.95745649,4.926302175,1,4,1,4,5,4,2,1,Grant,Grant,4.3,47714,15.29,504,193,168,4911,114.6,6178,0,10,210,762,417,698,427,0.563708026,0.546157232
6948083536,307.1722897,-91.95745649,4.926302175,1,3,3,3,5,2,2,1,Cottonwood,Cottonwood,6.1,44199,14.17,415,184,202,7059,165.2,1242,0,19,208,760,417,698,426,0.487624918,0.461972609
6948082295,307.1722897,-91.95745649,4.926302175,1,3,1,3,5,1,1,1,Murray,Murray,4.6,46138,14.79,464,225,177,6435,0,0,83.99,2,198,775,417,698,431,0.503379298,0.485067304
6948080508,307.1722897,-91.95745649,4.926302175,1,3,2,5,4,2,1,1,Carver,Carver,3.1,64020,20.52,858,197,189,7866,89.4,5422,0,46,651,764,486,1113,549,0.428145138,0.387660352
6948077266,307.1722897,-91.95745649,4.926302175,1,3,1,7,4,3,1,1,Freeborn,Freeborn,3.8,45515,14.59,448,216,217,6071,0,2003,0,1,228,753,417,698,424,0.585108401,0.557988585
6948076027,307.1722897,-91.95745649,4.926302175,1,3,2,6,5,2,1,1,Renville,Renville,4.7,45944,14.73,459,217,219,6966,243.6,0,0,31,224,770,417,698,429,0.537740966,0.507963557
6948074916,307.1722897,-91.95745649,4.926302175,1,4,2,1,1,1,3,,Watonwan,Watonwan,4.5,44271,14.19,417,215,213,6510,207.9,700,0,24,189,749,417,698,423,0.547407449,0.516861187
6948071691,307.1722897,-91.95745649,4.926302175,1,3,4,3,2,2,2,10,Blue Earth,Blue Earth,3,47201,15.13,478,215,232,7565,344.4,5253,0,42,237,746,417,874,474,0.597152583,0.573103888
6948070295,307.1722897,-91.95745649,4.926302175,1,3,1,4,4,,1,1,Nicollet,Nicollet,2.7,47338,15.17,482,223,215,7567,182.3,0,0,29,241,749,417,874,475,0.601670627,0.576371249
6948068890,314.2950244,-87.74865062,9.960928624,1,4,4,2,3,1,2,2,Martin,Martin,3.7,44252,14.18,417,234,222,7050,159,2503,0,18,199,758,417,698,426,0.431475543,0.401784945
6948067454,314.2950244,-87.74865062,9.960928624,1,3,1,4,5,4,1,1,Renville,Renville,4.7,45944,14.73,459,217,219,6966,243.6,0,0,31,224,770,417,698,429,0.537740966,0.507963557
6948065388,314.2950244,-87.74865062,9.960928624,1,3,2,6,5,3,1,2,Martin,Martin,3.7,44252,14.18,417,234,222,7050,159,2503,0,18,199,758,417,698,426,0.431475543,0.401784945
6948063980,314.2950244,-87.74865062,9.960928624,1,4,1,5,5,2,1,1,Watonwan,Watonwan,4.5,44271,14.19,417,215,213,6510,207.9,700,0,24,189,749,417,698,423,0.547407449,0.516861187
6948061858,314.2950244,-87.74865062,9.960928624,1,4,1,2,4,1,3,2,Freeborn,Freeborn,3.8,45515,14.59,448,216,217,6071,0,2003,0,1,228,753,417,698,424,0.585108401,0.557988585
6948059293,314.2950244,-87.74865062,9.960928624,1,3,3,6,3,2,1,4,Renville,Renville,4.7,45944,14.73,459,217,219,6966,243.6,0,0,31,224,770,417,698,429,0.537740966,0.507963557
6948057874,314.2950244,-87.74865062,9.960928624,1,4,2,4,5,2,1,1,Faribault,Faribault,4.4,45400,14.55,445,209,219,6585,136.2,199,0,12,203,784,417,698,433,0.490212387,0.463059358
6948056254,314.2950244,-87.74865062,9.960928624,1,4,1,3,5,2,2,1,Rice,Rice,3.2,53785,17.24,638,226,214,6024,0,600,0,3,368,746,417,903,482,0.577500197,0.534763194
6948054705,314.2950244,-87.74865062,9.960928624,,,,,,2,2,10,Watonwan,Watonwan,4.5,44271,14.19,417,215,213,6510,207.9,700,0,24,189,749,417,698,423,0.547407449,0.516861187
6948052325,314.2950244,-87.74865062,9.960928624,1,3,3,2,3,2,1,4,Rice,Rice,3.2,53785,17.24,638,226,214,6024,0,600,0,3,368,746,417,903,482,0.577500197,0.534763194
6948020508,314.2950244,-87.74865062,9.960928624,1,3,2,4,5,4,1,1,Traverse,Traverse,3.7,44212,14.17,415,150,170,5078,0,0,0,0,224,777,417,698,431,0.592261355,0.572932135
6948018409,314.2950244,-87.74865062,9.960928624,1,3,2,,5,2,1,2,Brown,Brown,3.8,43375,13.9,394,207,197,6875,229.6,2004,0,20,233,756,417,698,425,0.473061071,0.446461497
6948016142,314.2950244,-87.74865062,9.960928624,1,3,2,4,5,1,3,,Watonwan,Watonwan,4.5,44271,14.19,417,215,213,6510,207.9,700,0,24,189,749,417,698,423,0.547407449,0.516861187
6948013471,314.2950244,-87.74865062,9.960928624,1,4,1,,,2,2,2,Brown,Brown,3.8,43375,13.9,394,207,197,6875,229.6,2004,0,20,233,756,417,698,425,0.473061071,0.446461497
6948011547,314.2950244,-87.74865062,9.960928624,1,3,3,5,5,2,1,1,Murray,Murray,4.6,46138,14.79,464,225,177,6435,0,0,83.99,2,198,775,417,698,431,0.503379298,0.485067304
6948008993,314.2950244,-87.74865062,9.960928624,1,3,2,4,2,2,1,2,Goodhue,Goodhue,3.4,53133,17.03,629,220,250,6085,0,0,0,0,377,749,417,812,456,0.492542992,0.448463774
6947769197,696.3103857,291.2565527,400.5930204,1,3,1,5,4,3,1,10,Brown,Brown,3.8,43375,13.9,394,207,197,6875,229.6,2004,0,20,233,756,417,698,425,0.473061071,0.446461497
6947767101,696.3103857,291.2565527,400.5930204,1,3,2,6,5,2,1,1,Blue Earth,Blue Earth,3,47201,15.13,478,215,232,7565,344.4,5253,0,42,237,746,417,874,474,0.597152583,0.573103888
6947766117,696.3103857,291.2565527,400.5930204,1,3,1,5,5,2,1,1,Faribault,Faribault,4.4,45400,14.55,445,209,219,6585,136.2,199,0,12,203,784,417,698,433,0.490212387,0.463059358
6947764954,696.3103857,291.2565527,400.5930204,1,3,1,5,5,2,1,3,Lac Qui Parle,Lac Qui Parle,3.6,44917,14.4,433,167,170,4453,341.6,4,0,36,215,787,417,698,434,0.588319113,0.563202053
6947763940,696.3103857,291.2565527,400.5930204,1,3,3,6,5,2,1,1,Yellow Medicine,Yellow Medicine,3.6,44597,14.29,425,183,183,5444,303.4,977,7.81,22,190,775,417,698,430,0.548234289,0.523649458
6947763117,696.3103857,291.2565527,400.5930204,1,4,,,,,2,1,Sibley,Sibley,3.7,49421,15.84,546,237,226,6446,188.5,3302,0,32,219,762,417,711,431,0.45252079,0.418157076
6947762340,696.3103857,291.2565527,400.5930204,1,3,1,4,4,2,1,1,Sibley,Sibley,3.7,49421,15.84,546,237,226,6446,188.5,3302,0,32,219,762,417,711,431,0.45252079,0.418157076
6947730214,696.3103857,291.2565527,400.5930204,1,3,1,4,5,1,1,2,Martin,Martin,3.7,44252,14.18,417,234,222,7050,159,2503,0,18,199,758,417,698,426,0.431475543,0.401784945
6947728905,696.3103857,291.2565527,400.5930204,1,3,4,4,5,3,1,4,Pope,Pope,3.2,45433,14.56,444,141,143,3631,121.5,21030,20.19,37,214,758,417,724,433,0.552550845,0.536178939
6947727383,696.3103857,291.2565527,400.5930204,1,3,4,4,4,2,1,1,Brown,Brown,3.8,43375,13.9,394,207,197,6875,229.6,2004,0,20,233,756,417,698,425,0.473061071,0.446461497
6947725489,696.3103857,291.2565527,400.5930204,1,3,1,5,3,2,1,1,Renville,Renville,4.7,45944,14.73,459,217,219,6966,243.6,0,0,31,224,770,417,698,429,0.537740966,0.507963557
6947722323,696.3103857,291.2565527,400.5930204,1,4,1,3,4,3,1,1,Lac Qui Parle,Lac Qui Parle,3.6,44917,14.4,433,167,170,4453,341.6,4,0,36,215,787,417,698,434,0.588319113,0.563202053
6947720880,696.3103857,291.2565527,400.5930204,1,4,3,3,3,2,2,1,Redwood,Redwood,3.9,44509,14.27,423,197,187,6552,254.2,54,0,19,199,764,417,698,427,0.476013148,0.455675529
6947718708,696.3103857,291.2565527,400.5930204,2,3,4,4,4,,1,4,Martin,Martin,3.7,44252,14.18,417,234,222,7050,159,2503,0,18,199,758,417,698,426,0.431475543,0.401784945
6947716268,696.3103857,291.2565527,400.5930204,1,4,1,1,4,2,1,1,Douglas,Douglas,3.3,46153,14.79,459,119,129,3410,4.4,10017,11.03,16,220,748,417,764,442,0.477512787,0.458586311
6947714118,696.3103857,291.2565527,400.5930204,1,3,2,3,5,2,1,10,Chippewa,Chippewa,4.1,44660,14.31,427,199,190,6478,130.4,5668,61.8,14,214,759,417,698,426,0.575888908,0.545665705
6947711441,434.5829646,32.89724682,133.24796,1,3,1,6,5,3,1,4,Redwood,Redwood,3.9,44509,14.27,423,197,187,6552,254.2,54,0,19,199,764,417,698,427,0.476013148,0.455675529
6947708338,434.5829646,32.89724682,133.24796,1,4,1,5,5,2,1,9,Lac Qui Parle,Lac Qui Parle,3.6,44917,14.4,433,167,170,4453,341.6,4,0,36,215,787,417,698,434,0.588319113,0.563202053
6947706873,434.5829646,32.89724682,133.24796,1,3,1,5,4,4,1,1,Lyon,Lyon,3.3,43036,13.79,385,202,183,6275,263,1492,51.44,19,212,757,417,698,425,0.513802024,0.493156702
6947704679,434.5829646,32.89724682,133.24796,1,3,1,2,5,5,1,4,Douglas,Grant,3.3,46153,14.79,459,193,129,3410,4.4,10017,11.03,16,220,748,417,764,442,0.477512787,0.458586311
6947701473,434.5829646,32.89724682,133.24796,1,3,3,2,2,2,2,1,Swift,Swift,4.2,43738,14.02,404,150,174,5396,150.7,1837,0,19,196,765,417,698,428,0.599411423,0.577035997
6947697525,434.5829646,32.89724682,133.24796,1,3,1,3,4,2,2,1,Redwood,Redwood,3.9,44509,14.27,423,197,187,6552,254.2,54,0,19,199,764,417,698,427,0.476013148,0.455675529
6947696123,434.5829646,32.89724682,133.24796,1,3,1,4,4,2,1,1,Chippewa,Chippewa,4.1,44660,14.31,427,199,190,6478,130.4,5668,61.8,14,214,759,417,698,426,0.575888908,0.545665705
6947392965,434.5829646,32.89724682,133.24796,1,3,2,2,5,3,1,2,Waseca,Waseca,4,46304,14.84,468,224,216,6922,95,284,0,10,225,762,417,698,427,0.510246648,0.48386545
6947391733,434.5829646,32.89724682,133.24796,1,3,3,3,5,2,1,1,McLeod,McLeod,4,47920,15.36,508,209,223,5987,18.6,0,0,4,256,742,417,704,423,0.455309006,0.431893644
6947391108,434.5829646,32.89724682,133.24796,,,,,4,2,1,1,Pope,Pope,3.2,45433,14.56,444,141,143,3631,121.5,21030,20.19,37,214,758,417,724,433,0.552550845,0.536178939
6947389851,434.5829646,32.89724682,133.24796,1,3,1,6,5,5,1,1,Jackson,Jackson,3.9,44714,14.33,428,195,202,7136,28.1,81,0,3,204,769,417,698,429,0.479507276,0.454818836
6947387994,434.5829646,32.89724682,133.24796,1,3,2,6,4,2,1,1,Blue Earth,Blue Earth,3,47201,15.13,478,215,232,7565,344.4,5253,0,42,237,746,417,874,474,0.597152583,0.573103888
6947387071,434.5829646,32.89724682,133.24796,1,3,2,4,4,3,2,1,Yellow Medicine,Yellow Medicine,3.6,44597,14.29,425,183,183,5444,303.4,977,7.81,22,190,775,417,698,430,0.548234289,0.523649458
6947385647,434.5829646,32.89724682,133.24796,1,3,3,7,5,4,1,1,Traverse,Traverse,3.7,44212,14.17,415,150,170,5078,0,0,0,0,224,777,417,698,431,0.592261355,0.572932135
6947384017,434.5829646,32.89724682,133.24796,1,3,2,3,2,2,2,4,Dakota,Dakota,3.1,64437,20.65,866,203,202,7757,23.8,833,0,13,741,756,486,1113,546,0.54005066,0.501171081
6947382976,434.5829646,32.89724682,133.24796,1,4,1,,2,2,2,1,Renville,Renville,4.7,45944,14.73,459,217,219,6966,243.6,0,0,31,224,770,417,698,429,0.537740966,0.507963557
6947381248,588.7453052,188.5222486,295.7123987,1,3,1,2,3,1,2,4,Kandiyohi,Kandiyohi,3.5,45104,14.46,437,229,214,5854,38.3,9834,0,22,237,757,417,709,429,0.515466703,0.486323499
6947380629,588.7453052,188.5222486,295.7123987,1,4,2,,5,2,2,1,Redwood,Redwood,3.9,44509,14.27,423,197,187,6552,254.2,54,0,19,199,764,417,698,427,0.476013148,0.455675529
6947379840,588.7453052,188.5222486,295.7123987,1,4,,,,2,,1,Meeker,Meeker,4.2,49945,16.01,556,179,175,5122,0,0,0,0,218,746,417,761,440,0.477630757,0.457249693
6947378928,588.7453052,188.5222486,295.7123987,,,,,2,2,3,7,Hennepin,Douglas,3.1,64137,20.56,860,119,131,18090,31.3,1071,0,22,707,784,486,1113,555,0.666003954,0.627656542
6947364981,588.7453052,188.5222486,295.7123987,1,4,1,3,5,2,1,3,Pipestone,Pipestone,3.6,45742,14.66,454,202,180,6224,0,0,10.02,1,207,762,417,698,427,0.400032592,0.383953724
6947364123,588.7453052,188.5222486,295.7123987,1,3,3,5,4,2,2,1,Renville,Renville,4.7,45944,14.73,459,217,219,6966,243.6,0,0,31,224,770,417,698,429,0.537740966,0.507963557
6947363268,588.7453052,188.5222486,295.7123987,1,3,3,5,3,1,1,1,Brown,Brown,3.8,43375,13.9,394,207,197,6875,229.6,2004,0,20,233,756,417,698,425,0.473061071,0.446461497
6947362650,588.7453052,188.5222486,295.7123987,,,,,,1,1,1,Lyon,Lyon,3.3,43036,13.79,385,202,183,6275,263,1492,51.44,19,212,757,417,698,425,0.513802024,0.493156702
6947361706,588.7453052,188.5222486,295.7123987,1,3,1,4,5,2,1,4,Murray,Murray,4.6,46138,14.79,464,225,177,6435,0,0,83.99,2,198,775,417,698,431,0.503379298,0.485067304
6947359283,588.7453052,188.5222486,295.7123987,1,3,2,6,5,4,2,10,Waseca,Waseca,4,46304,14.84,468,224,216,6922,95,284,0,10,225,762,417,698,427,0.510246648,0.48386545
6947000153,588.7453052,188.5222486,295.7123987,1,3,4,2,2,1,1,1,Sibley,Sibley,3.7,49421,15.84,546,237,226,6446,188.5,3302,0,32,219,762,417,711,431,0.45252079,0.418157076
6946999089,588.7453052,188.5222486,295.7123987,1,3,3,4,2,1,1,10,Renville,Renville,4.7,45944,14.73,459,217,219,6966,243.6,0,0,31,224,770,417,698,429,0.537740966,0.507963557
6946997925,588.7453052,188.5222486,295.7123987,1,3,1,6,5,3,1,10,Murray,Murray,4.6,46138,14.79,464,225,177,6435,0,0,83.99,2,198,775,417,698,431,0.503379298,0.485067304
6946997286,588.7453052,188.5222486,295.7123987,,,,,5,2,1,1,Douglas,Douglas,3.3,46153,14.79,459,119,129,3410,4.4,10017,11.03,16,220,748,417,764,442,0.477512787,0.458586311
6946996370,588.7453052,188.5222486,295.7123987,1,3,2,4,4,1,1,1,Sibley,Sibley,3.7,49421,15.84,546,237,226,6446,188.5,3302,0,32,219,762,417,711,431,0.45252079,0.418157076
6946995349,588.7453052,188.5222486,295.7123987,2,4,3,6,4,2,1,3,Swift,Swift,4.2,43738,14.02,404,150,174,5396,150.7,1837,0,19,196,765,417,698,428,0.599411423,0.577035997
6946993526,806.0541938,401.5629758,514.4127662,1,3,1,5,4,2,1,1,Watonwan,Watonwan,4.5,44271,14.19,417,215,213,6510,207.9,700,0,24,189,749,417,698,423,0.547407449,0.516861187
6946896808,806.0541938,401.5629758,514.4127662,1,3,2,5,5,3,1,1,Grant,Grant,4.3,47714,15.29,504,193,168,4911,114.6,6178,0,10,210,762,417,698,427,0.563708026,0.546157232
6946894306,806.0541938,401.5629758,514.4127662,1,3,2,2,1,2,3,,Otter Tail,Kittson,4.2,46600,14.94,476,75,106,2686,14.5,7871,0,10,210,752,417,698,424,0.462804608,0.452347745
6946892816,806.0541938,401.5629758,514.4127662,1,3,1,6,5,4,1,1,Grant,Grant,4.3,47714,15.29,504,193,168,4911,114.6,6178,0,10,210,762,417,698,427,0.563708026,0.546157232
6946891262,806.0541938,401.5629758,514.4127662,1,4,1,2,2,1,1,8,Otter Tail,Otter Tail,4.2,46600,14.94,476,110,106,2686,14.5,7871,0,10,210,752,417,698,424,0.462804608,0.452347745
6946889776,806.0541938,401.5629758,514.4127662,1,3,3,4,5,2,1,1,Waseca,Waseca,4,46304,14.84,468,224,216,6922,95,284,0,10,225,762,417,698,427,0.510246648,0.48386545
6946884857,806.0541938,401.5629758,514.4127662,1,4,3,3,3,2,2,10,Faribault,Faribault,4.4,45400,14.55,445,209,219,6585,136.2,199,0,12,203,784,417,698,433,0.490212387,0.463059358
6946883630,806.0541938,401.5629758,514.4127662,1,4,1,3,3,1,2,1,Brown,Brown,3.8,43375,13.9,394,207,197,6875,229.6,2004,0,20,233,756,417,698,425,0.473061071,0.446461497
6946882172,806.0541938,401.5629758,514.4127662,1,4,4,3,2,2,2,1,Hennepin,Lac Qui Parle,3.1,64137,20.56,860,167,131,18090,31.3,1071,0,22,707,784,486,1113,555,0.666003954,0.627656542
6946879942,806.0541938,401.5629758,514.4127662,1,3,2,5,5,2,1,1,Otter Tail,Otter Tail,4.2,46600,14.94,476,110,106,2686,14.5,7871,0,10,210,752,417,698,424,0.462804608,0.452347745
6946742831,806.0541938,401.5629758,514.4127662,1,3,2,6,5,4,1,1,Otter Tail,Otter Tail,4.2,46600,14.94,476,110,106,2686,14.5,7871,0,10,210,752,417,698,424,0.462804608,0.452347745
6946742021,806.0541938,401.5629758,514.4127662,1,3,2,4,5,2,1,9,Martin,Martin,3.7,44252,14.18,417,234,222,7050,159,2503,0,18,199,758,417,698,426,0.431475543,0.401784945
6946740972,806.0541938,401.5629758,514.4127662,1,3,3,3,5,2,1,4,Martin,Martin,3.7,44252,14.18,417,234,222,7050,159,2503,0,18,199,758,417,698,426,0.431475543,0.401784945
6946739593,806.0541938,401.5629758,514.4127662,1,4,1,5,5,2,2,1,Brown,Brown,3.8,43375,13.9,394,207,197,6875,229.6,2004,0,20,233,756,417,698,425,0.473061071,0.446461497
6946738484,806.0541938,401.5629758,514.4127662,1,,2,,4,3,1,1,Renville,Renville,4.7,45944,14.73,459,217,219,6966,243.6,0,0,31,224,770,417,698,429,0.537740966,0.507963557
6946737162,806.0541938,401.5629758,514.4127662,1,4,1,4,5,2,1,1,Renville,Renville,4.7,45944,14.73,459,217,219,6966,243.6,0,0,31,224,770,417,698,429,0.537740966,0.507963557
6946736097,528.1652473,127.8693415,231.7496338,1,3,1,2,3,2,1,1,Douglas,Douglas,3.3,46153,14.79,459,119,129,3410,4.4,10017,11.03,16,220,748,417,764,442,0.477512787,0.458586311
6946735108,528.1652473,127.8693415,231.7496338,1,3,2,4,5,2,1,1,Redwood,Redwood,3.9,44509,14.27,423,197,187,6552,254.2,54,0,19,199,764,417,698,427,0.476013148,0.455675529
6946734321,528.1652473,127.8693415,231.7496338,1,3,1,3,1,5,1,1,Lincoln,Lincoln,3.5,46497,14.9,474,175,171,4481,149,6257,32.77,18,210,770,417,698,429,0.52325088,0.512927345
6946589637,528.1652473,127.8693415,231.7496338,1,3,2,2,2,1,3,1,Grant,Grant,4.3,47714,15.29,504,193,168,4911,114.6,6178,0,10,210,762,417,698,427,0.563708026,0.546157232
6946589608,528.1652473,127.8693415,231.7496338,1,3,1,6,5,3,1,1,Murray,Murray,4.6,46138,14.79,464,225,177,6435,0,0,83.99,2,198,775,417,698,431,0.503379298,0.485067304
6946588901,528.1652473,127.8693415,231.7496338,1,4,1,4,4,2,3,1,Kandiyohi,Kandiyohi,3.5,45104,14.46,437,229,214,5854,38.3,9834,0,22,237,757,417,709,429,0.515466703,0.486323499
6946588875,528.1652473,127.8693415,231.7496338,1,3,2,,,5,,,Nicollet,,2.7,47338,15.17,482,,215,7567,182.3,0,0,29,241,749,417,874,475,0.601670627,0.576371249
6946588448,528.1652473,127.8693415,231.7496338,1,4,1,,5,2,2,1,Blue Earth,Blue Earth,3,47201,15.13,478,215,232,7565,344.4,5253,0,42,237,746,417,874,474,0.597152583,0.573103888
6946588193,528.1652473,127.8693415,231.7496338,1,4,2,4,5,1,1,10,Hennepin,Hennepin,3.1,64137,20.56,860,131,131,18090,31.3,1071,0,22,707,784,486,1113,555,0.666003954,0.627656542
6946587636,528.1652473,127.8693415,231.7496338,1,3,1,,5,2,1,1,Brown,Brown,3.8,43375,13.9,394,207,197,6875,229.6,2004,0,20,233,756,417,698,425,0.473061071,0.446461497
6946587356,528.1652473,127.8693415,231.7496338,1,3,,5,5,2,1,1,Nobles,Nobles,3.3,44214,14.17,416,191,189,7650,0,0,0,0,215,755,417,698,425,0.489543568,0.465783772
6946586671,528.1652473,127.8693415,231.7496338,1,3,1,5,5,2,1,1,Carver,Carver,3.1,64020,20.52,858,197,189,7866,89.4,5422,0,46,651,764,486,1113,549,0.428145138,0.387660352
6946586125,528.1652473,127.8693415,231.7496338,1,4,1,2,4,2,2,10,Wabasha,Wabasha,3.5,49026,15.71,531,186,186,5522,0,0,0,0,268,747,417,790,449,0.491844746,0.468476323
6946585546,528.1652473,127.8693415,231.7496338,1,3,1,5,5,3,1,1,Redwood,Redwood,3.9,44509,14.27,423,197,187,6552,254.2,54,0,19,199,764,417,698,427,0.476013148,0.455675529
6946584969,528.1652473,127.8693415,231.7496338,1,3,2,5,5,2,1,1,Le Sueur,Rice,4.8,50857,16.3,579,226,222,6745,95.5,5867,0,23,256,743,417,764,440,0.504071303,0.456636592
6946584818,528.1652473,127.8693415,231.7496338,1,3,3,4,5,1,1,1,Blue Earth,Blue Earth,3,47201,15.13,478,215,232,7565,344.4,5253,0,42,237,746,417,874,474,0.597152583,0.573103888
6946583955,368.6868663,-33.31408961,66.90331698,1,4,1,,4,2,2,8,Cottonwood,Cottonwood,6.1,44199,14.17,415,184,202,7059,165.2,1242,0,19,208,760,417,698,426,0.487624918,0.461972609
6946583813,368.6868663,-33.31408961,66.90331698,1,3,3,3,2,3,2,1,Dakota,Lac Qui Parle,3.1,64437,20.65,866,167,202,7757,23.8,833,0,13,741,756,486,1113,546,0.54005066,0.501171081
6946513673,368.6868663,-33.31408961,66.90331698,1,2,1,5,5,2,1,10,Sibley,Sibley,3.7,49421,15.84,546,237,226,6446,188.5,3302,0,32,219,762,417,711,431,0.45252079,0.418157076
6946511637,368.6868663,-33.31408961,66.90331698,1,4,1,4,4,2,2,1,Brown,Brown,3.8,43375,13.9,394,207,197,6875,229.6,2004,0,20,233,756,417,698,425,0.473061071,0.446461497
6946260193,368.6868663,-33.31408961,66.90331698,1,3,2,6,4,2,1,1,Redwood,Redwood,3.9,44509,14.27,423,197,187,6552,254.2,54,0,19,199,764,417,698,427,0.476013148,0.455675529
6946258184,368.6868663,-33.31408961,66.90331698,1,3,2,6,4,2,1,1,Watonwan,Watonwan,4.5,44271,14.19,417,215,213,6510,207.9,700,0,24,189,749,417,698,423,0.547407449,0.516861187
6946255870,368.6868663,-33.31408961,66.90331698,2,3,2,3,2,1,2,8,Dakota,Dakota,3.1,64437,20.65,866,203,202,7757,23.8,833,0,13,741,756,486,1113,546,0.54005066,0.501171081
6946253329,368.6868663,-33.31408961,66.90331698,1,4,1,2,4,3,2,1,Freeborn,Freeborn,3.8,45515,14.59,448,216,217,6071,0,2003,0,1,228,753,417,698,424,0.585108401,0.557988585
6946252003,368.6868663,-33.31408961,66.90331698,2,3,4,2,2,1,3,10,Rice,Rice,3.2,53785,17.24,638,226,214,6024,0,600,0,3,368,746,417,903,482,0.577500197,0.534763194
6946250964,368.6868663,-33.31408961,66.90331698,1,3,3,6,5,3,1,2,Murray,Murray,4.6,46138,14.79,464,225,177,6435,0,0,83.99,2,198,775,417,698,431,0.503379298,0.485067304
6946249196,368.6868663,-33.31408961,66.90331698,1,4,1,5,5,3,1,1,Jackson,Jackson,3.9,44714,14.33,428,195,202,7136,28.1,81,0,3,204,769,417,698,429,0.479507276,0.454818836
6946247015,368.6868663,-33.31408961,66.90331698,1,3,1,3,5,2,1,1,Murray,Murray,4.6,46138,14.79,464,225,177,6435,0,0,83.99,2,198,775,417,698,431,0.503379298,0.485067304
6946167103,368.6868663,-33.31408961,66.90331698,1,3,3,4,2,1,1,10,Cottonwood,Cottonwood,6.1,44199,14.17,415,184,202,7059,165.2,1242,0,19,208,760,417,698,426,0.487624918,0.461972609
6946164683,368.6868663,-33.31408961,66.90331698,1,2,2,6,4,2,1,7,Freeborn,Freeborn,3.8,45515,14.59,448,216,217,6071,0,2003,0,1,228,753,417,698,424,0.585108401,0.557988585
6946161348,368.6868663,-33.31408961,66.90331698,1,4,3,3,3,2,2,1,Nicollet,Nicollet,2.7,47338,15.17,482,223,215,7567,182.3,0,0,29,241,749,417,874,475,0.601670627,0.576371249
6946157221,368.6868663,-33.31408961,66.90331698,1,2,3,6,5,2,2,5,Grant,Grant,4.3,47714,15.29,504,193,168,4911,114.6,6178,0,10,210,762,417,698,427,0.563708026,0.546157232
6946154289,186.5626492,-216.3838627,-122.6305256,1,2,1,4,5,4,1,10,Lac Qui Parle,Lac Qui Parle,3.6,44917,14.4,433,167,170,4453,341.6,4,0,36,215,787,417,698,434,0.588319113,0.563202053
6946149478,186.5626492,-216.3838627,-122.6305256,1,3,1,3,3,2,1,1,Sibley,Sibley,3.7,49421,15.84,546,237,226,6446,188.5,3302,0,32,219,762,417,711,431,0.45252079,0.418157076
6946147157,186.5626492,-216.3838627,-122.6305256,1,4,1,3,5,2,1,5,Lac Qui Parle,Lac Qui Parle,3.6,44917,14.4,433,167,170,4453,341.6,4,0,36,215,787,417,698,434,0.588319113,0.563202053
6946144634,186.5626492,-216.3838627,-122.6305256,1,3,2,6,5,3,1,1,Le Sueur,Le Sueur,4.8,50857,16.3,579,228,222,6745,95.5,5867,0,23,256,743,417,764,440,0.504071303,0.456636592
6945891488,186.5626492,-216.3838627,-122.6305256,1,3,2,4,5,2,1,10,Lac Qui Parle,Lac Qui Parle,3.6,44917,14.4,433,167,170,4453,341.6,4,0,36,215,787,417,698,434,0.588319113,0.563202053
6945889965,186.5626492,-216.3838627,-122.6305256,1,3,3,5,5,3,1,10,Kandiyohi,Kandiyohi,3.5,45104,14.46,437,229,214,5854,38.3,9834,0,22,237,757,417,709,429,0.515466703,0.486323499
6945888906,186.5626492,-216.3838627,-122.6305256,,,,,4,2,1,1,Brown,Brown,3.8,43375,13.9,394,207,197,6875,229.6,2004,0,20,233,756,417,698,425,0.473061071,0.446461497
6945887634,186.5626492,-216.3838627,-122.6305256,1,2,3,7,5,4,1,1,Faribault,Faribault,4.4,45400,14.55,445,209,219,6585,136.2,199,0,12,203,784,417,698,433,0.490212387,0.463059358
6945886504,186.5626492,-216.3838627,-122.6305256,1,3,2,5,5,2,1,1,Pipestone,Pipestone,3.6,45742,14.66,454,202,180,6224,0,0,10.02,1,207,762,417,698,427,0.400032592,0.383953724
6945885329,186.5626492,-216.3838627,-122.6305256,1,2,2,2,2,1,1,1,Nicollet,Nicollet,2.7,47338,15.17,482,223,215,7567,182.3,0,0,29,241,749,417,874,475,0.601670627,0.576371249
6945884181,186.5626492,-216.3838627,-122.6305256,2,3,4,2,1,2,2,4,Dakota,Dakota,3.1,64437,20.65,866,203,202,7757,23.8,833,0,13,741,756,486,1113,546,0.54005066,0.501171081
6945882081,186.5626492,-216.3838627,-122.6305256,1,3,1,,4,2,2,1,Brown,Brown,3.8,43375,13.9,394,207,197,6875,229.6,2004,0,20,233,756,417,698,425,0.473061071,0.446461497
6945880499,186.5626492,-216.3838627,-122.6305256,1,3,2,3,4,1,3,1,Cottonwood,Cottonwood,6.1,44199,14.17,415,184,202,7059,165.2,1242,0,19,208,760,417,698,426,0.487624918,0.461972609
6945876874,186.5626492,-216.3838627,-122.6305256,1,3,2,6,5,2,1,4,Murray,Murray,4.6,46138,14.79,464,225,177,6435,0,0,83.99,2,198,775,417,698,431,0.503379298,0.485067304
6945874059,186.5626492,-216.3838627,-122.6305256,1,3,2,5,4,2,2,10,Yellow Medicine,Yellow Medicine,3.6,44597,14.29,425,183,183,5444,303.4,977,7.81,22,190,775,417,698,430,0.548234289,0.523649458
6945872667,186.5626492,-216.3838627,-122.6305256,1,3,2,4,5,2,1,1,Lyon,Lyon,3.3,43036,13.79,385,202,183,6275,263,1492,51.44,19,212,757,417,698,425,0.513802024,0.493156702
6945870973,655.9176981,250.91141,360.3985427,1,3,2,6,5,3,1,1,Renville,Renville,4.7,45944,14.73,459,217,219,6966,243.6,0,0,31,224,770,417,698,429,0.537740966,0.507963557
6945868936,655.9176981,250.91141,360.3985427,1,3,4,4,2,3,1,1,Lac Qui Parle,Lac Qui Parle,3.6,44917,14.4,433,167,170,4453,341.6,4,0,36,215,787,417,698,434,0.588319113,0.563202053
6945867319,655.9176981,250.91141,360.3985427,1,3,1,5,5,2,1,1,Murray,Murray,4.6,46138,14.79,464,225,177,6435,0,0,83.99,2,198,775,417,698,431,0.503379298,0.485067304
6945865748,655.9176981,250.91141,360.3985427,1,3,1,2,5,,2,1,Sibley,Sibley,3.7,49421,15.84,546,237,226,6446,188.5,3302,0,32,219,762,417,711,431,0.45252079,0.418157076
6945864732,655.9176981,250.91141,360.3985427,,,,,3,2,1,8,Sibley,Sibley,3.7,49421,15.84,546,237,226,6446,188.5,3302,0,32,219,762,417,711,431,0.45252079,0.418157076
6945771977,655.9176981,250.91141,360.3985427,1,4,2,2,4,2,1,2,Freeborn,Freeborn,3.8,45515,14.59,448,216,217,6071,0,2003,0,1,228,753,417,698,424,0.585108401,0.557988585
6945769093,655.9176981,250.91141,360.3985427,,,,,5,3,1,1,Lac Qui Parle,Lac Qui Parle,3.6,44917,14.4,433,167,170,4453,341.6,4,0,36,215,787,417,698,434,0.588319113,0.563202053
6945765963,655.9176981,250.91141,360.3985427,,,,,5,,1,5,Lincoln,Lincoln,3.5,46497,14.9,474,175,171,4481,149,6257,32.77,18,210,770,417,698,429,0.52325088,0.512927345
6945762450,655.9176981,250.91141,360.3985427,1,3,2,6,2,1,1,1,Murray,Murray,4.6,46138,14.79,464,225,177,6435,0,0,83.99,2,198,775,417,698,431,0.503379298,0.485067304
6945759082,655.9176981,250.91141,360.3985427,1,3,1,3,2,1,3,1,Brown,Brown,3.8,43375,13.9,394,207,197,6875,229.6,2004,0,20,233,756,417,698,425,0.473061071,0.446461497
6945753660,655.9176981,250.91141,360.3985427,1,4,1,5,5,2,1,1,Lyon,Lyon,3.3,43036,13.79,385,202,183,6275,263,1492,51.44,19,212,757,417,698,425,0.513802024,0.493156702
6945749841,655.9176981,250.91141,360.3985427,1,3,2,2,2,2,1,4,Le Sueur,Le Sueur,4.8,50857,16.3,579,228,222,6745,95.5,5867,0,23,256,743,417,764,440,0.504071303,0.456636592
6945491577,655.9176981,250.91141,360.3985427,1,3,2,4,5,2,1,2,Nicollet,Nicollet,2.7,47338,15.17,482,223,215,7567,182.3,0,0,29,241,749,417,874,475,0.601670627,0.576371249
6945489960,655.9176981,250.91141,360.3985427,,,,4,,2,1,,Brown,Brown,3.8,43375,13.9,394,207,197,6875,229.6,2004,0,20,233,756,417,698,425,0.473061071,0.446461497
6945488925,655.9176981,250.91141,360.3985427,2,3,2,2,3,2,2,1,Blue Earth,Blue Earth,3,47201,15.13,478,215,232,7565,344.4,5253,0,42,237,746,417,874,474,0.597152583,0.573103888
6945484811,655.9176981,250.91141,360.3985427,2,3,3,3,2,2,3,10,Martin,Martin,3.7,44252,14.18,417,234,222,7050,159,2503,0,18,199,758,417,698,426,0.431475543,0.401784945
6945483564,513.4642863,110.9353542,216.5297997,1,3,2,4,4,4,1,2,Nicollet,Nicollet,2.7,47338,15.17,482,223,215,7567,182.3,0,0,29,241,749,417,874,475,0.601670627,0.576371249
6945482225,513.4642863,110.9353542,216.5297997,1,3,3,3,2,1,1,1,Lyon,Lyon,3.3,43036,13.79,385,202,183,6275,263,1492,51.44,19,212,757,417,698,425,0.513802024,0.493156702
6945480813,513.4642863,110.9353542,216.5297997,,,,,3,2,1,8,Otter Tail,Otter Tail,4.2,46600,14.94,476,110,106,2686,14.5,7871,0,10,210,752,417,698,424,0.462804608,0.452347745
6945479131,513.4642863,110.9353542,216.5297997,1,4,1,6,5,,1,3,Dakota,Dakota,3.1,64437,20.65,866,203,202,7757,23.8,833,0,13,741,756,486,1113,546,0.54005066,0.501171081
6945476052,513.4642863,110.9353542,216.5297997,,,4,,5,,1,1,Traverse,Traverse,3.7,44212,14.17,415,150,170,5078,0,0,0,0,224,777,417,698,431,0.592261355,0.572932135
6945473463,513.4642863,110.9353542,216.5297997,1,3,3,3,3,2,1,5,Pope,Pope,3.2,45433,14.56,444,141,143,3631,121.5,21030,20.19,37,214,758,417,724,433,0.552550845,0.536178939
6945471288,513.4642863,110.9353542,216.5297997,1,4,1,3,4,,2,1,Dakota,Dakota,3.1,64437,20.65,866,203,202,7757,23.8,833,0,13,741,756,486,1113,546,0.54005066,0.501171081
6945469617,513.4642863,110.9353542,216.5297997,,,,,4,,2,1,Dakota,Dakota,3.1,64437,20.65,866,203,202,7757,23.8,833,0,13,741,756,486,1113,546,0.54005066,0.501171081
6945357761,513.4642863,110.9353542,216.5297997,1,4,4,3,3,2,2,10,Blue Earth,Blue Earth,3,47201,15.13,478,215,232,7565,344.4,5253,0,42,237,746,417,874,474,0.597152583,0.573103888
6945346677,513.4642863,110.9353542,216.5297997,1,4,3,4,4,2,2,1,Lincoln,Lincoln,3.5,46497,14.9,474,175,171,4481,149,6257,32.77,18,210,770,417,698,429,0.52325088,0.512927345
6945339362,513.4642863,110.9353542,216.5297997,1,3,3,2,4,2,1,1,Jackson,Jackson,3.9,44714,14.33,428,195,202,7136,28.1,81,0,3,204,769,417,698,429,0.479507276,0.454818836
6945333858,513.4642863,110.9353542,216.5297997,2,3,2,3,5,2,2,1,Blue Earth,Blue Earth,3,47201,15.13,478,215,232,7565,344.4,5253,0,42,237,746,417,874,474,0.597152583,0.573103888
6945330465,513.4642863,110.9353542,216.5297997,1,3,3,6,3,2,1,1,Sibley,Sibley,3.7,49421,15.84,546,237,226,6446,188.5,3302,0,32,219,762,417,711,431,0.45252079,0.418157076
6945096694,513.4642863,110.9353542,216.5297997,1,3,1,2,2,1,2,3,McLeod,McLeod,4,47920,15.36,508,209,223,5987,18.6,0,0,4,256,742,417,704,423,0.455309006,0.431893644
6945095461,513.4642863,110.9353542,216.5297997,1,3,1,5,5,2,1,1,Lac Qui Parle,Lac Qui Parle,3.6,44917,14.4,433,167,170,4453,341.6,4,0,36,215,787,417,698,434,0.588319113,0.563202053
6945093820,513.4642863,110.9353542,216.5297997,2,3,1,3,,2,2,,Otter Tail,Otter Tail,4.2,46600,14.94,476,110,106,2686,14.5,7871,0,10,210,752,417,698,424,0.462804608,0.452347745
6945090035,77.49363475,-326.2466754,-233.1869577,1,4,2,,4,3,2,1,Redwood,Redwood,3.9,44509,14.27,423,197,187,6552,254.2,54,0,19,199,764,417,698,427,0.476013148,0.455675529
6945087838,77.49363475,-326.2466754,-233.1869577,1,3,1,6,4,1,1,10,Murray,Murray,4.6,46138,14.79,464,225,177,6435,0,0,83.99,2,198,775,417,698,431,0.503379298,0.485067304
6945086238,77.49363475,-326.2466754,-233.1869577,1,3,2,4,5,2,1,1,Steele,Steele,3.4,46929,15.04,478,214,219,6065,0,0,0,0,226,753,417,790,451,0.512330888,0.489307795
6945075683,77.49363475,-326.2466754,-233.1869577,1,4,2,4,,2,1,1,Dakota,Dakota,3.1,64437,20.65,866,203,202,7757,23.8,833,0,13,741,756,486,1113,546,0.54005066,0.501171081
6945073672,77.49363475,-326.2466754,-233.1869577,1,4,1,,,2,2,4,Le Sueur,Le Sueur,4.8,50857,16.3,579,228,222,6745,95.5,5867,0,23,256,743,417,764,440,0.504071303,0.456636592
6945071639,77.49363475,-326.2466754,-233.1869577,1,4,1,3,4,2,2,4,Waseca,Waseca,4,46304,14.84,468,224,216,6922,95,284,0,10,225,762,417,698,427,0.510246648,0.48386545
6945069066,77.49363475,-326.2466754,-233.1869577,1,4,1,3,5,2,1,10,Otter Tail,Otter Tail,4.2,46600,14.94,476,110,106,2686,14.5,7871,0,10,210,752,417,698,424,0.462804608,0.452347745
6945066152,77.49363475,-326.2466754,-233.1869577,2,3,3,7,5,2,3,4,Yellow Medicine,Yellow Medicine,3.6,44597,14.29,425,183,183,5444,303.4,977,7.81,22,190,775,417,698,430,0.548234289,0.523649458
6941915788,77.49363475,-326.2466754,-233.1869577,1,3,,5,5,2,1,8,Otter Tail,Otter Tail,4.2,46600,14.94,476,110,106,2686,14.5,7871,0,10,210,752,417,698,424,0.462804608,0.452347745
6941781008,77.49363475,-326.2466754,-233.1869577,1,3,2,3,3,2,1,10,McLeod,McLeod,4,47920,15.36,508,209,223,5987,18.6,0,0,4,256,742,417,704,423,0.455309006,0.431893644
6941005128,77.49363475,-326.2466754,-233.1869577,,,,,,5,,,Carver,Carver,3.1,64020,20.52,858,197,189,7866,89.4,5422,0,46,651,764,486,1113,549,0.428145138,0.387660352
6940815398,77.49363475,-326.2466754,-233.1869577,,,,,5,1,1,1,Murray,Murray,4.6,46138,14.79,464,225,177,6435,0,0,83.99,2,198,775,417,698,431,0.503379298,0.485067304
6940155468,77.49363475,-326.2466754,-233.1869577,1,2,3,4,4,2,2,1,Stevens,Stevens,2.8,41053,13.16,336,150,164,5718,21.5,1911,77.27,10,184,751,417,698,424,0.556190597,0.538722106
6937754838,77.49363475,-326.2466754,-233.1869577,1,3,3,4,4,2,1,1,Martin,Martin,3.7,44252,14.18,417,234,222,7050,159,2503,0,18,199,758,417,698,426,0.431475543,0.401784945
6936574728,77.49363475,-326.2466754,-233.1869577,1,2,4,4,2,2,1,10,Blue Earth,Watonwan,3,47201,15.13,478,215,232,7565,344.4,5253,0,42,237,746,417,874,474,0.597152583,0.573103888
6934585817,77.49363475,-326.2466754,-233.1869577,1,3,2,3,2,2,1,2,Blue Earth,Blue Earth,3,47201,15.13,478,215,232,7565,344.4,5253,0,42,237,746,417,874,474,0.597152583,0.573103888
6934559667,502.7287606,102.7631781,206.624764,1,2,3,7,5,4,1,1,McLeod,Renville,4,47920,15.36,508,217,223,5987,18.6,0,0,4,256,742,417,704,423,0.455309006,0.431893644
6934348442,502.7287606,102.7631781,206.624764,1,4,4,3,2,1,3,10,Hennepin,Pine,3.1,64137,20.56,860,32,131,18090,31.3,1071,0,22,707,784,486,1113,555,0.666003954,0.627656542
6934185982,502.7287606,102.7631781,206.624764,1,3,2,2,1,1,2,2,Carver,Carver,3.1,64020,20.52,858,197,189,7866,89.4,5422,0,46,651,764,486,1113,549,0.428145138,0.387660352
6933987919,502.7287606,102.7631781,206.624764,1,2,2,4,2,1,1,1,Nicollet,Nicollet,2.7,47338,15.17,482,223,215,7567,182.3,0,0,29,241,749,417,874,475,0.601670627,0.576371249
6933706763,502.7287606,102.7631781,206.624764,1,2,2,7,5,4,1,2,Kandiyohi,Kandiyohi,3.5,45104,14.46,437,229,214,5854,38.3,9834,0,22,237,757,417,709,429,0.515466703,0.486323499
6933503691,502.7287606,102.7631781,206.624764,1,3,3,6,4,2,1,1,Cottonwood,Cottonwood,6.1,44199,14.17,415,184,202,7059,165.2,1242,0,19,208,760,417,698,426,0.487624918,0.461972609
6933154498,502.7287606,102.7631781,206.624764,1,3,4,3,1,2,1,3,Dakota,Houston,3.1,64437,20.65,866,178,202,7757,23.8,833,0,13,741,756,486,1113,546,0.54005066,0.501171081
6933133137,502.7287606,102.7631781,206.624764,,,,,2,2,1,10,Brown,Brown,3.8,43375,13.9,394,207,197,6875,229.6,2004,0,20,233,756,417,698,425,0.473061071,0.446461497
6932752643,502.7287606,102.7631781,206.624764,1,3,2,6,5,4,1,1,Sibley,Sibley,3.7,49421,15.84,546,237,226,6446,188.5,3302,0,32,219,762,417,711,431,0.45252079,0.418157076
6932751625,502.7287606,102.7631781,206.624764,,,,,5,2,1,1,Chippewa,Chippewa,4.1,44660,14.31,427,199,190,6478,130.4,5668,61.8,14,214,759,417,698,426,0.575888908,0.545665705
6932688717,502.7287606,102.7631781,206.624764,1,3,2,3,5,2,1,1,Martin,Martin,3.7,44252,14.18,417,234,222,7050,159,2503,0,18,199,758,417,698,426,0.431475543,0.401784945
6932441494,502.7287606,102.7631781,206.624764,,,,,5,3,1,10,Grant,Grant,4.3,47714,15.29,504,193,168,4911,114.6,6178,0,10,210,762,417,698,427,0.563708026,0.546157232
6932293849,502.7287606,102.7631781,206.624764,1,3,3,2,2,1,,10,Otter Tail,Otter Tail,4.2,46600,14.94,476,110,106,2686,14.5,7871,0,10,210,752,417,698,424,0.462804608,0.452347745
6932088242,502.7287606,102.7631781,206.624764,2,4,3,4,5,,2,4,Freeborn,Freeborn,3.8,45515,14.59,448,216,217,6071,0,2003,0,1,228,753,417,698,424,0.585108401,0.557988585
6931894923,502.7287606,102.7631781,206.624764,1,3,2,5,4,2,1,1,Stevens,Stevens,2.8,41053,13.16,336,150,164,5718,21.5,1911,77.27,10,184,751,417,698,424,0.556190597,0.538722106
6931885688,502.7287606,102.7631781,206.624764,,,,,3,2,1,1,Blue Earth,Blue Earth,3,47201,15.13,478,215,232,7565,344.4,5253,0,42,237,746,417,874,474,0.597152583,0.573103888
6931787072,-116.7255499,-522.1079953,-435.2991258,1,2,4,3,3,1,1,10,Otter Tail,Otter Tail,4.2,46600,14.94,476,110,106,2686,14.5,7871,0,10,210,752,417,698,424,0.462804608,0.452347745
6931585020,-116.7255499,-522.1079953,-435.2991258,1,2,2,2,1,1,1,1,Brown,Brown,3.8,43375,13.9,394,207,197,6875,229.6,2004,0,20,233,756,417,698,425,0.473061071,0.446461497
6931498222,-116.7255499,-522.1079953,-435.2991258,1,3,1,5,5,4,1,3,Swift,Swift,4.2,43738,14.02,404,150,174,5396,150.7,1837,0,19,196,765,417,698,428,0.599411423,0.577035997
6931279978,-116.7255499,-522.1079953,-435.2991258,2,2,3,3,4,2,2,1,Blue Earth,Blue Earth,3,47201,15.13,478,215,232,7565,344.4,5253,0,42,237,746,417,874,474,0.597152583,0.573103888
6930958766,-116.7255499,-522.1079953,-435.2991258,1,2,4,6,4,2,1,10,Renville,Renville,4.7,45944,14.73,459,217,219,6966,243.6,0,0,31,224,770,417,698,429,0.537740966,0.507963557
6930668529,-116.7255499,-522.1079953,-435.2991258,1,1,2,2,3,5,2,10,Martin,,3.7,44252,14.18,417,,222,7050,159,2503,0,18,199,758,417,698,426,0.431475543,0.401784945
6930465140,-116.7255499,-522.1079953,-435.2991258,1,3,3,4,4,3,1,2,Martin,Martin,3.7,44252,14.18,417,234,222,7050,159,2503,0,18,199,758,417,698,426,0.431475543,0.401784945
6930456202,-116.7255499,-522.1079953,-435.2991258,3,3,1,3,3,2,1,1,Nobles,Nobles,3.3,44214,14.17,416,191,189,7650,0,0,0,0,215,755,417,698,425,0.489543568,0.465783772
6930330199,-116.7255499,-522.1079953,-435.2991258,1,2,2,3,4,2,1,2,Sibley,Sibley,3.7,49421,15.84,546,237,226,6446,188.5,3302,0,32,219,762,417,711,431,0.45252079,0.418157076
6930202534,-116.7255499,-522.1079953,-435.2991258,2,2,3,3,5,1,1,10,Rice,Rice,3.2,53785,17.24,638,226,214,6024,0,600,0,3,368,746,417,903,482,0.577500197,0.534763194
6930096244,-116.7255499,-522.1079953,-435.2991258,,,,,5,4,1,1,Lyon,Lyon,3.3,43036,13.79,385,202,183,6275,263,1492,51.44,19,212,757,417,698,425,0.513802024,0.493156702
6930079051,-116.7255499,-522.1079953,-435.2991258,1,3,2,6,5,2,1,1,Faribault,Faribault,4.4,45400,14.55,445,209,219,6585,136.2,199,0,12,203,784,417,698,433,0.490212387,0.463059358
6929947545,-116.7255499,-522.1079953,-435.2991258,2,4,2,2,5,2,2,1,Martin,Martin,3.7,44252,14.18,417,234,222,7050,159,2503,0,18,199,758,417,698,426,0.431475543,0.401784945
6929858535,-116.7255499,-522.1079953,-435.2991258,1,3,3,4,5,2,1,1,Redwood,Redwood,3.9,44509,14.27,423,197,187,6552,254.2,54,0,19,199,764,417,698,427,0.476013148,0.455675529
6929566355,-116.7255499,-522.1079953,-435.2991258,1,3,3,3,2,2,1,4,Hennepin,Isanti,3.1,64137,20.56,860,62,131,18090,31.3,1071,0,22,707,784,486,1113,555,0.666003954,0.627656542
6929551675,-116.7255499,-522.1079953,-435.2991258,1,3,2,5,5,2,1,1,Nicollet,Nicollet,2.7,47338,15.17,482,223,215,7567,182.3,0,0,29,241,749,417,874,475,0.601670627,0.576371249
6929344611,474.9638305,75.78603906,178.8566588,1,3,2,4,5,2,1,10,Faribault,Faribault,4.4,45400,14.55,445,209,219,6585,136.2,199,0,12,203,784,417,698,433,0.490212387,0.463059358
6929143264,474.9638305,75.78603906,178.8566588,1,4,1,3,5,2,1,4,Jackson,Jackson,3.9,44714,14.33,428,195,202,7136,28.1,81,0,3,204,769,417,698,429,0.479507276,0.454818836
6928839973,474.9638305,75.78603906,178.8566588,,,,,4,2,1,1,Waseca,Waseca,4,46304,14.84,468,224,216,6922,95,284,0,10,225,762,417,698,427,0.510246648,0.48386545
6928802489,474.9638305,75.78603906,178.8566588,1,4,1,2,5,3,2,1,Waseca,Waseca,4,46304,14.84,468,224,216,6922,95,284,0,10,225,762,417,698,427,0.510246648,0.48386545
6928795921,474.9638305,75.78603906,178.8566588,1,3,2,5,2,2,1,1,Blue Earth,Blue Earth,3,47201,15.13,478,215,232,7565,344.4,5253,0,42,237,746,417,874,474,0.597152583,0.573103888
6928735471,474.9638305,75.78603906,178.8566588,,,,,4,2,1,1,Martin,Martin,3.7,44252,14.18,417,234,222,7050,159,2503,0,18,199,758,417,698,426,0.431475543,0.401784945
6928713560,474.9638305,75.78603906,178.8566588,1,3,3,3,4,3,1,2,Nicollet,Nicollet,2.7,47338,15.17,482,223,215,7567,182.3,0,0,29,241,749,417,874,475,0.601670627,0.576371249
6928704976,474.9638305,75.78603906,178.8566588,1,4,2,2,2,2,1,1,Jackson,Jackson,3.9,44714,14.33,428,195,202,7136,28.1,81,0,3,204,769,417,698,429,0.479507276,0.454818836
6928541618,474.9638305,75.78603906,178.8566588,1,3,2,4,4,2,1,1,Brown,Brown,3.8,43375,13.9,394,207,197,6875,229.6,2004,0,20,233,756,417,698,425,0.473061071,0.446461497
6928526475,474.9638305,75.78603906,178.8566588,,,,,5,2,1,1,Cottonwood,Cottonwood,6.1,44199,14.17,415,184,202,7059,165.2,1242,0,19,208,760,417,698,426,0.487624918,0.461972609
6928506433,474.9638305,75.78603906,178.8566588,,,,,3,1,1,3,Freeborn,Freeborn,3.8,45515,14.59,448,216,217,6071,0,2003,0,1,228,753,417,698,424,0.585108401,0.557988585
6928504611,474.9638305,75.78603906,178.8566588,2,3,2,2,2,2,1,1,Waseca,Waseca,4,46304,14.84,468,224,216,6922,95,284,0,10,225,762,417,698,427,0.510246648,0.48386545
6928482714,474.9638305,75.78603906,178.8566588,1,3,2,6,4,2,1,1,Otter Tail,Otter Tail,4.2,46600,14.94,476,110,106,2686,14.5,7871,0,10,210,752,417,698,424,0.462804608,0.452347745
6928473662,474.9638305,75.78603906,178.8566588,1,3,2,3,3,1,1,4,Blue Earth,Blue Earth,3,47201,15.13,478,215,232,7565,344.4,5253,0,42,237,746,417,874,474,0.597152583,0.573103888
6928311009,474.9638305,75.78603906,178.8566588,1,2,3,4,5,4,1,10,Big Stone,Big Stone,4.4,45127,14.46,439,137,163,4190,77.3,17858,0,17,199,763,417,698,427,0.568376068,0.548433378
6928285300,474.9638305,75.78603906,178.8566588,1,3,1,4,5,2,1,7,Lyon,Lyon,3.3,43036,13.79,385,202,183,6275,263,1492,51.44,19,212,757,417,698,425,0.513802024,0.493156702
6928282907,500.0624196,98.03818211,202.1162906,1,3,2,6,5,3,1,10,Douglas,Douglas,3.3,46153,14.79,459,119,129,3410,4.4,10017,11.03,16,220,748,417,764,442,0.477512787,0.458586311
6928248814,500.0624196,98.03818211,202.1162906,3,4,1,1,3,2,2,1,Douglas,Douglas,3.3,46153,14.79,459,119,129,3410,4.4,10017,11.03,16,220,748,417,764,442,0.477512787,0.458586311
6928220423,500.0624196,98.03818211,202.1162906,1,3,2,4,5,3,2,10,,,,,,,,,,,,,,,,,,,,
6928200982,500.0624196,98.03818211,202.1162906,1,4,3,6,4,4,2,4,Freeborn,Freeborn,3.8,45515,14.59,448,216,217,6071,0,2003,0,1,228,753,417,698,424,0.585108401,0.557988585
6928197304,500.0624196,98.03818211,202.1162906,1,3,2,7,5,3,1,1,Jackson,Jackson,3.9,44714,14.33,428,195,202,7136,28.1,81,0,3,204,769,417,698,429,0.479507276,0.454818836
6928055902,500.0624196,98.03818211,202.1162906,1,3,1,2,3,1,1,1,Brown,Brown,3.8,43375,13.9,394,207,197,6875,229.6,2004,0,20,233,756,417,698,425,0.473061071,0.446461497
6928055608,500.0624196,98.03818211,202.1162906,3,3,3,7,5,4,1,1,Otter Tail,Wilkin,4.2,46600,14.94,476,134,106,2686,14.5,7871,0,10,210,752,417,698,424,0.462804608,0.452347745
6928052617,500.0624196,98.03818211,202.1162906,3,3,1,,5,2,1,1,Brown,Brown,3.8,43375,13.9,394,207,197,6875,229.6,2004,0,20,233,756,417,698,425,0.473061071,0.446461497
6928043253,500.0624196,98.03818211,202.1162906,,,,,5,2,2,1,McLeod,McLeod,4,47920,15.36,508,209,223,5987,18.6,0,0,4,256,742,417,704,423,0.455309006,0.431893644
6928029902,500.0624196,98.03818211,202.1162906,1,3,2,1,1,2,2,10,Grant,Grant,4.3,47714,15.29,504,193,168,4911,114.6,6178,0,10,210,762,417,698,427,0.563708026,0.546157232
6928014492,500.0624196,98.03818211,202.1162906,,,,,3,1,,1,Jackson,Jackson,3.9,44714,14.33,428,195,202,7136,28.1,81,0,3,204,769,417,698,429,0.479507276,0.454818836
6927954841,500.0624196,98.03818211,202.1162906,,,,,,1,3,,Washington,Washington,3.1,63268,20.28,842,114,114,13993,0,0,0,0,623,756,486,1113,546,0.544188186,0.512662407
6927954250,500.0624196,98.03818211,202.1162906,1,4,1,3,4,2,2,1,Grant,Grant,4.3,47714,15.29,504,193,168,4911,114.6,6178,0,10,210,762,417,698,427,0.563708026,0.546157232
6927948667,500.0624196,98.03818211,202.1162906,1,3,1,4,5,2,1,1,Redwood,Redwood,3.9,44509,14.27,423,197,187,6552,254.2,54,0,19,199,764,417,698,427,0.476013148,0.455675529
6927942980,500.0624196,98.03818211,202.1162906,1,3,4,7,5,3,1,2,Swift,Swift,4.2,43738,14.02,404,150,174,5396,150.7,1837,0,19,196,765,417,698,428,0.599411423,0.577035997
6927914142,500.0624196,98.03818211,202.1162906,,4,1,6,5,3,1,,Big Stone,Big Stone,4.4,45127,14.46,439,137,163,4190,77.3,17858,0,17,199,763,417,698,427,0.568376068,0.548433378
6927913113,406.6523739,7.040968448,107.3275443,1,3,2,2,2,2,1,1,Brown,Brown,3.8,43375,13.9,394,207,197,6875,229.6,2004,0,20,233,756,417,698,425,0.473061071,0.446461497
6927899941,406.6523739,7.040968448,107.3275443,,,,,5,4,1,1,Brown,Brown,3.8,43375,13.9,394,207,197,6875,229.6,2004,0,20,233,756,417,698,425,0.473061071,0.446461497
6927866573,406.6523739,7.040968448,107.3275443,1,3,2,1,1,1,3,10,Waseca,Waseca,4,46304,14.84,468,224,216,6922,95,284,0,10,225,762,417,698,427,0.510246648,0.48386545
6927857741,406.6523739,7.040968448,107.3275443,2,3,2,3,3,2,1,1,Murray,Murray,4.6,46138,14.79,464,225,177,6435,0,0,83.99,2,198,775,417,698,431,0.503379298,0.485067304
6927775381,406.6523739,7.040968448,107.3275443,,,,,2,1,2,7,Swift,Swift,4.2,43738,14.02,404,150,174,5396,150.7,1837,0,19,196,765,417,698,428,0.599411423,0.577035997
6927608649,406.6523739,7.040968448,107.3275443,1,3,1,5,4,2,1,1,Sibley,Sibley,3.7,49421,15.84,546,237,226,6446,188.5,3302,0,32,219,762,417,711,431,0.45252079,0.418157076
6927564241,406.6523739,7.040968448,107.3275443,,,,,4,2,1,1,Redwood,Redwood,3.9,44509,14.27,423,197,187,6552,254.2,54,0,19,199,764,417,698,427,0.476013148,0.455675529
6927545653,406.6523739,7.040968448,107.3275443,1,3,1,2,2,2,1,1,Big Stone,Big Stone,4.4,45127,14.46,439,137,163,4190,77.3,17858,0,17,199,763,417,698,427,0.568376068,0.548433378
6927471449,406.6523739,7.040968448,107.3275443,1,4,1,3,5,2,1,1,,,,,,,,,,,,,,,,,,,,
6927238205,406.6523739,7.040968448,107.3275443,1,3,3,4,3,2,1,1,Freeborn,Freeborn,3.8,45515,14.59,448,216,217,6071,0,2003,0,1,228,753,417,698,424,0.585108401,0.557988585
6927085272,406.6523739,7.040968448,107.3275443,2,2,2,2,1,2,2,1,Grant,Grant,4.3,47714,15.29,504,193,168,4911,114.6,6178,0,10,210,762,417,698,427,0.563708026,0.546157232
6926902789,406.6523739,7.040968448,107.3275443,1,4,3,5,5,2,2,10,Big Stone,Big Stone,4.4,45127,14.46,439,137,163,4190,77.3,17858,0,17,199,763,417,698,427,0.568376068,0.548433378
6926883676,406.6523739,7.040968448,107.3275443,1,3,1,2,2,1,2,1,Blue Earth,Blue Earth,3,47201,15.13,478,215,232,7565,344.4,5253,0,42,237,746,417,874,474,0.597152583,0.573103888
6926684241,406.6523739,7.040968448,107.3275443,1,3,3,,5,4,1,1,Grant,Grant,4.3,47714,15.29,504,193,168,4911,114.6,6178,0,10,210,762,417,698,427,0.563708026,0.546157232
6926133812,406.6523739,7.040968448,107.3275443,1,3,2,7,4,3,1,4,Renville,McLeod,4.7,45944,14.73,459,209,219,6966,243.6,0,0,31,224,770,417,698,429,0.537740966,0.507963557
6925691377,406.6523739,7.040968448,107.3275443,2,3,2,4,1,3,2,1,Nicollet,Nicollet,2.7,47338,15.17,482,223,215,7567,182.3,0,0,29,241,749,417,874,475,0.601670627,0.576371249
6925479410,564.2979732,162.584317,267.4952877,1,3,2,3,5,1,3,10,Le Sueur,Le Sueur,4.8,50857,16.3,579,228,222,6745,95.5,5867,0,23,256,743,417,764,440,0.504071303,0.456636592
6925475963,564.2979732,162.584317,267.4952877,,,,,3,2,1,1,Renville,Yellow Medicine,4.7,45944,14.73,459,183,219,6966,243.6,0,0,31,224,770,417,698,429,0.537740966,0.507963557
6925475627,564.2979732,162.584317,267.4952877,1,3,3,3,3,2,2,1,Sibley,Sibley,3.7,49421,15.84,546,237,226,6446,188.5,3302,0,32,219,762,417,711,431,0.45252079,0.418157076
6925411481,564.2979732,162.584317,267.4952877,1,3,4,5,2,4,1,1,Waseca,Waseca,4,46304,14.84,468,224,216,6922,95,284,0,10,225,762,417,698,427,0.510246648,0.48386545
6925391133,564.2979732,162.584317,267.4952877,1,4,2,4,5,2,2,1,Yellow Medicine,Lac Qui Parle,3.6,44597,14.29,425,167,183,5444,303.4,977,7.81,22,190,775,417,698,430,0.548234289,0.523649458
6925351988,564.2979732,162.584317,267.4952877,1,3,2,6,5,3,1,10,Redwood,Redwood,3.9,44509,14.27,423,197,187,6552,254.2,54,0,19,199,764,417,698,427,0.476013148,0.455675529
6925276018,564.2979732,162.584317,267.4952877,1,3,2,6,5,4,1,10,Stevens,Stevens,2.8,41053,13.16,336,150,164,5718,21.5,1911,77.27,10,184,751,417,698,424,0.556190597,0.538722106
6925148928,564.2979732,162.584317,267.4952877,,,,,,5,,,Hennepin,,3.1,64137,20.56,860,,131,18090,31.3,1071,0,22,707,784,486,1113,555,0.666003954,0.627656542
6925117930,564.2979732,162.584317,267.4952877,,,,,4,3,1,1,Renville,,4.7,45944,14.73,459,,219,6966,243.6,0,0,31,224,770,417,698,429,0.537740966,0.507963557
6925112112,564.2979732,162.584317,267.4952877,1,2,3,7,5,4,1,10,Chippewa,Chippewa,4.1,44660,14.31,427,199,190,6478,130.4,5668,61.8,14,214,759,417,698,426,0.575888908,0.545665705
6925090735,564.2979732,162.584317,267.4952877,1,3,3,5,5,2,1,3,Cottonwood,Cottonwood,6.1,44199,14.17,415,184,202,7059,165.2,1242,0,19,208,760,417,698,426,0.487624918,0.461972609
6925029626,564.2979732,162.584317,267.4952877,1,4,3,2,1,1,3,7,Le Sueur,Le Sueur,4.8,50857,16.3,579,228,222,6745,95.5,5867,0,23,256,743,417,764,440,0.504071303,0.456636592
6924889661,564.2979732,162.584317,267.4952877,1,3,2,5,5,3,1,1,Chippewa,Chippewa,4.1,44660,14.31,427,199,190,6478,130.4,5668,61.8,14,214,759,417,698,426,0.575888908,0.545665705
6924789209,564.2979732,162.584317,267.4952877,1,3,3,4,5,2,1,1,Renville,Renville,4.7,45944,14.73,459,217,219,6966,243.6,0,0,31,224,770,417,698,429,0.537740966,0.507963557
6924648234,564.2979732,162.584317,267.4952877,,,,,5,2,1,1,Swift,Swift,4.2,43738,14.02,404,150,174,5396,150.7,1837,0,19,196,765,417,698,428,0.599411423,0.577035997
6924604682,564.2979732,162.584317,267.4952877,1,4,4,2,3,1,2,2,Martin,Martin,3.7,44252,14.18,417,234,222,7050,159,2503,0,18,199,758,417,698,426,0.431475543,0.401784945
6924597547,639.4753906,236.3078594,345.1448824,1,3,2,6,5,2,1,1,Redwood,Redwood,3.9,44509,14.27,423,197,187,6552,254.2,54,0,19,199,764,417,698,427,0.476013148,0.455675529
6924548198,639.4753906,236.3078594,345.1448824,2,2,3,2,4,1,3,10,Le Sueur,Le Sueur,4.8,50857,16.3,579,228,222,6745,95.5,5867,0,23,256,743,417,764,440,0.504071303,0.456636592
6924513479,639.4753906,236.3078594,345.1448824,1,3,1,6,5,2,1,1,Jackson,Jackson,3.9,44714,14.33,428,195,202,7136,28.1,81,0,3,204,769,417,698,429,0.479507276,0.454818836
6924372074,639.4753906,236.3078594,345.1448824,1,2,2,5,4,2,1,1,Chippewa,Chippewa,4.1,44660,14.31,427,199,190,6478,130.4,5668,61.8,14,214,759,417,698,426,0.575888908,0.545665705
6924359661,639.4753906,236.3078594,345.1448824,2,3,3,4,5,2,1,1,Sibley,Sibley,3.7,49421,15.84,546,237,226,6446,188.5,3302,0,32,219,762,417,711,431,0.45252079,0.418157076
6924334238,639.4753906,236.3078594,345.1448824,3,4,3,3,4,2,2,3,Freeborn,Freeborn,3.8,45515,14.59,448,216,217,6071,0,2003,0,1,228,753,417,698,424,0.585108401,0.557988585
6924333898,639.4753906,236.3078594,345.1448824,,,,,4,2,2,3,Freeborn,Freeborn,3.8,45515,14.59,448,216,217,6071,0,2003,0,1,228,753,417,698,424,0.585108401,0.557988585
6924327658,639.4753906,236.3078594,345.1448824,,,,,5,2,1,9,Waseca,Waseca,4,46304,14.84,468,224,216,6922,95,284,0,10,225,762,417,698,427,0.510246648,0.48386545
6924319094,639.4753906,236.3078594,345.1448824,1,3,2,3,4,1,3,1,Renville,Renville,4.7,45944,14.73,459,217,219,6966,243.6,0,0,31,224,770,417,698,429,0.537740966,0.507963557
6924303569,639.4753906,236.3078594,345.1448824,1,3,3,3,2,2,2,1,Freeborn,Freeborn,3.8,45515,14.59,448,216,217,6071,0,2003,0,1,228,753,417,698,424,0.585108401,0.557988585
6924255499,639.4753906,236.3078594,345.1448824,1,3,2,5,5,2,1,9,Brown,Brown,3.8,43375,13.9,394,207,197,6875,229.6,2004,0,20,233,756,417,698,425,0.473061071,0.446461497
6924252974,639.4753906,236.3078594,345.1448824,3,4,1,3,3,2,3,1,Blue Earth,Blue Earth,3,47201,15.13,478,215,232,7565,344.4,5253,0,42,237,746,417,874,474,0.597152583,0.573103888
6924251283,639.4753906,236.3078594,345.1448824,,,,,5,2,1,4,Swift,Swift,4.2,43738,14.02,404,150,174,5396,150.7,1837,0,19,196,765,417,698,428,0.599411423,0.577035997
6924246168,639.4753906,236.3078594,345.1448824,,,,,5,4,1,10,Redwood,Redwood,3.9,44509,14.27,423,197,187,6552,254.2,54,0,19,199,764,417,698,427,0.476013148,0.455675529
6924239246,639.4753906,236.3078594,345.1448824,1,4,1,4,5,3,2,10,Cottonwood,Cottonwood,6.1,44199,14.17,415,184,202,7059,165.2,1242,0,19,208,760,417,698,426,0.487624918,0.461972609
6924231184,639.4753906,236.3078594,345.1448824,1,3,1,3,3,2,1,1,Sibley,Sibley,3.7,49421,15.84,546,237,226,6446,188.5,3302,0,32,219,762,417,711,431,0.45252079,0.418157076
6924226818,331.5907132,-70.28122119,29.71254468,1,4,3,3,3,2,1,1,Jackson,Jackson,3.9,44714,14.33,428,195,202,7136,28.1,81,0,3,204,769,417,698,429,0.479507276,0.454818836
6924224030,331.5907132,-70.28122119,29.71254468,1,3,3,4,2,2,1,1,Sibley,Sibley,3.7,49421,15.84,546,237,226,6446,188.5,3302,0,32,219,762,417,711,431,0.45252079,0.418157076
6924223908,331.5907132,-70.28122119,29.71254468,1,4,1,3,5,2,1,3,Pipestone,Pipestone,3.6,45742,14.66,454,202,180,6224,0,0,10.02,1,207,762,417,698,427,0.400032592,0.383953724
6924215880,331.5907132,-70.28122119,29.71254468,,,,,5,2,2,1,,,,,,,,,,,,,,,,,,,,
6924211132,331.5907132,-70.28122119,29.71254468,2,2,3,3,3,4,1,2,Watonwan,Watonwan,4.5,44271,14.19,417,215,213,6510,207.9,700,0,24,189,749,417,698,423,0.547407449,0.516861187
6924209904,331.5907132,-70.28122119,29.71254468,1,3,1,6,5,2,1,4,Kandiyohi,Kandiyohi,3.5,45104,14.46,437,229,214,5854,38.3,9834,0,22,237,757,417,709,429,0.515466703,0.486323499
6924194655,331.5907132,-70.28122119,29.71254468,,,,,5,2,1,1,Douglas,Stevens,3.3,46153,14.79,459,150,129,3410,4.4,10017,11.03,16,220,748,417,764,442,0.477512787,0.458586311
6924101928,331.5907132,-70.28122119,29.71254468,1,2,4,4,2,2,1,4,Pope,Pope,3.2,45433,14.56,444,141,143,3631,121.5,21030,20.19,37,214,758,417,724,433,0.552550845,0.536178939
6924100619,331.5907132,-70.28122119,29.71254468,,,,,5,3,1,3,Brown,Brown,3.8,43375,13.9,394,207,197,6875,229.6,2004,0,20,233,756,417,698,425,0.473061071,0.446461497
6924088968,331.5907132,-70.28122119,29.71254468,,,,,4,3,1,1,Cottonwood,Cottonwood,6.1,44199,14.17,415,184,202,7059,165.2,1242,0,19,208,760,417,698,426,0.487624918,0.461972609
6924079621,331.5907132,-70.28122119,29.71254468,1,4,1,2,3,2,2,1,Blue Earth,Blue Earth,3,47201,15.13,478,215,232,7565,344.4,5253,0,42,237,746,417,874,474,0.597152583,0.573103888
6924077360,331.5907132,-70.28122119,29.71254468,1,3,4,6,5,3,1,2,Swift,Swift,4.2,43738,14.02,404,150,174,5396,150.7,1837,0,19,196,765,417,698,428,0.599411423,0.577035997
6924077001,331.5907132,-70.28122119,29.71254468,,,,,3,2,2,1,Blue Earth,Blue Earth,3,47201,15.13,478,215,232,7565,344.4,5253,0,42,237,746,417,874,474,0.597152583,0.573103888
6924072627,331.5907132,-70.28122119,29.71254468,1,3,2,6,5,2,1,10,Chippewa,Chippewa,4.1,44660,14.31,427,199,190,6478,130.4,5668,61.8,14,214,759,417,698,426,0.575888908,0.545665705
6924068010,331.5907132,-70.28122119,29.71254468,,,,,4,2,1,1,Redwood,Redwood,3.9,44509,14.27,423,197,187,6552,254.2,54,0,19,199,764,417,698,427,0.476013148,0.455675529
6924044928,331.5907132,-70.28122119,29.71254468,1,4,2,4,5,4,1,1,Martin,Martin,3.7,44252,14.18,417,234,222,7050,159,2503,0,18,199,758,417,698,426,0.431475543,0.401784945
6924025722,243.218535,-161.723433,-63.87437934,1,2,2,5,4,2,1,4,Brown,Brown,3.8,43375,13.9,394,207,197,6875,229.6,2004,0,20,233,756,417,698,425,0.473061071,0.446461497
6924025410,243.218535,-161.723433,-63.87437934,,,,,5,2,1,10,Freeborn,Freeborn,3.8,45515,14.59,448,216,217,6071,0,2003,0,1,228,753,417,698,424,0.585108401,0.557988585
6924025148,243.218535,-161.723433,-63.87437934,,,,,5,2,1,10,Freeborn,Freeborn,3.8,45515,14.59,448,216,217,6071,0,2003,0,1,228,753,417,698,424,0.585108401,0.557988585
6923978329,243.218535,-161.723433,-63.87437934,1,3,3,6,4,3,1,4,Pope,Pope,3.2,45433,14.56,444,141,143,3631,121.5,21030,20.19,37,214,758,417,724,433,0.552550845,0.536178939
6923974560,243.218535,-161.723433,-63.87437934,1,4,1,3,1,2,2,2,McLeod,McLeod,4,47920,15.36,508,209,223,5987,18.6,0,0,4,256,742,417,704,423,0.455309006,0.431893644
6923965588,243.218535,-161.723433,-63.87437934,,,,,5,3,1,1,Martin,Martin,3.7,44252,14.18,417,234,222,7050,159,2503,0,18,199,758,417,698,426,0.431475543,0.401784945
6923951616,243.218535,-161.723433,-63.87437934,1,3,3,3,2,2,3,8,Anoka,Olmsted,3.5,65315,20.93,885,231,57,7087,0,0,0,0,696,753,486,1113,545,0.511866524,0.477635789
6923932384,243.218535,-161.723433,-63.87437934,,,,,5,3,1,1,Lac Qui Parle,Lac Qui Parle,3.6,44917,14.4,433,167,170,4453,341.6,4,0,36,215,787,417,698,434,0.588319113,0.563202053
6923929952,243.218535,-161.723433,-63.87437934,1,3,2,4,5,4,1,10,Traverse,Traverse,3.7,44212,14.17,415,150,170,5078,0,0,0,0,224,777,417,698,431,0.592261355,0.572932135
6923929001,243.218535,-161.723433,-63.87437934,,,,,1,5,3,,Sherburne,Aitkin,3.9,62184,19.93,820,33,52,4107,0,0,0,0,404,741,486,1113,542,0.408581063,0.372981703
6923914852,243.218535,-161.723433,-63.87437934,1,4,,5,5,3,1,1,Pipestone,Pipestone,3.6,45742,14.66,454,202,180,6224,0,0,10.02,1,207,762,417,698,427,0.400032592,0.383953724
6923909650,243.218535,-161.723433,-63.87437934,,,,,4,2,1,1,Martin,Martin,3.7,44252,14.18,417,234,222,7050,159,2503,0,18,199,758,417,698,426,0.431475543,0.401784945
6923898758,243.218535,-161.723433,-63.87437934,1,3,3,2,2,3,2,1,Waseca,Waseca,4,46304,14.84,468,224,216,6922,95,284,0,10,225,762,417,698,427,0.510246648,0.48386545
6923852238,243.218535,-161.723433,-63.87437934,1,4,1,3,5,2,1,1,Brown,Brown,3.8,43375,13.9,394,207,197,6875,229.6,2004,0,20,233,756,417,698,425,0.473061071,0.446461497
6923844220,243.218535,-161.723433,-63.87437934,1,3,3,,4,3,1,10,Lyon,Lyon,3.3,43036,13.79,385,202,183,6275,263,1492,51.44,19,212,757,417,698,425,0.513802024,0.493156702
6923841359,243.218535,-161.723433,-63.87437934,2,4,2,1,1,1,3,10,Anoka,Anoka,3.5,65315,20.93,885,57,57,7087,0,0,0,0,696,753,486,1113,545,0.511866524,0.477635789
6923831732,349.0677939,-50.8879711,47.47681564,1,3,3,7,5,2,1,1,Murray,Murray,4.6,46138,14.79,464,225,177,6435,0,0,83.99,2,198,775,417,698,431,0.503379298,0.485067304
6923662174,349.0677939,-50.8879711,47.47681564,1,3,2,7,4,2,1,6,Renville,Renville,4.7,45944,14.73,459,217,219,6966,243.6,0,0,31,224,770,417,698,429,0.537740966,0.507963557
6923650451,349.0677939,-50.8879711,47.47681564,1,3,3,4,4,2,1,10,Chippewa,Chippewa,4.1,44660,14.31,427,199,190,6478,130.4,5668,61.8,14,214,759,417,698,426,0.575888908,0.545665705
6923571354,349.0677939,-50.8879711,47.47681564,1,3,2,7,5,3,1,1,Kandiyohi,Kandiyohi,3.5,45104,14.46,437,229,214,5854,38.3,9834,0,22,237,757,417,709,429,0.515466703,0.486323499
6923512631,349.0677939,-50.8879711,47.47681564,1,4,3,6,4,2,1,1,Faribault,Faribault,4.4,45400,14.55,445,209,219,6585,136.2,199,0,12,203,784,417,698,433,0.490212387,0.463059358
6923443435,349.0677939,-50.8879711,47.47681564,1,4,3,6,5,4,2,10,Hennepin,Carver,3.1,64137,20.56,860,197,131,18090,31.3,1071,0,22,707,784,486,1113,555,0.666003954,0.627656542
6923432743,349.0677939,-50.8879711,47.47681564,1,3,1,5,4,1,1,10,Faribault,Faribault,4.4,45400,14.55,445,209,219,6585,136.2,199,0,12,203,784,417,698,433,0.4902124,0.4630594
6923419162,349.0677939,-50.8879711,47.47681564,,,,,5,1,2,1,Murray,Murray,4.6,46138,14.79,464,225,177,6435,0,0,83.99,2,198,775,417,698,431,0.5033793,0.4850673
6922251457,349.0677939,-50.8879711,47.47681564,1,3,1,,4,1,2,1,McLeod,McLeod,4,47920,15.36,508,209,223,5987,18.6,0,0,4,256,742,417,704,423,0.455309,0.4318936
