"F1","F2","F3","F4","F5","F6","F7","F8","id"
1.15484146156553,-0.822773277640572,1.08728272296547,1.1799047891138,1.30458604644773,0.315087777042442,1.07738622885347,1.40990331711699,6967500969
-1.42464985466615,-0.678810748476313,-1.63523357678707,-1.28525193588698,-0.913426672678746,-0.193489972919564,-1.6352530000637,-0.602575733665552,6966018516
NA,NA,NA,NA,NA,NA,NA,NA,6954002510
0.452143696224908,-0.764474759567244,0.180722148606618,0.210827481384324,-0.896265941932816,-0.806720614127443,0.750283506852067,-0.71046793426211,6954000142
-1.71450918833192,-0.931422196208008,-1.54688635694166,-1.90119290024388,-0.804792561931559,-0.408427932942763,-1.75399494112382,0.640143077652078,6952091365
0.195879694589074,-0.641615379082915,-0.0145214647716117,0.156937209021489,-0.553172995256319,0.717355555068538,0.066914379886542,-0.76578845413872,6950969532
0.650420360370607,-0.853604397014508,0.951911169959954,1.09607370025237,-0.330552934312712,-0.890525481933706,0.591908357108069,-0.523158722045404,6950966877
1.3443668707379,-0.655518832644198,1.08188262820542,1.56784209360104,1.54311785927243,0.274085888368169,0.971693028199468,0.365768380215192,6950963846
-1.79221678556737,-0.942175297905457,-1.9573865570182,-1.6541451905538,0.713953396636988,1.09991964544497,-1.89932356263899,-0.359389717668165,6949522020
-1.73117089584779,-0.833651198436283,-0.960777462086156,-1.35335788408637,1.26553863158809,1.04097223076455,-1.56561057644928,1.78140246077811,6949520595
-0.286104395762411,-0.941002457088717,-0.575401916560703,-0.444732867168801,-0.960623558576461,-0.812059859301445,-0.441450467408628,-0.663499247407142,6949519165
0.378573961887676,-0.934709672082036,0.0792572967113489,0.222496546119678,-0.107301202254715,-0.61375118233135,0.105063030860939,-0.54742966927725,6949517026
0.689787433407948,-0.931681366041421,0.897395544710898,0.306519290869909,0.190645529151096,0.503352758550315,0.998146956852308,-0.490990413360046,6949515466
1.21963903036977,-0.193385329118586,0.994977644000903,1.68867665143381,1.04599188597942,0.813916814150478,0.890796877638495,-0.523146494591837,6949513982
2.21004105943768,0.625315851721214,2.00532198266505,2.25043424358412,1.00881264343588,1.51009717765782,2.06728778134532,0.484850261843852,6949512250
-0.187046035375144,-0.937350498959418,-0.78157522147383,-0.515951621445877,0.334313689358798,0.231589895470433,-0.215328504174026,-0.560244874460596,6949510004
0.62837658826085,-0.347535050340925,0.505049460559901,0.817545008257131,0.0145401888233709,0.810021224591564,0.408405710738012,-0.656692446165428,6949508507
-0.238796585912722,-0.767549238521361,-0.278148974751214,-0.265755679878403,-0.666255560205912,0.386694978654707,-0.0506483134800939,-0.693232995076416,6949506509
-0.923489621603852,-0.392663117228183,0.366174772187286,0.301186698143083,0.0817746511342943,-1.04933354020595,-0.00644214601127449,-0.0831372840278801,6949504595
1.15363452602669,-0.299924546470145,0.976426662903949,1.5720428439944,1.99411162934209,0.952136761573982,0.461292094832301,0.465606507618896,6949502871
-0.835485065503116,-0.597221606395253,-1.20973696693663,-0.917493367471116,-0.743219720254949,0.487279897146609,-0.994731249435611,-0.710028289105619,6949501136
-0.777561089055818,0.960051555934866,-0.339127309997532,-0.582319538345816,0.240664604992256,0.310498854510762,-0.690205282826105,0.950616963414807,6949498386
NA,NA,NA,NA,NA,NA,NA,NA,6949496064
0.208216246411298,-0.855807106026841,0.100680573791175,0.714346190452061,-0.0621514560268288,-0.664532475574066,0.102335715782371,-0.570239303217867,6949493789
-1.19771560186276,-0.865549511318922,-1.16948566726009,-0.761845084482274,-0.998215259317329,-0.901076661977283,-1.13370912599707,-0.579225984754876,6949491780
1.53493039808157,-0.317122933906943,0.57136184176514,1.27396227671353,0.660046858407728,0.988134710474274,1.54091577557795,-0.799011165339067,6949489833
-1.24736237116133,-0.513433026065705,-1.00150020816629,-0.943429442288823,0.224845485178741,-0.668798706911916,-1.36678266633544,-0.166272963225068,6949488002
0.352699693187154,-0.844500701528369,0.0352608743747515,-0.337719273719644,-0.800002579027946,-0.18107402909619,0.225658452646348,-0.675097598193229,6949485959
1.15123982752337,-0.417541815932115,0.465120961737173,0.401184737330401,-0.857442285538704,-0.697316911516026,0.89512973666294,-0.745299950909869,6949478309
0.241281932127567,-0.933534909703228,0.412527375137462,0.659619950598693,-0.0736066077055876,0.438061145005305,0.208754580743839,-0.629031225470479,6949476839
0.938588136581042,-0.851506770229991,0.641038318148509,1.36554720682938,0.550105795055682,0.147652894418413,0.916981719930311,-0.646519775954354,6949474644
0.264502103968636,-0.375848366718759,0.285911136113164,0.229743978555779,0.879919781972726,0.755230465266105,0.642464241068107,-0.362201781807609,6949471920
0.274477262288333,-0.937339900008478,0.0477693968402544,0.412724151233808,-0.861535059423243,-0.837407255262812,-0.0410265198577162,-0.717223205703993,6949467324
0.235023659771972,-0.938265283338613,0.0404963060184261,0.175515727269023,-0.875543705197031,-0.854372449141925,-0.20036074568521,-0.663607212505676,6949465030
0.727677837707192,-0.600305132374243,0.177045295484531,0.0971759219688765,0.149135095283268,0.150708416889127,0.768187525368504,-0.585876240087941,6949463084
0.171962426227612,-0.589659890013079,-0.00177354526352433,-0.0366135395598692,-0.146508113962964,0.543025110668466,0.0812825895779277,-0.599639320334756,6949461204
0.271810501640863,-0.840357864462309,0.0753947806127455,0.190791614604583,-0.399569904255436,-0.719532690397516,0.1096265166742,-0.570676748896137,6949458706
0.354699246157622,-0.930531037516163,0.971385124489156,1.00604983847152,-0.788805203804369,-1.08037680903146,1.00552139570874,-0.573306696529297,6949455558
0.234829269895477,-0.857730433183062,0.140879359087595,0.402498024628406,-0.586587668347503,-0.782737887404757,0.577819685647843,-0.648977427130307,6949418183
0.494329173406967,-0.858497839384929,0.18100114703611,0.470031985901107,-0.573649275163244,-0.725643135102391,0.459217594637255,-0.689187308696989,6949416279
-1.10202483360017,-0.865035394237688,-1.31089189698157,-1.15740256009251,0.152489527386694,0.670046221578502,-1.34877338291494,-0.473943496436366,6949408889
0.249365653435244,-0.318081894357075,0.398777475107978,0.573329352287143,0.643444627824166,0.625763588627495,0.215963476292825,-0.393413861339933,6949405911
-0.127372625787579,-0.936558579111435,-0.861639214091202,0.0448372816686956,0.828166436270542,0.976609426801573,-0.833276729267491,-0.627295868398395,6949403352
NA,NA,NA,NA,NA,NA,NA,NA,6949399112
-0.0740865522746563,-0.936995569152177,0.0275389292739781,0.0954148125240245,-0.893196236832751,-0.929906068587858,0.0589721495432312,-0.612069734248631,6949394536
1.13539274108888,-0.857187256999524,0.660419170145843,1.14596149898006,-0.795096945382651,-0.755120894581578,0.941578114933052,-0.849415163398341,6949392066
-0.0485127870703421,-0.860452628077128,-0.166848061914271,0.312260070480687,-0.884192456048788,-0.857728007266623,-0.00102933675830161,-0.705066052490521,6949389471
NA,NA,NA,NA,NA,NA,NA,NA,6949385903
-1.05163673523597,-0.945464947741597,-1.1928014859508,-1.69793452988811,-1.0859455974251,-0.85689873680439,-1.00078625968474,-0.493501904823458,6948985749
-0.0653035307522388,-0.941606758614475,-0.11516417710653,-1.36482521421859,-0.463067019301191,0.449084138499979,0.0252351044481118,-0.469457457691028,6948796897
1.09805209491424,0.0268936701949373,1.41399821497498,0.29113403287154,-0.543701624213429,0.258709713577113,1.52417076257573,-0.460182261851586,6948796210
1.90476537945423,0.126364204825321,1.09657528597566,1.32862019070452,-0.0723797155032073,1.69369084855045,1.56439956591477,0.110342891708966,6948795512
-1.78397358240558,-0.944022797898059,-1.11793461061652,-1.83887176071659,-1.0742061991973,-1.107377715629,-1.4395105550091,-0.263796745087979,6948794673
NA,NA,NA,NA,NA,NA,NA,NA,6948793617
-1.24873369849947,-0.942825750699774,-0.666951072767591,-1.67824167372685,-1.04885423540451,-1.0871912122443,-0.958698210646038,-0.272486936573876,6948792859
-0.346896364148186,-0.932523820349232,-0.257730485936384,0.582056364625037,0.483097312022842,0.0192247269521544,-0.648324053152538,-0.478991959895865,6948790989
NA,NA,NA,NA,NA,NA,NA,NA,6948790357
0.417446270111586,0.405642501971787,1.26878055124803,0.598852186584501,-0.0448349090381422,-0.999223970713117,0.700034271399343,-0.0697415719698979,6948788893
-1.19092564315331,-0.424302832246088,-0.970002263019328,-0.972042719039118,-0.997613281103716,-0.963630234038317,-0.940411831674709,-0.432890280666613,6948788159
0.279837333584962,-0.865892205988897,-1.39010319252075,-0.147972713024959,-0.719789552518098,-0.281909560388401,0.0647800679588492,-1.08026401773426,6948756355
-0.286846634658296,-0.488913864950583,-0.834420983667598,-0.737435728513206,0.340985330917408,1.08544345888979,-0.466016495516965,-0.553365464030664,6948754791
0.188262620295472,-0.662202984714562,0.0304563102771873,0.147751206964913,0.594567780429225,1.1999158222394,0.0873725949122706,0.496060203135217,6948752656
-1.12701688114634,-0.839389949562076,-0.0629805036864074,-0.149623474550027,-0.912760588332186,-1.20587033629449,-0.0318285130696755,-0.37284107905099,6948751048
-0.284881552987664,-0.508682223933608,-0.877110777837363,-0.0212001387154751,-0.429456777219132,0.280894601183465,-0.851822676560174,-0.754975960022798,6948748993
-0.369462313769426,-0.676053885681177,-0.0518356473937291,-0.963642016282509,0.502326766916799,-0.614107926376324,0.063939955415222,-0.0744510823485131,6948747287
0.950614675147425,-0.20458665029837,1.21840081495483,1.50926458324367,0.773407704100281,-0.606058523058667,0.982581743868648,-0.277428655858548,6948745823
0.34603769534047,-0.762950331399899,0.345668006373323,0.646892721177486,-0.650311042245326,0.0259920579713614,0.668435709456342,-0.757855130466593,6948744309
1.34432046083299,0.436494519858774,-0.354322109896177,0.339141267111472,-0.30863842294902,1.42042061566706,0.217400695590056,0.0413849780950777,6948742656
0.00283314083740426,-0.63849053612616,0.557549412458687,-0.119887658959429,-0.873581355815558,-1.08253051164488,0.246831338354282,-0.380420182315581,6948731395
0.128912941683616,-0.843014835877894,0.0953564391198174,-0.599576830099031,-0.969704110415205,-0.880725613731464,0.693027826668463,-0.556545477382776,6948722483
-0.305123827257815,-0.940396504370249,-0.862199920115859,0.0654118498914817,-0.496230167408402,-0.0249899127885896,-0.85000057927143,-0.794858367343198,6948718920
-1.03467339418628,-0.940771364988679,-0.988122049621027,-1.64726963588881,-0.154429300746373,-0.678907756344829,-0.927126249528383,-0.246453521510345,6948716744
-0.734643841095248,-0.937265249348067,-0.922554707670615,0.012245792976938,0.257522307010032,0.673660282181414,-0.90091800987034,-0.633511325953904,6948714093
1.25842817377954,-0.838349586620146,1.01730208623958,1.01383593443684,-0.653020648380792,-0.206640759719257,1.08634024538332,-0.781267075566463,6948712233
-1.53925876519263,-0.948496300403683,-1.89974674859694,-1.86675259860529,-1.11469063989638,-0.791404004129219,-1.86499268027638,-0.556039753159521,6948710186
0.176096331726305,-0.691892692434787,0.836935137239855,-0.0426394714853366,0.308230062225563,0.407296558772871,0.944067983123311,-0.288874110280023,6948708312
-0.53057712820106,-0.844153137931438,-0.175973954793471,-0.750673594339519,-0.903706990592899,-0.724158259467868,-0.211638290910537,-0.449801865275969,6948706493
-0.374730005767645,-0.247983964129099,-0.784940092238168,-0.23882352294312,-0.039980136876716,0.0694859717050606,-0.23614850975124,-0.559321138960785,6948691653
-0.0886283499452348,-0.920598921456554,-0.235188404771041,-0.237583166087778,0.626344351617238,1.22511695047554,-0.0258960072094077,0.508914447397574,6948681806
0.188646967775532,-0.486534789494978,0.00160607460099592,0.164951592245602,-0.316356974596686,0.498424503185478,0.0704508841293857,-0.657879835465836,6948655563
0.271574995658164,-0.842918227300497,0.0960155832893246,-0.330431841515063,-0.942405479552533,-0.841580884085437,0.572243837905733,-0.617803849990587,6948647714
0.198724636201419,-0.591886775018761,0.02195746166811,-0.553185338215866,-0.824774223059776,-0.212953200795754,0.545419260098348,-0.605338399015666,6948511119
-1.11193545760399,-0.80856675956451,0.017976440070826,-1.01116182244947,0.982869418687007,0.571630679129913,0.885999601329745,1.75534542268729,6948510157
0.557380986140924,-0.770304294803684,1.16248606464298,0.345371352249356,-0.830044674974773,-1.09163729103829,1.09057304224021,-0.429812365383158,6948509307
-1.1556525863794,-0.857223094950581,-1.89776813122405,-1.80467433821633,-0.255363149554703,1.21193982377773,-1.83277240463802,0.371148865895029,6948508205
-0.751253362001317,-0.939011443881102,-0.364472121236063,-0.374358462373219,-0.928730796084916,-1.02364393326976,-0.708932794794459,-0.484880740822516,6948507689
1.15035371627854,-0.933924541901354,0.928946374667559,0.467453993181769,-0.0268437497308835,0.838173563584603,1.04155987957543,-0.683197660411002,6948506700
1.55806289843623,-0.832256649602884,1.6732131715454,2.09395737414449,0.8572130630653,-0.103048741154598,0.887528156238231,0.572725785811354,6948504619
0.748081487017663,-0.938646073036469,-0.750903032823244,-0.196238760037714,0.721818918138231,0.861679678001876,-0.324914083639237,-0.741666350305514,6948503888
-0.201407631543932,-0.943226555610259,-0.967109025264359,-0.742832791775184,-1.01985603492798,-0.654417023745105,-0.275263957646174,-0.786499788078811,6948502762
-0.851881580564873,-0.643375342313965,-0.928939170124246,-0.880717861693496,-0.512998533634144,-0.751706430653887,-0.898913128544804,-0.433276229964269,6948501935
-0.606428737262258,-0.555025018419486,-0.599362844558496,-0.577548529628557,-0.296903556586847,-0.220710847204633,-0.908303941115159,0.309086277242568,6948500862
0.0992215161008129,-0.769040758275741,-0.388455634824649,-0.375969901739527,-0.81899467796593,-0.122528879077596,-0.0647942442552129,-0.736673662984107,6948500040
0.390728298523277,-0.660081058922006,0.0304099216171833,0.445742252919118,1.25193939729392,1.69128187858217,-0.030789865930699,0.515056158272413,6948499253
-1.75788679209711,-0.945777656757029,-1.934195973073,-1.92294346171208,-0.392018650842487,0.571916506031383,-1.31452667510424,-0.547650543559858,6948498376
-0.334815919189671,-0.685231407307313,-0.738106007717702,-0.15468406823581,-0.64528070747805,0.477645254767575,-1.09034282389822,-0.766374546893069,6948497545
NA,NA,NA,NA,NA,NA,NA,NA,6948497011
-0.852752347389901,-0.739330375965845,-0.541739354717007,-1.17534112909674,0.661551784031841,0.414228526503308,-0.76559650593648,1.62413856894463,6948495759
1.53260799709325,-0.56951963554934,1.0054628404965,0.0146350772558799,1.88597094354908,1.78083526039856,1.09987035876209,1.51248361144058,6948494256
1.02604788746287,-0.839479842640729,0.927788107765412,0.663092984497046,-0.620244892371184,0.0337406330379472,0.902109620586839,-0.719230353335784,6948493327
-0.574720399782657,-0.940808588568443,-0.259423032348237,-0.409808519235859,-0.769400487408959,-0.398494680252298,-1.24975764513963,-0.484006517734199,6948492232
0.353922311404604,-0.85704232625998,0.337217857350723,0.222984296319149,-0.401305479301227,-0.763825887440678,0.666099673479065,-0.542681257122869,6948461651
-1.41804971287855,-0.863867505736026,-0.974848135337463,-0.793349565901914,-0.994137693770816,-1.02298873494217,-0.95396810406549,-0.473541620527566,6948085949
0.738586792320618,-0.854637566807299,0.27242132555361,1.27433870514995,0.745153805652998,1.09944544848991,0.0667997975851182,-0.726962174988652,6948084829
1.28590398865105,-0.299324594631819,0.867243555939776,1.72827333018912,-0.221723395754804,-0.663703606100278,0.615193291429393,-0.697538824213927,6948083536
0.300181795848063,-0.482126021440511,0.514447437509483,0.539465271038317,-0.206512193892465,-0.20456300604247,0.424684391888864,-0.496356795647029,6948082295
-0.161773839008673,-0.403296949717385,1.04656397341,0.235465403770566,-0.833156063483476,-1.2638590181741,1.00167258761222,-0.252480528882284,6948080508
0.213125084826147,-0.843746539699126,0.623438922870603,-0.480305203728855,-0.146847962084033,0.509506740669636,0.746862862495593,0.621389626913424,6948077266
-0.851425112342576,-0.458624222918062,-0.924686972817846,-0.871373374099812,-0.215106645911064,-0.677804008318993,-0.898225692703574,-0.348054034244187,6948076027
0.155417822966581,-0.937455265453155,0.053893776719925,0.149408268785232,-0.888293307074232,-0.871684863109836,0.0897574940712126,-0.659990318755803,6948074916
2.17344959090354,0.79893332217171,2.06364748770514,2.29348214445683,0.880433787224622,-0.498478661276813,2.08251938774836,-0.29405430086292,6948071691
NA,NA,NA,NA,NA,NA,NA,NA,6948070295
1.03046151474583,-0.690591202887335,1.02395524670784,0.983536250217428,-0.00937606421094504,-0.703619439852085,1.05700060858484,-0.499392802872012,6948068890
-0.175623597096373,-0.859371304114642,-0.0285563466627698,-0.111949921819566,-0.417502716788016,-0.828357659165938,-0.260605538676638,-0.445235795154022,6948067454
-1.80839312090945,-0.910109736846918,-1.32539762506235,-1.86048309070075,1.83679046735165,0.97349794268909,-1.69384599038557,1.91727432098133,6948065388
-0.213185139556825,-0.409578476821011,-0.269051190233771,0.0527801808858666,-0.190874812119421,0.501562549186076,-0.166063796616428,-0.597848122819394,6948063980
0.589598952171757,-0.75956677334967,0.320190164294085,1.32282942078968,0.196712212829265,0.296699542629455,0.206987108690842,-0.725010974212673,6948061858
-1.16512345699405,-0.939189583698947,-0.958995943545661,-0.186777559426592,-0.636794758849396,-0.88706550431644,-1.350504011639,-0.532753760101796,6948059293
-0.939434952479082,-0.944346420485231,-1.62590193679923,-0.871957205042656,-0.931673243938758,-0.0260365934917694,-0.549014557783861,-0.876322869495397,6948057874
1.02940444975585,-0.545222936000002,1.02132044616245,0.976289990777726,-0.29805130108991,-0.779849728251447,1.05713769756571,-0.540323516262951,6948056254
NA,NA,NA,NA,NA,NA,NA,NA,6948054705
-0.0302009977995739,-0.812757651104819,-0.221559012856103,-0.360845757111116,1.20182976097237,0.683215604047293,-0.44212688278183,1.50836679450211,6948052325
-0.776482879494823,-0.909662529242173,-1.30662554733244,-0.156817689917751,1.53644671139461,1.17533082898987,-1.45063774369029,1.34381630702241,6948020508
-1.66871302662484,-0.944237840608351,-1.10243883853911,-1.81160211344313,-1.07172381202501,-1.0787598233324,-1.42025786695676,-0.287362298663853,6948018409
0.457486721864219,-0.936418647650627,0.698973681584884,0.0565936975053387,-0.409162155487011,-0.298077235514873,-0.26494862543537,-0.437517400308745,6948016142
-0.4223001682166,-0.939243333895116,-0.0908298003580736,-0.719098109680546,-0.901156957866567,-0.71801500372963,-0.127191813035518,-0.465333303860821,6948013471
-0.295126957868234,-0.646880996289681,-0.0287975272908277,-0.641410432871917,1.91977438914547,0.730426149294437,-0.382801155670709,1.84244653524062,6948011547
2.14294250631502,0.98100409680925,1.93934128918582,1.5309086690606,0.435600036109408,0.896231555866228,2.05029019379268,-0.44854827319029,6948008993
-0.214678049083132,-0.858550315828736,0.0032666403053589,0.793734241932507,-0.563748542419984,0.314633957717323,0.0377695423064009,-0.780002745024918,6947769197
0.552232869964374,-0.436232866875344,0.976640102070714,1.05639869320551,0.360372559333781,-0.223533210764618,0.888032755905659,0.365902892865388,6947767101
-0.736034049360122,-0.764560467969474,-0.310728882909512,-0.0303914071630016,-0.600216199196332,-0.957837766686403,-0.693197509294656,-0.439096178914551,6947766117
-0.15021432879299,-0.808163926155581,-0.0136010351763305,-0.110956790121984,2.09625763414971,1.41435627916742,-0.370632184629371,1.66773399198504,6947764954
1.44691068738335,-0.726194930438699,1.31374248522767,1.27778054508371,1.6729518140128,0.74219826763739,1.22242004361476,1.45037382239792,6947763940
2.18985484448857,-0.927658697505621,2.01133981684561,2.24354621999536,-0.52054289587145,-0.214020700716135,2.07053112524394,-0.892310113008506,6947763117
0.289316868048861,-0.860179231405119,0.0397197555955442,0.219179473526804,-0.456053579028741,-0.12322490457112,0.0882820317486708,-0.677650448071164,6947762340
0.466787160751369,-0.931970097985021,0.190740135886876,0.766114933651993,-0.0742261957655442,-0.602234103931469,0.612604026465075,-0.646622852711728,6947730214
-0.0548055081939084,-0.933662407788494,0.432189236517446,0.155529581894657,-0.120874363834507,0.347463817135154,0.375802720963812,-0.496626205762756,6947728905
-0.53707202753086,-0.841607341397909,-0.435394041079038,-0.0481358801643478,-0.630553114662365,-0.843728963068893,-0.247451294049386,-0.564274615374862,6947727383
-0.836819003773883,-0.866418055865645,-0.966561422745435,-0.893672706663995,-0.870672844561173,-0.230652058721775,-0.913974715138955,-0.622297901705485,6947725489
-1.12182717206041,-0.94303961181191,-0.984307740062076,-1.25575702625801,-1.03662067718136,-0.939592847223243,-0.938535018119947,-0.477564437820086,6947722323
-1.0598499843474,-0.830186308354588,-0.987512804850553,-0.762045060203868,-0.0169410447279681,0.680375789404174,-1.05846843106038,0.525227009037252,6947720880
NA,NA,NA,NA,NA,NA,NA,NA,6947718708
-1.86172721838979,-0.947805732937273,-1.93039794052818,-1.94218412206546,-1.12152294493806,-0.874963313124709,-1.89754514493062,-0.487294422435521,6947716268
2.17444316153046,0.0952533672528942,2.08464202128411,2.25352907853198,2.22971895431805,0.841159638416537,2.08195831769292,1.56218365631741,6947714118
-1.14383289910568,-0.942651612316943,-1.0539413874331,-0.729526965042972,-0.850704161955574,-0.298999896757252,-1.26657606373809,-0.600326867401722,6947711441
0.389480573509124,-0.630227068373507,0.733780532199781,0.536950839348854,0.715178441354594,-0.331857437226158,0.798649491929906,-0.249780026890821,6947708338
-1.06522578513561,-0.824853597612973,-1.09685335093223,-0.736967858823467,1.22658642969848,1.6662097805835,-0.378884145257521,0.625928227274106,6947706873
-1.13258397018694,-0.92692733840252,-0.948762716730268,-0.995102064756052,-0.720463854141379,-0.403875533602344,-0.926367612917948,0.534232073385007,6947704679
0.208428883485097,-0.660426170014545,0.0479491736613851,0.362790544716331,0.888763383534147,1.27397107055115,0.0920880048653103,0.522153305402623,6947701473
0.777317135870668,0.492053452742942,1.66293795294294,0.913179053037841,-0.696995289276628,-1.21074677075849,0.682144466921865,-0.185835492374946,6947697525
0.16687367281242,-0.842833900277925,0.0101130485717269,0.467363339636791,0.283444431472899,0.500633334712847,-0.194472062287668,0.444295870564533,6947696123
0.136625364007415,-0.843256009327571,0.0189978276321004,-0.119971822852361,-0.849208707135623,-0.582460156177806,0.0734795300176999,-0.634194459111208,6947392965
-0.902605197071803,-0.941484847935975,-0.983572171782298,-0.885842368595147,-0.507616425543439,-0.761875014303026,-1.34110622017897,-0.448615642550989,6947391733
NA,NA,NA,NA,NA,NA,NA,NA,6947391108
0.185346866002568,-0.845992643130188,-0.204680703830101,-0.599407789730192,-0.827652744694111,-0.14741922571041,0.0117122430909267,-0.671230400867971,6947389851
-1.26419455354914,-0.846362981265581,-1.22910454497257,-0.993939834626691,-0.526870651164517,-0.787984847531875,-1.44307736117965,-0.425497805542588,6947387994
-0.822541463145394,-0.92661992813571,-0.974889170080999,-0.912654534692752,0.0355352536431951,1.08980545480589,-0.918842046752926,0.456624530330221,6947387071
0.265309462559453,-0.915226878789699,0.0677096474345582,0.912007883877095,1.27487412189899,1.61907789662396,0.0854407565685059,0.441906672479137,6947385647
-0.275049163793459,-0.821363312559392,-0.0555308781863528,0.0859205342160086,1.15603521613921,1.23609528484209,-0.152980341959204,0.683623701819336,6947384017
-0.838808536505564,-0.944364383077663,-1.00811518173593,-1.09894499058265,-0.756497153072569,0.421107952560816,-0.925194951864185,-0.661188196835661,6947382976
-0.758998757802309,-0.859051403746256,0.189343445427251,0.228530278841535,-0.774907112160101,-0.960004568034296,-0.92705735433482,-0.37103968730392,6947381248
NA,NA,NA,NA,NA,NA,NA,NA,6947380629
2.06734838838109,-0.930464086303935,1.95276923990371,1.13840536498429,-0.751889437544748,-0.883261551695731,2.03771519916879,-0.669388287541699,6947379840
0.188029965953355,-0.583048248747407,-0.00221380848320291,0.156167940369077,-0.611785342336888,0.423899865181978,0.069983835651201,-0.731263354248429,6947378928
-0.466789969551705,-0.582327204816143,-0.291269032332932,-0.737688951933355,-0.482980518629336,-0.829590283401269,-0.200120008142313,-0.350583958756144,6947364981
-0.0563966514801965,-0.939610701192837,-0.665314121478181,0.27862736992733,-0.413471508486068,0.27761836089101,-0.610556016103261,-0.846760058999181,6947364123
-1.14768730431142,-0.681655407890973,-0.192885463475402,-1.07946975483353,-0.972310014063132,-1.19957347599373,-0.611984913108248,-0.207689562917667,6947363268
NA,NA,NA,NA,NA,NA,NA,NA,6947362650
1.41132271562364,-0.370783758199183,0.799972551280518,1.51033078294816,0.944535370251028,0.572557418453499,0.70972349643204,-0.588406875689367,6947361706
0.1148302253276,-0.862521165462411,-0.0971625605022439,-0.0159515236723048,-0.264759626538212,0.777226089594927,-0.503013447514656,-0.678670352520393,6947359283
0.661177635194571,-0.364127501567269,0.315176924852186,-0.00670889209624022,0.796943063295875,0.964801637766458,0.394605355657639,0.624818974627413,6947000153
-0.0148751991735018,-0.903951809315565,0.00619454691853809,-0.415302830266259,1.98245730948517,1.10001701437621,-0.0738446359039613,1.6851660955761,6946999089
NA,NA,NA,NA,NA,NA,NA,NA,6946997925
0.194807910949918,-0.126461058039531,0.0841295288309975,0.601095622914442,-0.826499264170192,-0.869579543230051,0.0937624709443025,-0.619067517261278,6946997286
NA,NA,NA,NA,NA,NA,NA,NA,6946996370
1.23944465387452,-0.856381068018201,1.03430510153884,1.01012638557529,-0.785784111832124,-0.847260027113521,1.07726655710153,-0.726769278138025,6946995349
0.528689321673231,-0.184697482703256,0.523741742910252,0.19744591677148,0.1606680597174,-0.167086613072125,0.726826241114098,0.663593297128943,6946993526
-1.84818634211062,-0.933221729790416,-1.93877268362335,-1.97368558694239,-0.699088240241424,0.308096177015874,-1.89476265001945,0.503686017436035,6946896808
0.340871432324401,-0.582378456032368,0.589150376656079,0.44952289774181,0.738509104365463,1.08807980819449,0.273339560365183,0.631553087402898,6946894306
-1.13580903563405,-0.866297042999078,-1.78475261013755,-0.503084708832586,-0.388807854123348,0.0665050234713703,-1.51795346177213,-0.767401461946342,6946892816
0.252974831769192,-0.937632395947657,0.0677067956135481,0.172536718661033,-0.886186014061003,-0.847654384365152,0.107223048896887,-0.679781747514402,6946891262
1.17855922742835,0.519781341866451,1.25864732765771,1.26249805995445,0.476178214557539,-0.630871956626684,1.15703691533318,-0.248520180395865,6946889776
1.15411014599955,-0.404981352339425,0.953402447827415,0.91175855444745,-0.0299435765841831,0.542451782392111,0.929647564917438,-0.644093303629653,6946884857
1.16503851693984,-0.59776550483036,0.998060742274515,1.20566033396401,-0.334076594429966,-0.154950892863037,0.942119990013313,-0.695274531888219,6946883630
0.414524930982048,-0.224075850216987,0.737743126677691,1.00608091850993,-0.772781689260814,-1.0003813598999,0.673354751110399,-0.549780466316264,6946882172
1.3057588730379,-0.546575383284861,1.0455679960656,1.52815642890439,-0.728255619620615,-0.83236454777331,0.952916611903174,-0.765553889032508,6946879942
0.106301481892079,-0.776926140634433,0.0147735254628238,-0.360444162510204,-0.928632770046077,-0.879638050269147,0.0713669540741916,-0.562643818330518,6946742831
2.15604145923781,-0.454884229299304,2.03570301644625,2.0318659668055,0.276684193496691,-0.118234036316019,2.07339085651981,0.136322053889707,6946742021
NA,NA,NA,NA,NA,NA,NA,NA,6946740972
-0.487181872068836,-0.863722893906188,-0.464614325786026,-0.780183750694945,-0.93075459721392,-0.612219119338601,-0.117383574685069,-0.566161963137106,6946739593
-0.427986325443864,-0.937430298496233,-0.121277120367275,-0.173368852578039,-0.546546738773329,-0.644171414039206,-0.605341886112709,-0.462767917783876,6946738484
0.192493085974273,-0.763213962317327,0.0150520640077655,0.177779512319334,0.159564550821805,0.622625594417278,0.0855730313358491,-0.593607437962438,6946737162
2.19167311449173,0.536699197188972,2.03009517247882,2.24087993869973,0.639435586637595,0.774341652534081,2.07365329601024,0.487680600721837,6946736097
-1.44585034470685,-0.861249614798431,-1.25204583721307,-0.784112048376603,0.332190946870349,-0.0166168850644342,-1.46629321662938,-0.327684771316776,6946735108
-0.188828171739443,-0.941213075371358,-1.15160942888987,-0.19656729717646,0.260495625470134,0.561427371945258,-1.52419970314413,-0.705505950553198,6946734321
NA,NA,NA,NA,NA,NA,NA,NA,6946589637
0.169635375299155,-0.918726876836654,0.0477431702807737,0.144857503823752,0.537918882863716,0.571194401326957,0.077885347891484,0.537204959585378,6946589608
-1.76273185734777,-0.473412629325609,-1.65356006539695,-1.11285416567933,-0.481152965720923,-0.516494285473547,-1.79159254169907,-0.402065974552361,6946588901
-0.868373280319067,-0.947018638506848,-1.18741973345658,-1.63641263017846,-1.05758413825593,-0.825949072928399,-1.57724110217775,-0.495898379842133,6946588875
-1.37265401989373,-0.946350962439358,-1.31846543030782,-1.76828991750236,-0.947985453762819,-0.294261521137961,-1.47184086785865,-0.473139206217229,6946588448
-0.387589608966933,-0.842794467738144,-0.107745983221728,0.0315206830906047,-0.817987880433159,-0.711187862438566,-0.598618744628926,-0.546293308873845,6946588193
0.14492431816257,-0.858220638699792,-0.12172276342633,0.147672042157831,-0.122473924436348,-0.616814881874946,0.0330554659933533,-0.544303509207486,6946587636
-0.906594487436338,-0.922398402891464,-0.975316494798187,-0.904963150350585,1.09775523484863,1.61371209362986,-0.915285879509969,0.659877643800213,6946587356
1.29402631991703,-0.225409391334725,1.0077910834728,1.22760678395082,-0.483187293285856,0.446590285410568,1.08584146424963,-0.789696848019597,6946586671
0.17051734504444,-0.858549366787299,0.270642331133632,0.185615103165565,-0.578818697235242,-0.861499263699344,0.157361877465747,-0.525456302668548,6946586125
-1.55531477033396,-0.940783477595872,-1.2655091427922,-0.53443851825658,-0.613744009246663,-0.623473040991069,-1.66184882107816,-0.506864765318851,6946585546
-1.2777839116573,-0.868332603346963,-1.46965432056109,-1.24193280245642,-1.04826832537576,-0.838566155056941,-1.41444438474418,-0.575254945529288,6946584969
0.379377182064316,0.0412748655257865,1.34193793514616,0.092897932977418,1.42155438058372,0.994065004380401,1.72438409518825,1.8176190516575,6946584818
-0.964869347018459,-0.942303500616486,-0.949187941297106,-0.890957567074219,-1.00451278516461,-0.901939352001199,-0.918582763881579,-0.554535877305542,6946583955
-1.2795157466338,-0.943227296483887,-1.58678285533862,-1.03822836895112,-0.55312595583078,-0.677235766841395,-1.57164310042066,-0.545999988242513,6946583813
0.0114212109737702,-0.857148091645952,0.338520493771786,0.402493237477932,-0.163951946079136,0.0458909274196346,0.0400370834131815,-0.52147295172002,6946513673
0.829905806065159,-0.860781936380863,0.515797775322752,0.35010639282752,-0.583495888470257,0.451091758144666,0.472689025941556,-0.774329271090222,6946511637
-0.0296936539950911,-0.678074667316722,0.393342777517669,0.147910982412279,-0.861753074950074,-1.03543741722792,0.198524614308587,-0.475074836944191,6946260193
2.17140031052872,-0.686280174353745,2.03562075037046,2.25493521680102,-0.164937952028216,-0.743913697353069,2.06259499651107,-0.702123347871756,6946258184
2.10167160289488,0.824097152999883,2.03139809027371,1.49593873703995,1.74919054922079,0.712769227082763,2.06716988074304,1.68272597088822,6946255870
0.155417822966581,-0.937455265453155,0.053893776719925,0.149408268785232,-0.888293307074232,-0.871684863109836,0.0897574940712126,-0.659990318755803,6946253329
1.26701123204289,-0.470465806432464,1.04922151654876,1.22200085076602,-0.703694877549339,-0.590948323111601,1.09559634570783,-0.728000999839296,6946252003
0.653192984177579,-0.839109809162717,0.328568493590769,0.0968485730324904,0.012277035229353,0.0287774651682083,0.685843242404289,-0.571283417386833,6946250964
-0.204967891087853,-0.935200100827781,-0.189694051328119,-0.138769399308208,-0.0898279323241767,-0.411574090839251,-0.023950453775134,-0.480150952167295,6946249196
0.0570484989763472,-0.126797583680354,-0.00132851887901569,0.370822534348846,-0.235641326294332,0.714624820366208,0.0654217277627875,-0.633949815158953,6946247015
0.218282612266286,-0.602441427484473,0.282290208732395,0.19115659401017,-0.863281722006121,-0.928305235146227,0.177959298535077,-0.559962411505805,6946167103
0.50663569354201,-0.904639287406232,0.135432096803043,0.749100546128033,1.50781838026759,1.6810711288478,0.123441559431393,1.23713134354568,6946164683
2.11533989540296,-0.29593364521636,1.81711755647581,1.78588700682111,-0.205964335431177,-0.696516941289077,1.98865143940357,-0.638636927086853,6946161348
-1.19833747427147,-0.859736976665917,-0.659336747918681,-0.584722800308126,0.156123370668849,0.0905088778788568,-0.968573813352741,-0.3128272877585,6946157221
NA,NA,NA,NA,NA,NA,NA,NA,6946154289
1.07505349872337,-0.587250308473159,0.255809535179517,0.171305248900367,1.13254191696838,1.2733003766122,0.992681340891427,0.192054498529044,6946149478
-1.47891971078806,-0.94637369591229,-1.67036772927637,-1.60431479389484,-1.09145328310858,-0.835093991684125,-1.49394946615909,-0.554389465051529,6946147157
0.135326407016097,-0.681206250920671,0.026823793965262,-0.150277009874969,-0.84740647412907,-0.586069312470993,0.088620698719842,-0.60601471260302,6946144634
1.09288046690554,-0.692405694148007,0.902413841730132,1.21077640076851,0.166785160047139,-0.0280251949467709,0.312185886921672,-0.582018879936927,6945891488
0.139176397247045,-0.224017132143105,0.118360851402511,0.129999552335097,0.852003733862061,-0.0615210635162386,0.107240400699089,1.54547610369166,6945889965
0.251791799096731,-0.863441192188011,-0.0862383268833882,0.178966067536619,-0.599077473951394,0.450550993986207,-0.539203073871389,-0.769898675540702,6945888906
-1.84600618026439,-0.92948300843193,-1.91450114572955,-1.91185003805531,1.07061949312465,0.480532542775985,-1.8921311773685,0.610434504552429,6945887634
-1.70369486344309,-0.944246496276842,-1.64407348365646,-1.15992140863952,-0.925006547811474,-0.26813464058307,-1.33229979757349,-0.625244842067972,6945886504
-0.822335992933233,-0.828450147324678,-0.958428132764931,-0.893349084386398,0.682069255595967,1.16651575151507,-0.909449206726943,0.615734850115859,6945885329
-0.158890247001525,-0.931525616849165,1.46603459624759,-0.477458008040831,-0.562914972803001,-1.35263271237014,0.423571792517753,0.0387415438968864,6945884181
0.252295613413499,-0.306580880215107,1.01269016764808,0.529861811379532,-0.242202352382587,-0.739964794433705,0.413282985090765,-0.258234937000894,6945882081
-0.510083660535582,-0.930358248832319,-1.16982314266085,-0.768055364826393,-0.692444261762537,-0.172155799887005,-1.55632860495162,0.340384890253304,6945880499
-1.48536250741213,-0.943046853995354,-1.22353922807341,-1.05605312067003,-1.01588522766769,-0.978763642116381,-1.44880781966346,-0.481708441776545,6945876874
-0.534268738868017,-0.8440290789593,-0.095575287810577,-0.735561911309897,-0.949757911747344,-1.04575565290484,-0.409835882806217,-0.387293472169444,6945874059
0.134740462274819,-0.860114011752447,-0.153041015453785,0.548338625316696,-0.741900152949729,-0.1679752141811,0.294801011229634,-0.841333078671275,6945872667
-0.9672354149332,-0.566391024764474,-0.927211958682746,-0.67788679428938,-0.68352532609946,-0.833135898932907,-0.907513219570751,-0.469119303642267,6945870973
-0.624636598897616,-0.941650921184453,-0.537174083267588,-0.795733972440663,-0.969596334366595,-0.940345229658423,-0.877934004240486,-0.494912429231404,6945868936
-0.230935072598686,1.32305369061037,0.614704507923342,0.575477869507304,-0.697405697865367,-0.883181842457381,0.258680364029015,-0.180130442931707,6945867319
1.0207953182056,-0.862827412283337,0.0899667803383241,0.583580651093779,-0.58136203736333,0.63936644898068,0.15623822883369,-0.977188974011819,6945865748
2.17522966936182,-0.337052460163883,2.08252396922755,2.25078135665952,2.21764934545916,0.844208081213083,2.08087856624463,1.50418201596725,6945864732
0.564539726129184,-0.844185472480096,0.285138802003083,-0.469739876307914,-0.805118512765797,-0.195821068962447,0.509818592770513,-0.63002119403031,6945771977
-1.17418506141841,-0.943356259996332,-0.993421252176713,-1.40861940644923,-1.05005267189901,-0.953112565688028,-0.937967433518744,-0.446707145406909,6945769093
-1.50384284217613,-0.945664613707086,-1.36264242899907,-1.50223557334909,-0.918070081305963,-0.309623842985823,-1.67535610387314,-0.488843457449507,6945765963
-1.07329597584605,-0.421328530618183,-0.224473469977591,-1.59000788154574,-0.27536669043377,0.235196253128922,-0.197920941186722,-0.143448632692991,6945762450
0.234733118033686,-0.68360792382571,-0.466248319527124,0.365422086522035,-0.672290345120538,0.226698053189885,-0.677904790447507,-0.871004751846618,6945759082
-1.01744620264019,-0.908817515215972,-0.92341618747093,-0.94151251099894,1.47378497732173,0.977381580897994,-0.910917750252154,1.61076687773613,6945753660
-0.17648901715004,-0.478091336598343,-0.273010603703058,-0.56836123323813,-0.0411240892832825,-0.0450962181861357,-0.162107921541717,-0.403160573557618,6945749841
0.209250602607289,-0.25253945107518,0.822633531304455,0.252456594478795,-0.818083325958612,-1.1062587230194,0.36098719150594,-0.342571750050399,6945491577
-0.370516593207799,-0.335165658948226,-0.749876574577346,-0.1483141441864,-0.940669094661421,-0.76954576177458,-0.211617316630197,-0.690240506297019,6945489960
-0.783150000871768,-0.641956682696069,-0.883910013043419,-0.136499953302485,-0.638021558920544,-0.788272620418478,-0.890503883975338,-0.585837952746596,6945488925
2.13039416581695,1.28615739019908,2.05957787740087,1.81402007479929,2.2237551794832,0.825922968099521,2.07523343727487,1.78906618070763,6945484811
-1.71521362209678,-0.938364349865836,-1.33398387763423,-1.34030250554623,0.707453030063282,0.643578223334077,-1.50806557736921,-0.20950342462673,6945483564
-0.396020120413777,-0.934728928512752,-0.207940675655828,-0.413405167321365,-0.0321619264774351,-0.713492981002421,-0.0423947188555582,-0.35372119712729,6945482225
0.79840986487887,-0.662012196658795,0.96507064985715,0.578828970532336,0.44322218064045,0.492180587502134,1.0354850505417,0.297751545460718,6945480813
NA,NA,NA,NA,NA,NA,NA,NA,6945479131
NA,NA,NA,NA,NA,NA,NA,NA,6945476052
0.626942855068145,-0.934812901352109,0.514218417991459,0.727053076028092,-0.697966105862304,-0.221671103576006,0.738075518859301,-0.775418209012366,6945473463
1.1627009022354,0.491554834519476,1.05868091230914,1.21269735310777,-0.439161933320141,-0.805373330494722,1.09105103376404,-0.494477838792284,6945471288
1.16990379547721,0.788522257068836,1.04811517260654,1.21572638789199,-0.370623365686904,-0.514424723968896,1.08886958117687,-0.48130155239383,6945469617
-0.0354519320607721,-0.580836923634807,0.629560501571043,0.683579942846605,0.527555616013692,0.916989651480348,0.448412180929563,0.626420637788156,6945357761
-0.903608695867455,-0.864498608995018,-0.586585652416224,-1.07864170922118,-0.878274735450896,-0.362308433942687,-0.442624394391716,-0.479873665958667,6945346677
-0.42725698488896,-0.935447584085499,0.0200825642977665,-0.715848947004518,-0.4968956586881,-0.896012879488554,0.49875332288773,-0.350098491598874,6945339362
0.0615702205524545,-0.860587179261218,-0.092109576856952,-0.248409027470761,0.0034616738856247,-0.0460543632910117,-0.554813010076384,-0.458481375287815,6945333858
0.106774136218413,-0.697257550741451,-0.032582670709795,-0.0433355201032262,0.14552907157255,0.606174402958036,-0.063561406182308,-0.539248587831583,6945330465
1.14248027534542,0.0611817062824517,0.979135328866725,0.637617616568033,0.0577207945080931,1.02788839498863,1.06669957646883,0.457929427678038,6945096694
0.187856606245101,-0.487760688816089,-0.00174695377184453,0.156773585021526,-0.609124995183204,0.423227936521176,0.0702218312420876,-0.718478805832771,6945095461
1.2845036715617,-0.913009273199206,1.61134255481499,1.78954001287708,0.163923900051373,0.881562609728232,1.26895640343973,0.331483563266935,6945093820
0.27793957207968,-0.362017358989914,0.819886106308126,0.048989676952305,-0.370256751319021,0.392036081708105,0.815195894984259,0.594925769662303,6945090035
-0.663850977424478,-0.315508800497161,-0.925049180393662,-0.882491359535503,-0.559202322141031,0.362207446960357,-0.878063868539252,0.461369310396522,6945087838
NA,NA,NA,NA,NA,NA,NA,NA,6945086238
-0.167570572258756,-0.698071912567995,0.188318183201586,-0.628322728344432,-0.648261541800346,-0.93988273445157,0.160714713256297,-0.339528298967016,6945075683
-0.853663065871729,-0.942645304635411,-0.940570430258569,-0.896660845782974,-1.00493904829917,-0.872831377674861,-0.907753841218055,-0.574037109273373,6945073672
0.172786148794959,-0.59050972110279,0.0338657011521652,0.154662734724693,-0.746407862250621,-0.232399750254835,0.0919327390725997,-0.671143854285877,6945071639
0.247488339421991,-0.768117904581162,0.839347910965784,0.57485051195687,0.0233644472494674,-0.640730400610416,0.364300386358529,-0.3204284922516,6945069066
-0.834483430539578,-0.70228574791552,-0.956070760851913,-0.87854321340127,-0.38010702401986,-0.0969092122086045,-0.905587890879044,-0.500729707935198,6945066152
-0.176385691824005,1.3243931587038,0.432264655072871,0.176177553272419,0.0965908349800548,-0.248167335053926,0.474953486584569,-0.075139712093506,6941915788
-0.0964671193244135,1.31612365276362,-0.55555699663843,-0.14130778916525,-0.576508292388875,-0.700595206123902,-0.55129433909006,-0.372208243213489,6941781008
NA,NA,NA,NA,NA,NA,NA,NA,6941005128
NA,NA,NA,NA,NA,NA,NA,NA,6940815398
-1.01026908794646,0.939869368594561,-1.76111821227268,-0.601842109022979,-0.53741879686921,0.506705434810573,-1.49996398895408,0.405634219079864,6940155468
-1.7293745221271,1.31828784121937,-1.37440153490271,-1.58617957837792,0.457589332694349,-0.615100767352773,-1.05327566486014,0.176258668749808,6937754838
1.56523922613495,1.35883738335147,1.29907244971089,1.11271252673439,2.26695095813229,1.53721254312847,1.65519594861464,1.73592417588992,6936574728
-1.10121543044148,1.31501746098515,-0.972134404731972,-0.417093354183509,-0.713710478220479,-0.00686400734118486,-0.779612892330431,-0.384962945244146,6934585817
-0.909592239592269,1.33830882039634,-0.38512192928088,-0.779724750714826,1.44557414747256,0.592842963729346,-0.857808281016989,1.3053905389118,6934559667
0.682483797107255,1.02625012895708,0.306541978149035,0.573244860408978,0.537105160752857,0.132455129098391,0.215112775773313,-0.288407613496528,6934348442
-0.735537620796305,1.32483864018057,-1.22936065732688,-1.11686399043084,-0.351412043243571,1.34033867743528,-1.12196526205757,0.573877410877997,6934185982
-0.822480034665352,1.3421170653971,-0.905556929307073,-0.711029472875516,0.416988593684731,0.961237559519447,-0.8865179772826,1.57408900025718,6933987919
-0.125151791065409,1.33467265930338,-0.189101835341215,0.382014388407578,-0.223731939638126,-0.27018669189499,-0.322152702141299,0.704594576999902,6933706763
-1.8660210390037,1.33553638623092,-1.89558530884777,-1.97470402155239,-0.121471799808281,0.342514461972605,-1.88337795232568,1.67960710875253,6933503691
1.6653692995379,1.35487880163927,1.85970559760734,1.37807257578043,0.904355387982332,0.998486967498924,1.39328370345108,1.59439417141926,6933154498
NA,NA,NA,NA,NA,NA,NA,NA,6933133137
1.12345079250259,1.32262568897212,0.654297514227446,0.876143464612913,-0.141046655994704,-0.00417889920054608,0.943054288200677,-0.463683929645437,6932752643
NA,NA,NA,NA,NA,NA,NA,NA,6932751625
-0.325486613063158,1.31644047482632,-0.323720316336088,-0.48597526037738,-0.584461164515177,-0.851012847364079,-0.662690582390395,-0.181984110283877,6932688717
-1.85229059375116,1.32268956649665,-1.9277200045765,-1.95934708762537,-0.63610512680702,0.292188418885696,-1.8891281585671,0.80635729173038,6932441494
NA,NA,NA,NA,NA,NA,NA,NA,6932293849
1.81641688778153,1.34619435899385,1.85445746160556,1.48741837603821,1.27119802035891,0.60661297626736,1.27230992666258,0.951230922742173,6932088242
0.404032000054419,1.03364903627227,-0.787709321167877,-1.10016277097853,1.10276601766926,1.90941575927712,-0.00862465819701896,0.686364746639826,6931894923
NA,NA,NA,NA,NA,NA,NA,NA,6931885688
-0.0906311268515859,0.656839728960407,1.59352980707467,-0.4636101335369,2.03026922890537,0.301648415069367,1.01078886549725,2.41955474783589,6931787072
-0.44654751571699,1.34560125965554,-0.819313512451381,0.00444268715344333,0.90815348564784,1.26868161205549,-0.55892615941047,1.47375369788412,6931585020
0.873705418518058,-0.673378562209615,0.909779066813065,0.831293728974302,0.790845325208213,0.592735335403788,1.6082798178175,0.55372778727261,6931498222
0.0342539889981302,1.33327420713839,0.00826928996127919,0.333412005150292,-0.190919641170999,1.2029085610532,0.0607118354666138,0.547403920060828,6931279978
-0.771310034260553,1.3318498471611,-1.07462783124054,-1.33613576822782,1.57408578515557,1.76076715569465,-1.53171898583439,1.09958770668575,6930958766
-0.369628779418525,1.35147593735785,-0.360113985503436,-0.189321664121196,2.1851616514695,1.74282989631189,-0.371718515709522,1.86823939521584,6930668529
-0.457562070273373,1.35544599429476,0.396530754831784,0.0441070302602702,1.65600922213788,0.755382074717132,0.495448246278398,2.01089416131507,6930465140
NA,NA,NA,NA,NA,NA,NA,NA,6930456202
-0.404341189669677,1.31562807980405,-0.812866856255619,0.181044668102232,-0.596862740936208,0.501615472658597,-0.368637604656319,-0.617288061720157,6930330199
1.30633132618998,1.35998388048945,1.60393816613219,1.10550336872985,2.30353819349864,1.34788379581311,1.26665717853772,1.92678521893164,6930202534
0.897595943901801,1.33822002926629,0.770208851308252,0.708330174007625,1.2886040627568,1.04617821084598,0.846710395021569,0.598884079779095,6930096244
-0.157199642675148,1.33753739192288,-0.0763488861632734,-0.096497805605236,1.14148565380364,0.90706149389934,-0.562463183130057,1.02315403819028,6930079051
0.486505075857317,1.34538935761002,-0.408514134926412,0.486134324713865,0.476175677362647,0.0767403838711119,-0.461256825115056,1.39384603364693,6929947545
-0.241526882349293,1.32319481117278,0.317081553498765,-0.556756853490342,0.326321051924698,-0.784166657357817,0.0209635808485284,0.176759970638156,6929858535
NA,NA,NA,NA,NA,NA,NA,NA,6929566355
0.890343612042271,1.32879656329357,1.01932451273662,1.17824913725653,0.628795452069432,-0.00778349672365108,1.05813288014093,-0.189183286780363,6929551675
-1.84553067029877,0.771509218427426,-1.93954413767356,-1.92761583069399,-0.938862868898208,-0.234675832300462,-1.88433859595328,-0.314595819644284,6929344611
-0.677538816497731,1.32152702961892,-0.0386628806800173,0.314695831724292,-0.506571621213829,-1.02937502918351,-0.420297543770286,-0.149754755085145,6929143264
-0.564106998003106,1.319000569608,-0.871524252392112,0.469122975234638,0.217422964668209,0.66280733327219,-0.872648569497016,-0.451408801908742,6928839973
-0.0372250755619976,1.32111468854594,0.032929823172862,-0.155835699370767,-0.0790407760642827,-0.733612650955739,0.0654272463109348,-0.117687182984893,6928802489
-1.2645099026882,1.31202984034441,-1.02235452468664,-1.47778621171551,-0.86256062940342,-0.352473274199516,-0.94993836556965,-0.172390943059527,6928795921
-0.0358253423035787,1.32266950279042,0.00160231149639422,-0.477916590015634,0.605712115298943,-0.546096259760752,-0.0612589073065369,0.077468478745715,6928735471
1.78690088037047,1.3577376343487,1.95658260141607,1.40824436601073,1.38301100413764,1.42293290079163,2.02456186774803,1.62250957022245,6928713560
0.705168476322213,0.580715918375667,0.57766121523415,0.347163525927214,-0.328255403351176,-0.75629962742746,0.488218845192797,-0.343083845906118,6928704976
-0.107676984162767,1.3210111645748,0.0294392523261342,-0.172303372786468,0.0507098095304326,-0.121484611466043,0.12113665366077,-0.151970676571356,6928541618
-0.800337614558428,1.31795815277273,-0.453611406043116,-0.589373110075795,-0.615434898443696,-0.931988534524578,-0.319756702178309,-0.14086135362026,6928526475
0.985390875484728,1.3305061582566,1.02963047384462,0.932797095035948,1.19524212988521,-0.441157322083919,0.781969861070893,0.0467628356593748,6928506433
1.25801432925494,1.34210020165786,1.04085509856559,0.995575138904198,0.966433856250486,0.923163706112724,1.09053212992942,0.78628632681929,6928504611
-0.234052507684079,1.31930704347488,0.475293409368504,-0.0878877105107616,-0.737337378479515,-0.867017455114745,-0.380156263240488,-0.0801344181895863,6928482714
0.244363803548529,1.32891734265651,0.641365431247674,0.823516638090666,0.89241291194194,-0.621122790805079,0.164766787988616,0.0609782727874143,6928473662
-1.23749202826362,1.33591298464926,-0.852167373589333,-0.779595443753925,0.667903683756521,0.497366000018175,-0.305924693215257,1.01330080203492,6928311009
1.16852984442111,1.34400927511581,1.08767627157307,1.25061910556981,1.85831481928079,0.288754900496537,1.09386149136969,0.770435599906453,6928285300
-0.169905694428913,1.3599548200498,0.909741090294998,0.46462346794306,2.21601216192903,1.14083931504368,0.931690311876722,2.1036142155187,6928282907
-0.458439146819309,1.31021387125088,-0.918252756703814,-1.53312099398173,-0.747266813672391,0.502003526914744,-0.38778858691741,-0.379054070116926,6928248814
-0.817746825963472,1.34279436787446,-0.956782852786696,-0.899144952779331,0.967851425832617,1.48636903765138,-1.03146836534891,1.66670352846891,6928220423
-1.44397346760269,1.31217413315855,-1.27264359315657,-1.52601312415249,-0.704905808531293,-0.891822681670662,-1.46939657705015,-0.0725368747522906,6928200982
-0.438678028018026,1.34991888904503,-0.149674278111682,-0.315496096313009,1.0560322410228,0.503436174477363,0.14659216925038,1.81495746466497,6928197304
-0.220720474599593,1.31743710332235,-0.111626593864561,-0.203995355234948,-0.413217007886425,-0.245580205987755,-0.584110814571429,-0.223634666712416,6928055902
-1.36739489612542,1.34495388726385,-1.21231188683398,-1.04040153814451,1.3001327840024,1.2307787020146,-1.16399509507044,1.82703889625204,6928055608
-0.8043405738949,1.31392234582484,-1.34051178519358,-1.31247845818912,0.463741451171726,0.830325296325577,-1.15816328454679,-0.187662744876065,6928052617
NA,NA,NA,NA,NA,NA,NA,NA,6928043253
0.161379417105083,1.32026248036225,0.0630996035557037,0.17894060315531,-0.281427114513861,-0.471327385351763,0.100566561336058,-0.283135532621499,6928029902
NA,NA,NA,NA,NA,NA,NA,NA,6928014492
0.205395785878904,1.33466035710411,-0.0706714116831682,-0.0831392785658756,-0.0157085010770948,0.490801522954819,0.648953501029447,0.662267518717043,6927954841
-0.855960219661591,1.31452150185316,-0.921528026129998,-0.873598500956161,-0.649126069692196,-0.814527990025559,-0.894170265301713,-0.209977387256671,6927954250
-1.11247828852275,1.32880715311425,-1.16866513892881,-0.723021461530225,0.485617477362258,0.00796265113865119,-1.13695465761609,0.660891007398242,6927948667
2.20229036410265,1.34903548204816,2.02641696326623,2.26738784653005,1.45229492057978,1.33617159378218,2.07239184105302,0.708440492002324,6927942980
-1.34956413550132,1.3187788444199,-0.299705121076219,-1.09583701655055,0.0773737862401589,0.219413964802715,-0.83687091652072,0.139549581879377,6927914142
-0.166110514568227,1.34767153607641,0.510809039148779,-0.219631873708914,0.42183672339686,0.158644785575645,-0.369728259590646,1.86986224445318,6927913113
-0.700798085544406,-0.917827956694659,-0.817989330978493,-0.416446977396586,1.49640607907311,1.47389465737555,-0.26261536580368,0.662135152427258,6927899941
NA,NA,NA,NA,NA,NA,NA,NA,6927866573
0.891582823672265,1.32718042467764,1.15128278900039,1.67215832396648,-0.681426673186934,-0.97267515188095,1.55103188344349,-0.460617914315574,6927857741
0.54398396681873,1.34263836359275,0.916852276465863,0.335431229396121,1.31764774515318,1.46333309793227,1.00406892326549,1.00605269223488,6927775381
0.402622069267562,1.33911170216928,0.595760692206294,0.573195233153244,1.20351953002725,0.676154663214674,0.875669043889614,0.677146313929438,6927608649
0.830030657632013,1.31795464202055,-0.124062246586618,-0.173019156054853,0.330865157826712,0.552692806542921,0.0747099363054536,-0.3684025750076,6927564241
1.18063148398242,1.33540483822615,1.03881110255876,1.19945931550008,0.0702145054473884,0.449321293189716,1.08582828267085,0.312855470091211,6927545653
0.503202360855111,-0.54936972744526,-0.187799997038165,0.043395416942067,0.911195120640944,1.24625440473841,0.0382863299817856,-0.549571315924839,6927471449
-1.19426557882402,1.31078429995169,-1.82991673046259,-1.22374595149574,0.051857722453872,1.03295659676789,-1.6357544513402,-0.378659950924313,6927238205
-0.985752636269863,1.32538585667767,-1.42066571347161,-1.42417256871954,-0.100647096297834,1.40755073604406,-1.0681336364176,0.660870819326837,6927085272
-0.512315710341969,1.31492897763823,-1.13578990868763,0.0130636102487857,-0.123147587388674,0.677806973423687,-1.07689109967844,-0.53168428651696,6926902789
1.54386375970615,1.32587125705574,1.09159157470573,0.597664609269114,0.442812865993404,-0.474346395801284,1.26116719282925,-0.176520626398791,6926883676
-0.294041820562704,1.31360786322183,-0.940212525452528,-0.696488197845047,0.058475422143254,0.725151270444345,-1.09754095620584,-0.348786033572344,6926684241
-0.824622598621319,1.3431634276199,-0.982778480086993,-0.0422122017477026,0.765635631226546,1.40940056158772,-1.52116413640754,1.50246469837929,6926133812
-0.949964569079078,1.31559476722461,-0.930914131962419,-0.858969816466102,-0.457573909078321,-0.78905348750294,-0.910782800242808,-0.155544152808591,6925691377
2.01994412025242,1.3282468427536,1.96738189745564,1.49867099128852,-0.0442739874845466,-0.153861215152034,2.05063625582585,-0.355623865367406,6925479410
NA,NA,NA,NA,NA,NA,NA,NA,6925475963
0.809270486800449,1.34546942191441,1.25726434434421,0.986573251934951,1.71359904672617,-0.501275621573372,1.12704499971347,0.987825420003117,6925475627
NA,NA,NA,NA,NA,NA,NA,NA,6925411481
1.20320416325271,1.32352599891668,0.997528960014061,1.22417957650619,-0.0890122770105542,0.77890129845359,1.07726694895536,-0.527558768538247,6925391133
-0.3386708020548,1.31457665054086,-0.890419059167877,-0.31286917121834,-0.0836078186443598,0.9381920517337,-0.800772274896696,-0.470945949722002,6925351988
0.30271009198614,1.26181038701382,0.854949530431272,0.252333778178527,0.310248972493187,1.14850651508232,0.840873723147516,0.839101340711493,6925276018
NA,NA,NA,NA,NA,NA,NA,NA,6925148928
NA,NA,NA,NA,NA,NA,NA,NA,6925117930
-1.70795751663051,1.34190971010011,-1.02523274655694,-1.61976412758553,0.278921841518539,0.46004241330328,-0.988752861831,1.87899688551764,6925112112
0.989533871733542,1.34011062205569,0.788690006257403,1.34977715707887,0.326365399883464,1.10130552614954,1.13581714734156,0.516516281167286,6925090735
-0.393849206982993,1.3224459149211,0.0120047366831963,0.589668705105689,-0.29188839787713,-0.911351283910438,-0.373788686018199,-0.19550870823016,6925029626
1.14714613081192,1.33772866284598,1.09537693601164,1.20259157898639,0.096338937263177,-0.772588530913708,1.09899896557895,0.491639384884094,6924889661
-1.28581485356634,1.32756289351386,-1.26502770689185,-1.02603072217704,-0.101462509275173,0.974023962674439,-1.45404027173677,0.765478014697567,6924789209
-0.363765979853252,1.32130561199521,-0.0371127565102514,0.0707599838561224,-0.0502881991315992,-0.546849895653446,-0.396222790179315,-0.111348965611393,6924648234
2.16852098417412,1.33199805964817,2.048856185074,2.275933543499,0.184144444131234,-0.682940553714674,2.06786195321906,-0.370900350105769,6924604682
-1.26537401959919,1.31193700544357,-1.7269608775452,-1.2537935587961,-0.583200609177812,-0.639494205863018,-1.19431643898096,-0.302955450024341,6924597547
2.06378665557853,1.35969585176382,1.97129742149997,0.922879861356635,2.28191895551028,1.46610840120418,2.04949078759103,1.8735855622182,6924548198
-0.0539570699397178,1.32311142592354,0.562477604797384,-0.53545752738157,0.0547287330414408,-0.870864460764846,0.403239789643042,0.137054617226271,6924513479
-0.893362346974961,1.32687669919907,-1.07828363956163,-0.910337858588801,-0.0145102395508477,1.30831502814906,-1.54623869692011,0.720108136222234,6924372074
0.110537632742472,1.32508097290348,0.824354826343544,0.750591656374066,-0.114703669679221,-0.371766752517329,0.345847679127368,-0.133685424527828,6924359661
0.477526366361933,1.32151139980941,0.215230611240484,0.535257316107026,-0.518717268974898,-0.741589945653081,0.762293174485886,-0.415637620161075,6924334238
NA,NA,NA,NA,NA,NA,NA,NA,6924333898
-0.355800266125988,1.31864218577765,-0.244310279560298,-0.430016860552442,-0.401654930841126,-0.820573669811744,-0.219102856965839,-0.149183417835996,6924327658
-1.86481473371008,1.30813517423018,-1.91470856477245,-1.92729978446272,-1.0584779869176,-0.891856492139709,-1.88419062190158,-0.183833670785754,6924319094
0.362718991907391,1.34932880418157,0.905319333837278,0.25091949578517,0.159438317532112,0.138972616838015,0.560382973712198,1.70086064330151,6924303569
0.476723325584186,0.927546676452914,0.340895559118509,0.696529122444251,-0.648628865164087,-0.241437437877074,0.343618117201586,-0.523661559111484,6924255499
0.152330307646288,1.3184856417143,0.0695831524756561,0.16429260638797,-0.825248349053776,-0.888578042124836,0.103112017100257,-0.356529567106036,6924252974
0.163590682515313,1.32072751392046,0.367292816057749,0.181258742568717,-0.769746092216279,-0.673628333897841,0.796379095123684,-0.327503040066503,6924251283
NA,NA,NA,NA,NA,NA,NA,NA,6924246168
1.24432399647539,1.32933914598551,1.05670262284121,1.27132986015348,0.78421388930442,-0.479348591048747,0.964012751818742,-0.152165514691902,6924239246
NA,NA,NA,NA,NA,NA,NA,NA,6924231184
1.09484562811085,1.324669002466,1.00111563905598,0.684297282637237,-0.0418300218639337,-0.712058237649834,0.941880755129405,-0.211035370054401,6924226818
0.226275445620952,1.31985328109601,0.169823026247929,0.172124325805575,-0.842791824284549,-0.878960568313848,0.733070077923362,-0.383538043891998,6924224030
0.553649075261811,1.32261987159565,0.332128189944408,0.535427000357113,-0.00810013998852242,-0.651308124814031,0.251296800790764,-0.251464034678824,6924223908
-1.36672218824659,1.31287968382111,-1.02412410712321,-1.29921671688284,-0.8469763492632,-0.379575481091775,-0.965334904435399,-0.178500638543247,6924215880
-1.7023424416453,1.34998990914526,-0.314387750138329,-1.19354878778506,1.51356023685591,0.262646058710511,-1.33898419845783,2.35846354669891,6924211132
NA,NA,NA,NA,NA,NA,NA,NA,6924209904
-1.81953679995805,1.34551887980218,-1.82122280973385,-1.37964038380009,1.77451885373404,0.483283488206735,-1.8664894567575,2.02924391412213,6924194655
-0.835012780942591,1.31650460435142,-0.41197750461734,-0.806679894793717,-0.609343642716037,-0.976843096654865,-0.854786516937767,-0.0462125940297643,6924101928
NA,NA,NA,NA,NA,NA,NA,NA,6924100619
-0.549238770462874,1.31070348850318,-1.33893305107023,-1.03228477286986,-0.283804768223259,0.369249119598252,-1.42543372938532,-0.385253685243109,6924088968
0.916027306579019,1.32806383775633,1.84519400902881,1.02719700420971,-0.697066107007742,-1.19590004694726,1.80641846176938,-0.138569884785394,6924079621
1.68888507657213,0.982639206277407,1.90866826296582,1.62748287620652,0.443769894610921,0.776708953245893,2.00699307376127,-0.378643747829153,6924077360
0.86420860893268,1.32781276665055,1.84604241788327,0.810402550845863,-0.719738150044466,-1.20929908141963,1.92153519540449,-0.102896625367533,6924077001
0.178351186036154,1.34945152306683,0.0906344408327748,0.345952585255709,0.966425097554,0.843378037726544,0.0906677012711807,1.60829140570922,6924072627
1.42792699942265,1.33481740022242,0.242859962385858,1.01257688295649,1.08729220035514,0.423717560301376,0.238293101745973,0.36548521409885,6924068010
0.647559033528105,1.3356320880219,-0.112810721215665,0.8126573931608,1.54714626784801,1.31123739962529,-0.0637779695932542,0.444161432935102,6924044928
-0.538066346503803,1.33282936274989,-0.628887873843679,-0.577639165041212,0.346164406658342,1.13228060815476,-0.179433993199688,0.763641768114847,6924025722
NA,NA,NA,NA,NA,NA,NA,NA,6924025410
NA,NA,NA,NA,NA,NA,NA,NA,6924025148
-0.79950628379792,1.32096337513194,-0.153173643953817,-0.492365093119961,-0.494273342394262,-0.365535470234779,0.721721928256751,-0.171606287578826,6923978329
0.288513379487631,1.31819400512797,0.0825275922539044,0.196148425078544,-0.822362968238668,-0.853289742549719,0.116859391730767,-0.385561710312364,6923974560
-0.777515349101918,1.3520524691194,0.177072313811327,-0.561529297402521,1.65376124593335,0.0768841001599296,-0.948164397926385,2.27357563006342,6923965588
0.179076633510244,1.35009737451016,0.0640002332237081,0.15390091870678,1.49883504185413,1.58841661301171,0.0955229778954532,1.66893902323679,6923951616
0.151435876335032,1.33792531869064,-0.575988761907368,0.562832253303477,1.73293124592705,1.90779546845933,-0.667973326463636,0.73373793755183,6923932384
-1.66925005936861,1.07148746798476,-1.02281316556872,-0.74626060512092,0.00937993783713438,-0.340848144599134,-1.29617174537711,0.707479262131717,6923929952
0.195976464923576,-0.917503937725287,0.0144139442383979,0.162051060950532,1.21626089074259,1.64283077047886,0.0688108842981784,0.550975096137493,6923929001
0.212284463422652,-0.936051629664392,0.324932372327206,0.186778318596212,-0.877094688350747,-0.936184850154438,0.362675584013441,-0.60102175964221,6923914852
1.08717182603821,1.32062488363492,0.757871206081901,0.975317440809813,-0.593285445016101,-0.199542451208074,0.526611810665597,-0.503686711208787,6923909650
-0.883327011442764,1.31364331450185,-0.93783707481741,-1.17605959124516,-0.675665499503051,-0.820141982754006,-0.893026100880873,-0.163832781818077,6923898758
0.234254640148782,1.32113157945774,0.597995863984729,0.538791550705111,-0.630154727220877,-0.402584952030443,0.27473883211698,-0.301269702976905,6923852238
-0.529175232549453,-0.924362773142836,0.597673678501949,0.331750499948564,1.20021992307677,-0.0907880934576621,0.547412837860003,-0.0360254135580046,6923844220
0.488208129082505,1.32035731904747,0.120819624568715,0.48924442233218,-0.362444923000963,-0.692241456000503,0.140176039714789,-0.36891507611349,6923841359
-0.466025681680194,1.3284692190837,-0.875019150590319,-0.388065083081117,-0.473145234446624,0.388298611588987,-0.855683326796759,0.580994642717603,6923831732
-1.44597624773955,1.31579101282712,-0.917603845619723,-0.996394386991066,-0.967043039423095,-1.04665865473422,-0.476728609720418,-0.161164667215866,6923662174
0.72189049367571,1.34410147038683,1.34322142860177,0.674078370790536,1.25913961934881,0.731130364155075,0.581604385348581,1.14636884430957,6923650451
NA,NA,NA,NA,NA,NA,NA,NA,6923571354
-0.677159768524304,1.31607513148953,-0.84819932356233,0.128394496422421,-0.853153592981663,-0.852094374719193,-0.864148346612872,-0.437259719105531,6923512631
NA,NA,NA,NA,NA,NA,NA,NA,6923443435
-1.53588134065118,-0.232840024175167,-1.2199366895785,-1.26075438704144,-0.542537818595146,-0.864967597655841,-1.17138170263632,-0.26430060131302,6923432743
1.17613508358958,1.32426872181435,1.02712316974272,1.2194023967014,-0.283897305568708,-0.166558019852146,1.07127968835503,-0.442813284781325,6923419162
1.48114013048783,0.976498346134836,1.79858856590248,0.634355727176204,-0.725972634805559,-1.03708722706505,1.37151500299192,-0.224132833831098,6922251457
