concern,att_wld_unfav,att_nm_unfav,comp,norm_control,aware,past,appreciate,social,Cluster,id,income,areaf,unemploy,costlive,hrwage,taxcost,cashrent,crp2018,landvalu,impstrea,implakes,impwetl,imptotal,childcar,foodcost,healthc,housecos,othercos,dfl08to18,dflmean
0.937313365,-0.009738536,0.271227143,-0.001425229,0.138149063,-0.273775695,0.249223104,0.277467236,0.003493496,2,6967500969,6,3,3.9,44714,14.33,428,195,202,7136,28.1,81,0,3,204,769,417,698,429,0.479507276,0.454818836
-1.223141889,1.128035159,-0.537913982,-0.033936139,0.300759468,-0.249867382,0.215341654,-0.154637619,0.043083136,1,6966018516,3,1,4.7,45944,14.73,459,217,219,6966,243.6,0,0,31,224,770,417,698,429,0.537740966,0.507963557
0.928581049,0.9172491,0.435496181,0.026654092,-0.171931358,-0.309050891,-0.726119898,-0.235683006,-0.073788532,0,6954002510,1,1,3.1,64137,20.56,860,76,131,18090,31.3,1071,0,22,707,784,486,1113,555,0.666003954,0.627656542
0.478270181,-0.01820219,0.253195728,0.364744449,0.144779086,-0.252316158,0.224228442,-0.20829908,-0.084930623,1,6954000142,6,1,4.5,44271,14.19,417,215,213,6510,207.9,700,0,24,189,749,417,698,423,0.547407449,0.516861187
-1.468235468,0.065935718,-0.157493056,-0.366927176,-0.08751052,-0.307012746,0.171987817,-0.091761114,-0.148541562,1,6952091365,4,2,3.6,44597,14.29,425,183,183,5444,303.4,977,7.81,22,190,775,417,698,430,0.548234289,0.523649458
0.097654536,0.401292885,0.304018771,0.022976489,-0.1046341,-0.212027729,0.203574875,-0.050855764,0.213602899,1,6950969532,3,2,3.8,43375,13.9,394,207,197,6875,229.6,2004,0,20,233,756,417,698,425,0.473061071,0.446461497
0.622227988,-0.597555,-0.642640463,0.236643028,0.116892887,-0.282390989,0.239966485,-0.131468531,-0.14889472,2,6950966877,4,2,4.5,44271,14.19,417,215,213,6510,207.9,700,0,24,189,749,417,698,423,0.547407449,0.516861187
0.957022931,-1.005934326,0.258133287,0.246522943,-0.258602491,-0.22087678,-0.308189425,0.221982497,-0.142320777,0,6950963846,2,1,3,47201,15.13,478,215,232,7565,344.4,5253,0,42,237,746,417,874,474,0.597152583,0.573103888
-1.612008935,1.28004269,0.343692331,-0.888017219,0.177587634,-0.301737777,0.246992881,0.174400615,-0.080110516,1,6949522020,,4,6.1,44199,14.17,415,184,202,7059,165.2,1242,0,19,208,760,417,698,426,0.487624918,0.461972609
-1.32307671,-0.607061437,0.296351697,-0.294020141,-0.366765596,-0.273843601,0.23706583,0.334069427,-0.077466329,1,6949520595,5,3,3,47201,15.13,478,215,232,7565,344.4,5253,0,42,237,746,417,874,474,0.597152583,0.573103888
-0.268121053,0.097311031,-0.538395777,0.032507282,-0.125433582,-0.30818593,0.003160775,-0.215990065,-0.06831484,1,6949519165,2,2,4.3,47666,15.28,503,66,63,1986,0,0,0,0,195,743,417,698,421,0.474587254,0.463180178
0.241915846,-0.319436577,0.316836002,-0.02119681,-0.532098234,-0.304194133,-0.686489593,-0.10776384,0.148196934,0,6949517026,,,4.8,50857,16.3,579,228,222,6745,95.5,5867,0,23,256,743,417,764,440,0.504071303,0.456636592
0.724720708,-0.611747408,0.276275311,0.38754318,-0.370756406,-0.30403858,-0.683777071,-0.009437273,0.028597332,0,6949515466,2,2,3.3,46153,14.79,459,119,129,3410,4.4,10017,11.03,16,220,748,417,764,442,0.477512787,0.458586311
0.955606587,-0.668076709,-0.574953046,0.417829064,-0.168316313,-0.057481201,0.034799926,0.147424528,0.218600537,2,6949513982,1,1,3.1,64137,20.56,860,97,131,18090,31.3,1071,0,22,707,784,486,1113,555,0.666003954,0.627656542
1.789476147,-0.370867994,-0.565100239,0.217047327,-0.019374972,0.208591322,0.249034492,0.253390777,0.113062409,2,6949512250,4,3,4.2,43738,14.02,404,150,174,5396,150.7,1837,0,19,196,765,417,698,428,0.599411423,0.577035997
-0.203568185,0.228254555,1.103531385,-0.037190383,0.188968669,-0.304920581,0.198468155,0.03281201,-0.146771534,1,6949510004,,3,3.9,44509,14.27,423,197,187,6552,254.2,54,0,19,199,764,417,698,427,0.476013148,0.455675529
0.503219861,0.229385673,0.307691475,-0.000605317,-0.190621257,-0.109840018,0.205938762,0.020183022,0.047344858,1,6949508507,3,3,4.2,46600,14.94,476,110,106,2686,14.5,7871,0,10,210,752,417,698,424,0.462804608,0.452347745
-0.142455972,0.429589333,0.289751132,0.027024044,0.055852963,-0.250661123,0.171507283,-0.10695858,-0.083389168,1,6949506509,6,3,4.3,47714,15.29,504,150,168,4911,114.6,6178,0,10,210,762,417,698,427,0.563708026,0.546157232
-0.323276883,-0.01334261,0.305235195,-0.088307049,-0.263352071,-0.139532776,0.228099114,-0.049885985,-0.064142096,1,6949504595,5,2,4.4,45400,14.55,445,209,219,6585,136.2,199,0,12,203,784,417,698,433,0.490212387,0.463059358
0.729360521,-0.051300432,-0.475646049,0.184491363,0.234854199,-0.098049918,0.182195171,0.339222993,-0.035901307,2,6949502871,6,3,2.8,41053,13.16,336,150,164,5718,21.5,1911,77.27,10,184,751,417,698,424,0.556190597,0.538722106
-0.829624412,-0.728019582,0.820273686,-0.667739878,-0.393837038,-0.19019959,0.181576254,-0.106428325,-0.147304137,1,6949501136,3,2,4.6,46138,14.79,464,225,177,6435,0,0,83.99,2,198,775,417,698,431,0.503379298,0.485067304
-0.528142988,-0.076872288,0.300222419,0.275712521,-0.414885251,0.323972003,0.208646925,0.121196836,0.158090506,2,6949498386,2,1,4.6,46138,14.79,464,225,177,6435,0,0,83.99,2,198,775,417,698,431,0.503379298,0.485067304
1.020411548,-0.152447232,-0.962933096,0.594361132,0.135743355,-0.202661606,-0.725829033,-0.231452584,-0.08333437,0,6949496064,3,2,3,47201,15.13,478,215,232,7565,344.4,5253,0,42,237,746,417,874,474,0.597152583,0.573103888
0.127918605,0.979054264,-0.602436471,-0.166512296,0.509010702,-0.281811527,0.181725298,-0.094477664,-0.148278747,1,6949493789,4,3,3.3,46153,14.79,459,119,129,3410,4.4,10017,11.03,16,220,748,417,764,442,0.477512787,0.458586311
-1.004758719,0.895045148,0.383944871,-0.965504843,-0.378525638,-0.283817257,0.155368074,-0.213867428,-0.149973788,1,6949491780,2,,4.5,44271,14.19,417,215,213,6510,207.9,700,0,24,189,749,417,698,423,0.547407449,0.516861187
1.169271371,0.448882203,0.760795188,0.130219782,0.498324712,-0.0957553,0.245403174,0.094655193,-0.078673099,1,6949489833,3,3,4,46304,14.84,468,224,216,6922,95,284,0,10,225,762,417,698,427,0.510246648,0.48386545
-1.08268594,0.522742575,0.375522967,-0.547832187,-0.064389339,-0.163274038,0.243080238,-0.007609493,-0.145639898,1,6949488002,6,3,3.8,43375,13.9,394,207,197,6875,229.6,2004,0,20,233,756,417,698,425,0.473061071,0.446461497
0.233984315,-0.188998812,-0.546571442,0.031533928,-0.13317595,-0.275612475,0.239020957,-0.152392227,-0.002658607,1,6949485959,4,2,3,47201,15.13,478,215,232,7565,344.4,5253,0,42,237,746,417,874,474,0.597152583,0.573103888
0.820025051,0.125149987,0.306487165,-0.160714839,-0.132111783,-0.136202732,-0.72566283,-0.228560498,-0.082462499,0,6949478309,,3,3.3,43036,13.79,385,202,183,6275,263,1492,51.44,19,212,757,417,698,425,0.513802024,0.493156702
0.260318043,-0.166116021,0.293726521,0.051959938,-0.238883666,-0.306591803,0.159553113,-0.040633298,-0.182272158,1,6949476839,,2,3,47201,15.13,478,209,232,7565,344.4,5253,0,42,237,746,417,874,474,0.597152583,0.573103888
0.775808311,-0.337501235,0.288208684,0.216536501,-0.304587642,-0.278797498,-0.683156394,0.011421152,0.000910753,0,6949474644,3,2,3.7,49421,15.84,546,237,226,6446,188.5,3302,0,32,219,762,417,711,431,0.45252079,0.418157076
0.329130947,-0.106567587,0.252066118,0.051918045,0.260179638,-0.131301277,0.201012165,0.137828228,-0.078439408,1,6949471920,6,4,3.7,49421,15.84,546,237,226,6446,188.5,3302,0,32,219,762,417,711,431,0.45252079,0.418157076
0.068819296,0.339553664,-0.494813576,-0.349301654,0.261508118,-0.309191777,-0.726095449,-0.236088448,-0.084731934,0,6949467324,1,3,4.4,45400,14.55,445,209,219,6585,136.2,199,0,12,203,784,417,698,433,0.490212387,0.463059358
0.020400684,0.364990244,0.318283834,-0.529631732,-0.024389421,-0.309027055,0.200696923,-0.21375517,-0.150349651,1,6949465030,,3,3,47201,15.13,478,215,232,7565,344.4,5253,0,42,237,746,417,874,474,0.597152583,0.573103888
0.544202566,-0.004050862,0.212864675,0.193309034,0.110353357,-0.198221453,-0.707444041,-0.02585588,0.00141866,0,6949463084,2,1,3,47201,15.13,478,215,232,7565,344.4,5253,0,42,237,746,417,874,474,0.597152583,0.573103888
0.083411714,-0.075779731,0.228953074,0.272945014,0.419099044,-0.187917191,0.196887796,-0.03022975,-0.064423097,1,6949461204,6,3,4.8,50857,16.3,579,228,222,6745,95.5,5867,0,23,256,743,417,764,440,0.504071303,0.456636592
0.128026887,-0.279334478,0.302945052,-0.091394946,-0.33009456,-0.272550722,0.225233178,-0.125634307,0.211747881,1,6949458706,3,2,3.8,43375,13.9,394,207,197,6875,229.6,2004,0,20,233,756,417,698,425,0.473061071,0.446461497
0.54894289,-0.015244337,0.294739508,-0.106534687,-0.097677243,-0.30906111,0.169070179,-0.214599235,-0.150318649,1,6949455558,,,4.4,45400,14.55,445,209,219,6585,136.2,199,0,12,203,784,417,698,433,0.490212387,0.463059358
0.28601208,-0.604568443,-0.18743214,0.050998636,-0.155671463,-0.280750658,0.201461103,-0.1602147,0.025516362,1,6949418183,4,1,3.8,45515,14.59,448,216,217,6071,0,2003,0,1,228,753,417,698,424,0.585108401,0.557988585
0.370313176,-0.374863147,-0.621259801,-0.189612367,0.160811343,-0.28349507,0.156536867,-0.169183347,-0.183816413,1,6949416279,,2,3,47201,15.13,478,215,232,7565,344.4,5253,0,42,237,746,417,874,474,0.597152583,0.573103888
-1.096767578,0.231846372,-1.464109872,0.078200667,0.365289372,-0.277590728,0.230044907,0.049205427,0.000210062,2,6949408889,6,3,3.5,46497,14.9,474,175,171,4481,149,6257,32.77,18,210,770,417,698,429,0.52325088,0.512927345
0.180451211,-0.289104827,0.294408118,0.013357606,-0.28491499,-0.100931798,0.24510174,0.099074661,0.048529811,1,6949405911,4,2,3.5,45104,14.46,437,229,214,5854,38.3,9834,0,22,237,757,417,709,429,0.515466703,0.486323499
-0.482493727,1.21534417,0.310845058,-0.470538155,0.37489123,-0.301398033,0.245793193,0.134621739,0.001111498,1,6949403352,,,3.1,64020,20.52,858,197,189,7866,89.4,5422,0,46,651,764,486,1113,549,0.428145138,0.387660352
0.85892395,-0.414009927,0.269790821,0.109762965,-0.075514325,-0.281115238,0.201524372,-0.161263888,-0.002802618,1,6949399112,5,4,4.2,43738,14.02,404,150,174,5396,150.7,1837,0,19,196,765,417,698,428,0.599411423,0.577035997
-0.017043674,-0.278704816,0.329032842,-0.275004042,-0.544370521,-0.310469101,-0.725873783,-0.239764332,-0.183948869,0,6949394536,2,1,3.8,45515,14.59,448,216,217,6071,0,2003,0,1,228,753,417,698,424,0.585108401,0.557988585
0.784567577,-0.259672105,0.280878808,-0.097219032,-0.040110609,-0.282944019,0.192525188,-0.210474493,-0.085300979,1,6949392066,5,2,4.8,50857,16.3,579,215,222,6745,95.5,5867,0,23,256,743,417,764,440,0.504071303,0.456636592
-0.046227748,0.578128942,2.076854222,-0.427879109,0.081015919,-0.280592232,0.154808407,-0.204586452,0.100531943,1,6949389471,5,3,4,46304,14.84,468,224,216,6922,95,284,0,10,225,762,417,698,427,0.510246648,0.48386545
0.462855461,-0.710273174,0.271871887,0.161554172,-0.268781853,-0.186627489,0.19258058,-0.203296809,-0.002209873,0,6949385903,3,2,3.8,45515,14.59,448,216,217,6071,0,2003,0,1,228,753,417,698,424,0.585108401,0.557988585
-0.888079009,-0.240618984,0.294140539,-0.082971413,-0.263928555,-0.308022301,0.15512206,-0.211934471,-0.068463799,1,6948985749,6,2,3.6,44917,14.4,433,167,170,4453,341.6,4,0,36,215,787,417,698,434,0.588319113,0.563202053
-0.073528944,-0.153268553,0.29383237,0.031316092,-0.239909908,-0.307988227,-0.72234009,-0.090989068,-0.181796551,0,6948796897,,2,3.3,46153,14.79,459,141,129,3410,4.4,10017,11.03,16,220,748,417,764,442,0.477512787,0.458586311
1.080143022,0.237094835,0.310040334,0.411559568,0.197614618,0.011062217,-0.152131603,-0.103808897,-0.068691633,0,6948796210,5,2,3.7,44212,14.17,415,150,170,5078,0,0,0,0,224,777,417,698,431,0.592261355,0.572932135
1.431406761,-0.164349671,-0.611271181,0.526815628,0.428566346,0.050694357,0.245217998,0.116855952,0.219226577,2,6948795512,5,2,2.8,41053,13.16,336,150,164,5718,21.5,1911,77.27,10,184,751,417,698,424,0.556190597,0.538722106
-1.296038472,1.15009154,0.311927137,-0.070007101,0.109099487,-0.305771019,0.154731375,-0.205455731,0.106405911,1,6948794673,7,2,3.1,64137,20.56,860,131,131,18090,31.3,1071,0,22,707,784,486,1113,555,0.666003954,0.627656542
0.532089222,-0.557942398,-0.718252857,0.688503622,0.770543518,-0.222002265,-0.723551041,-0.095181287,0.214119654,2,6948793617,,1,3.1,64020,20.52,858,35,189,7866,89.4,5422,0,46,651,764,486,1113,549,0.428145138,0.387660352
-0.978389698,0.595483621,0.35678082,-0.405896868,-0.463258457,-0.309224738,0.017108894,-0.21865483,-0.15016969,1,6948792859,4,2,4.4,45400,14.55,445,195,219,6585,136.2,199,0,12,203,784,417,698,433,0.490212387,0.463059358
-0.354712009,-0.145401778,0.287861063,0.047423969,-0.189410951,-0.300301846,0.242949873,0.042985414,0.21378638,1,6948790989,3,2,3.9,44509,14.27,423,197,187,6552,254.2,54,0,19,199,764,417,698,427,0.476013148,0.455675529
0.373407173,-0.018361964,0.757379636,-0.000716858,-0.218001974,-0.189038799,-0.710533848,-0.180545709,-0.181605725,0,6948790357,,2,4.8,50857,16.3,579,228,222,6745,95.5,5867,0,23,256,743,417,764,440,0.504071303,0.456636592
0.568809539,-0.4712444,0.26392339,0.301758719,-0.13748299,0.12915201,-0.722737579,-0.087182981,0.184138809,0,6948788893,1,2,3.1,64437,20.65,866,200,202,7757,23.8,833,0,13,741,756,486,1113,546,0.54005066,0.501171081
-0.917985278,-0.231162305,0.344721935,-0.508812819,-0.6315722,-0.139138046,-0.725670171,-0.228688234,-0.082501007,0,6948788159,2,2,3.2,53785,17.24,638,220,214,6024,0,600,0,3,368,746,417,903,482,0.577500197,0.534763194
0.001463255,-0.140266051,0.348727247,-0.456997518,-0.620545485,-0.281997187,0.156276926,-0.164872741,-0.067467496,1,6948756355,,2,4.4,45400,14.55,445,209,219,6585,136.2,199,0,12,203,784,417,698,433,0.490212387,0.463059358
-0.356180821,-0.002264422,0.285498221,0.013417523,-0.085191936,-0.152981877,0.245638817,0.108127774,-0.079196245,1,6948754791,5,2,3.6,44597,14.29,425,183,183,5444,303.4,977,7.81,22,190,775,417,698,430,0.548234289,0.523649458
0.119564684,-0.137747481,0.28931654,-0.031511811,-0.143920324,-0.218201742,0.223099235,0.178071702,0.106686559,1,6948752656,5,3,3.5,45104,14.46,437,229,214,5854,38.3,9834,0,22,237,757,417,709,429,0.515466703,0.486323499
-0.439085312,-0.380915087,-0.593388962,0.154493155,0.224425577,-0.27650638,0.237747701,-0.20599875,-0.003434127,1,6948751048,6,4,3.9,44509,14.27,423,197,187,6552,254.2,54,0,19,199,764,417,698,427,0.476013148,0.455675529
-0.480016904,0.74136151,0.286000189,-0.154617808,0.30267925,-0.162702033,-0.362678895,-0.084614045,-0.145900241,1,6948748993,3,2,4.2,43738,14.02,404,150,174,5396,150.7,1837,0,19,196,765,417,698,428,0.599411423,0.577035997
-0.112064371,0.165192829,-1.492927751,0.221533563,0.059318549,-0.223727674,0.24388186,0.029916159,-0.145860417,2,6948747287,3,2,3.9,44509,14.27,423,197,187,6552,254.2,54,0,19,199,764,417,698,427,0.476013148,0.455675529
0.804400261,0.419895687,0.291174581,-0.027554113,0.104119487,-0.073354372,-0.706255867,0.016493073,0.003583139,0,6948745823,3,2,3.8,43375,13.9,394,207,197,6875,229.6,2004,0,20,233,756,417,698,425,0.473061071,0.446461497
0.41639443,-0.183837432,0.214109633,0.319167691,-0.046138512,-0.247756618,0.202465488,-0.10394222,0.147734632,2,6948744309,4,2,4.7,45944,14.73,459,217,219,6966,243.6,0,0,31,224,770,417,698,429,0.537740966,0.507963557
0.54462539,0.792492857,0.384526366,-0.10909847,-0.183165544,0.132621474,0.244453225,0.031944872,-0.141377672,1,6948742656,3,2,3.5,45104,14.46,437,229,214,5854,38.3,9834,0,22,237,757,417,709,429,0.515466703,0.486323499
0.168480202,0.183197883,-0.561965048,0.217863105,0.109986403,-0.219715878,0.040947296,-0.215391772,-0.183520564,1,6948731395,3,2,4,47920,15.36,508,209,223,5987,18.6,0,0,4,256,742,417,704,423,0.455309006,0.431893644
0.253755375,0.413833201,-0.081125835,-0.059457919,0.07710999,-0.278393083,0.238075117,-0.211428302,-0.149984857,1,6948722483,5,2,3.8,43375,13.9,394,207,197,6875,229.6,2004,0,20,233,756,417,698,425,0.473061071,0.446461497
-0.528923265,-0.000765436,0.288912458,0.001555412,-0.125307708,-0.305195315,0.202685055,-0.107937257,0.01975518,1,6948718920,2,2,2.7,47338,15.17,482,223,215,7567,182.3,0,0,29,241,749,417,874,475,0.601670627,0.576371249
-0.869590946,0.030642288,-0.598414719,-0.28269349,0.065211294,-0.306435716,0.241632432,-0.059768645,-0.14817291,1,6948716744,6,2,4.8,50857,16.3,579,228,222,6745,95.5,5867,0,23,256,743,417,764,440,0.504071303,0.456636592
-0.670991761,0.01468707,0.272219244,0.072820172,0.029792804,-0.301521601,0.21997835,0.051696896,0.103843275,1,6948714093,6,2,4.7,45944,14.73,459,217,219,6966,243.6,0,0,31,224,770,417,698,429,0.537740966,0.507963557
0.976858642,-0.788434935,0.229680222,0.190549037,0.18346344,-0.276635612,-0.711163255,-0.177751067,-0.001727192,0,6948712233,1,3,4.7,45944,14.73,459,217,219,6966,243.6,0,0,31,224,770,417,698,429,0.537740966,0.507963557
-1.403886385,-0.216818086,0.304833995,-0.213666163,-0.336132924,-0.310010027,-0.712185606,-0.23811849,-0.149454801,0,6948710186,,2,2.7,47338,15.17,482,223,215,7567,182.3,0,0,29,241,749,417,874,475,0.601670627,0.576371249
0.473499692,-0.325846326,-0.56531781,0.167111062,-0.03348672,-0.228769248,-0.719867998,0.023654509,-0.062903059,0,6948708312,2,2,4.2,43738,14.02,404,150,174,5396,150.7,1837,0,19,196,765,417,698,428,0.599411423,0.577035997
-0.334583651,0.102245903,0.330343788,-0.067052396,-0.507601056,-0.278092955,-0.711198004,-0.192222462,-0.101100304,0,6948706493,4,2,4.7,45944,14.73,459,217,219,6966,243.6,0,0,31,224,770,417,698,429,0.537740966,0.507963557
-0.301249659,-0.293210378,0.309335132,-0.021619988,-0.460481844,-0.079373313,0.242513062,-0.028163354,-0.080219556,1,6948691653,5,2,3.5,46497,14.9,474,175,171,4481,149,6257,32.77,18,210,770,417,698,429,0.52325088,0.512927345
-0.080231171,-0.211627806,0.266862271,-0.111885,0.106626522,-0.300652659,0.164288014,0.182453837,0.001916468,1,6948681806,6,2,4.1,44660,14.31,427,199,190,6478,130.4,5668,61.8,14,214,759,417,698,426,0.575888908,0.545665705
0.124257103,-0.160879974,0.29376966,0.04354644,-0.239301916,-0.157069463,0.159290746,-0.060943588,-0.180692952,1,6948655563,,5,4.3,47714,15.29,504,193,168,4911,114.6,6178,0,10,210,762,417,698,427,0.563708026,0.546157232
0.292188219,0.419407,0.310229473,-0.133894346,-0.08424337,-0.275946585,0.214109746,-0.204942987,0.042039907,1,6948647714,5,3,3.6,44597,14.29,425,183,183,5444,303.4,977,7.81,22,190,775,417,698,430,0.548234289,0.523649458
0.198490307,0.081298245,0.327552841,-0.038681687,-0.474385242,-0.189109883,0.201935703,-0.149621673,-0.001486691,1,6948511119,3,2,3.9,44509,14.27,423,197,187,6552,254.2,54,0,19,199,764,417,698,427,0.476013148,0.455675529
-0.207241376,-0.605953104,-0.659654177,-0.252021991,0.498132133,-0.269977201,0.250062486,0.293262879,-0.142683539,2,6948510157,6,2,4.1,44660,14.31,427,199,190,6478,130.4,5668,61.8,14,214,759,417,698,426,0.575888908,0.545665705
0.71078,-0.377135485,-0.087519383,0.336608027,-0.357013931,-0.258778795,0.214666028,-0.21246093,-0.184205867,1,6948509307,,,3.8,43375,13.9,394,207,197,6875,229.6,2004,0,20,233,756,417,698,425,0.473061071,0.446461497
-1.292529397,0.019513852,-0.685604602,0.0819818,0.274192151,-0.277312274,0.24418569,0.065382466,0.000425286,1,6948508205,7,2,4.6,46138,14.79,464,225,177,6435,0,0,83.99,2,198,775,417,698,431,0.503379298,0.485067304
-0.527917825,-0.004852721,0.296648609,-0.038063981,-0.1956866,-0.309520184,0.155382001,-0.216245077,-0.184812716,1,6948507689,,3,4.7,45944,14.73,459,217,219,6966,243.6,0,0,31,224,770,417,698,429,0.537740966,0.507963557
0.905169868,0.329156995,0.3246966,0.108052152,-0.372704239,-0.301724523,-0.707803434,-0.006333398,0.214371168,0,6948506700,2,2,4.2,46600,14.94,476,110,106,2686,14.5,7871,0,10,210,752,417,698,424,0.462804608,0.452347745
1.156224392,-0.334048662,0.311372593,-0.022699215,-0.434681692,-0.274756963,-0.719050332,0.097767295,0.216211456,0,6948504619,3,2,4.2,46600,14.94,476,110,106,2686,14.5,7871,0,10,210,752,417,698,424,0.462804608,0.452347745
0.067441912,-0.295468746,-0.566208926,0.07992882,0.012375062,-0.301578052,0.245536779,0.123826228,0.00095532,2,6948503888,,,3.8,43375,13.9,394,207,197,6875,229.6,2004,0,20,233,756,417,698,425,0.473061071,0.446461497
-0.383883343,1.120879607,-1.283637993,-0.148182245,0.588059818,-0.309075932,0.155304906,-0.214966608,-0.150305156,1,6948502762,4,1,3.5,45104,14.46,437,229,214,5854,38.3,9834,0,22,237,757,417,709,429,0.515466703,0.486323499
-0.716689551,0.220013666,0.327551074,0.042443735,-0.494266268,-0.215998636,0.202323518,-0.131613174,-0.001565986,1,6948501935,3,2,4.1,44660,14.31,427,199,190,6478,130.4,5668,61.8,14,214,759,417,698,426,0.575888908,0.545665705
-0.605408343,-0.080213272,0.65727315,-0.106821091,-0.052852039,-0.190993963,0.242284153,-0.039445437,-0.146440287,1,6948500862,3,2,2.7,47338,15.17,482,223,215,7567,182.3,0,0,29,241,749,417,874,475,0.601670627,0.576371249
-0.058708897,-0.274381496,0.325734608,-0.265267859,-0.511746643,-0.251552895,-0.3651372,-0.168999379,-0.044330589,0,6948500040,3,2,3.6,44597,14.29,425,183,183,5444,303.4,977,7.81,22,190,775,417,698,430,0.548234289,0.523649458
0.181795683,-0.998485378,-0.629435385,0.130871573,-0.174749194,-0.220248784,-0.676389465,0.273647313,-0.141068262,0,6948499253,2,3,6.1,44199,14.17,415,184,202,7059,165.2,1242,0,19,208,760,417,698,426,0.487624918,0.461972609
-1.463013528,1.188697105,-0.571294616,-0.440878401,0.305035416,-0.306481895,-0.151028198,-0.047641671,-0.147460227,1,6948498376,6,2,3.7,49421,15.84,546,237,226,6446,188.5,3302,0,32,219,762,417,711,431,0.45252079,0.418157076
-0.574664039,-0.084666412,0.325106673,-0.46981142,-0.349963223,-0.224129079,0.226551161,-0.101348073,-0.001268414,1,6948497545,6,2,3.9,44509,14.27,423,197,187,6552,254.2,54,0,19,199,764,417,698,427,0.476013148,0.455675529
0.1243335,-0.155734234,0.290410168,0.044731529,-0.199716918,-0.164688852,-0.725509209,-0.233420425,-0.182036384,0,6948497011,1,4,4.2,43738,14.02,404,150,174,5396,150.7,1837,0,19,196,765,417,698,428,0.599411423,0.577035997
-0.662774964,0.295506231,-0.07550397,-0.189221392,-0.017540081,-0.241474106,0.233583274,0.224360406,0.217126686,1,6948495759,6,1,3.1,64137,20.56,860,131,131,18090,31.3,1071,0,22,707,784,486,1113,555,0.666003954,0.627656542
1.066319007,0.085192727,1.112143656,0.418660999,-0.127227462,-0.19029354,0.22995111,0.445774038,-0.035597334,2,6948494256,5,4,2.7,47338,15.17,482,223,215,7567,182.3,0,0,29,241,749,417,874,475,0.601670627,0.576371249
0.749795507,-0.07305154,0.297644218,0.120369125,-0.253184847,-0.272156877,0.225794161,-0.102015837,0.212089567,2,6948493327,4,2,3.8,45515,14.59,448,216,217,6071,0,2003,0,1,228,753,417,698,424,0.585108401,0.557988585
-0.685100971,0.386548535,0.324796362,-0.543062747,-0.114188047,-0.308297871,-0.724822193,-0.182481924,-0.083956414,0,6948492232,3,2,3.9,44509,14.27,423,197,187,6552,254.2,54,0,19,199,764,417,698,427,0.476013148,0.455675529
0.361997978,0.119870552,0.30964382,-0.105125171,-0.216912525,-0.281696017,0.225881047,-0.136831362,-0.084278805,1,6948461651,4,2,4,46304,14.84,468,224,216,6922,95,284,0,10,225,762,417,698,427,0.510246648,0.48386545
-0.957646236,1.162608512,-1.404448489,-0.565736211,0.401950322,-0.282310004,0.23781566,-0.207579145,-0.039894512,1,6948085949,6,4,3.1,64437,20.65,866,203,202,7757,23.8,833,0,13,741,756,486,1113,546,0.54005066,0.501171081
0.335555592,0.928175379,0.392645953,-0.384374959,0.483397811,-0.278078614,0.246108922,0.127139829,-0.145153458,1,6948084829,4,4,4.3,47714,15.29,504,193,168,4911,114.6,6178,0,10,210,762,417,698,427,0.563708026,0.546157232
0.860576377,-0.642735446,-0.612216315,0.646147876,0.15137801,-0.109453644,0.216355206,-0.126609937,-0.000181915,2,6948083536,3,2,6.1,44199,14.17,415,184,202,7059,165.2,1242,0,19,208,760,417,698,426,0.487624918,0.461972609
0.326682813,-0.441776176,-0.107023334,0.080076313,-0.061118705,-0.154756627,0.217344418,-0.078377578,0.028239051,2,6948082295,3,1,4.6,46138,14.79,464,225,177,6435,0,0,83.99,2,198,775,417,698,431,0.503379298,0.485067304
0.312614483,0.420866574,-1.38621466,0.312121144,0.100289278,-0.129129954,0.223865772,-0.192139317,0.21259216,2,6948080508,5,2,3.1,64020,20.52,858,197,189,7866,89.4,5422,0,46,651,764,486,1113,549,0.428145138,0.387660352
0.321180859,0.251579455,0.281711799,0.114290485,0.049850619,-0.278472546,0.244216638,0.055955152,-0.081508589,1,6948077266,7,3,3.8,45515,14.59,448,216,217,6071,0,2003,0,1,228,753,417,698,424,0.585108401,0.557988585
-0.710309221,-0.242633939,0.315293763,-0.256155343,-0.413958261,-0.147558563,0.203099197,-0.074892882,0.214065932,1,6948076027,6,2,4.7,45944,14.73,459,217,219,6966,243.6,0,0,31,224,770,417,698,429,0.537740966,0.507963557
0.02008052,1.279118598,1.218226871,-0.809290291,0.299807989,-0.310024849,-0.725950878,-0.238485862,-0.149441308,0,6948074916,1,1,4.5,44271,14.19,417,215,213,6510,207.9,700,0,24,189,749,417,698,423,0.547407449,0.516861187
1.839718771,-1.775595294,-1.614508645,0.831405399,0.39764477,0.255867878,-0.682381445,0.039259647,0.221957962,2,6948071691,3,2,3,47201,15.13,478,215,232,7565,344.4,5253,0,42,237,746,417,874,474,0.597152583,0.573103888
-0.697937884,0.173373843,0.314077682,-0.233820454,-0.231202953,-0.307115009,0.223905918,-0.207697471,-0.003821992,1,6948070295,4,,2.7,47338,15.17,482,223,215,7567,182.3,0,0,29,241,749,417,874,475,0.601670627,0.576371249
0.904594234,0.11906016,-0.162002291,0.575877954,0.01376157,-0.227464863,-0.723745943,-0.103057429,0.213939078,0,6948068890,2,1,3.7,44252,14.18,417,234,222,7050,159,2503,0,18,199,758,417,698,426,0.431475543,0.401784945
-0.210859615,0.536941413,0.319341303,-0.072411871,-0.188242451,-0.279273054,0.18006007,-0.130929338,0.107767384,1,6948067454,4,4,4.7,45944,14.73,459,217,219,6966,243.6,0,0,31,224,770,417,698,429,0.537740966,0.507963557
-1.474282957,0.960998138,-0.571010694,-0.883057331,0.41171154,-0.297274961,0.239605442,0.442552245,-0.076212384,1,6948065388,6,3,3.7,44252,14.18,417,234,222,7050,159,2503,0,18,199,758,417,698,426,0.431475543,0.401784945
-0.16772847,-0.132742542,0.282834537,0.029365782,-0.11025958,-0.127441961,0.204908318,-0.013614236,0.111307741,1,6948063980,5,2,4.5,44271,14.19,417,215,213,6510,207.9,700,0,24,189,749,417,698,423,0.547407449,0.516861187
0.379718409,0.245418409,-0.090025741,0.191184659,-0.007293508,-0.249710951,-0.683543175,-0.017483248,-0.080922797,0,6948061858,2,1,3.8,45515,14.59,448,216,217,6071,0,2003,0,1,228,753,417,698,424,0.585108401,0.557988585
-0.985908044,0.914920887,1.97601577,-0.12457974,0.019762343,-0.306333747,0.238762888,-0.161367548,-0.00317055,1,6948059293,6,2,4.7,45944,14.73,459,217,219,6966,243.6,0,0,31,224,770,417,698,429,0.537740966,0.507963557
-0.608239413,0.051000795,0.202089468,0.426651551,0.673231645,-0.308156683,0.180114574,-0.160731936,-0.149552707,1,6948057874,4,2,4.4,45400,14.55,445,209,219,6585,136.2,199,0,12,203,784,417,698,433,0.490212387,0.463059358
0.852506005,0.33820897,-0.58976594,0.100684537,-0.002922819,-0.183726767,-0.724055601,-0.157882359,-0.082048713,0,6948056254,3,2,3.2,53785,17.24,638,226,214,6024,0,600,0,3,368,746,417,903,482,0.577500197,0.534763194
0.546022804,0.264155998,-0.086844052,0.057867598,0.035186049,-0.186218038,-0.725563051,-0.234357309,-0.182318825,0,6948054705,,2,4.5,44271,14.19,417,215,213,6510,207.9,700,0,24,189,749,417,698,423,0.547407449,0.516861187
-0.162063156,-0.708240702,-0.125725155,0.158649403,-0.023751037,-0.265600345,0.24887728,0.290650683,0.217751427,2,6948052325,2,2,3.2,53785,17.24,638,226,214,6024,0,600,0,3,368,746,417,903,482,0.577500197,0.534763194
-0.870696179,0.117302088,0.210593081,-0.188590142,0.304227407,-0.299430437,0.251610575,0.360330263,-0.14209538,1,6948020508,4,4,3.7,44212,14.17,415,150,170,5078,0,0,0,0,224,777,417,698,431,0.592261355,0.572932135
-1.233522442,-0.200766258,-0.583177349,-0.079619127,0.261071655,-0.309050588,0.178841317,-0.21433846,-0.150328227,1,6948018409,,2,3.8,43375,13.9,394,207,197,6875,229.6,2004,0,20,233,756,417,698,425,0.473061071,0.446461497
0.185584904,0.087270208,0.317446717,0.038091168,-0.394485342,-0.303794645,-0.724496223,-0.129954821,0.212601557,0,6948016142,4,1,4.5,44271,14.19,417,215,213,6510,207.9,700,0,24,189,749,417,698,423,0.547407449,0.516861187
-0.290499464,-0.317724678,-0.56370413,-0.192957174,-0.492647802,-0.307424259,-0.725261452,-0.190245298,-0.002271235,0,6948013471,,2,3.8,43375,13.9,394,207,197,6875,229.6,2004,0,20,233,756,417,698,425,0.473061071,0.446461497
-0.212529995,-0.175434405,-0.084875153,0.073849905,-0.217990587,-0.214157313,0.252232675,0.415159085,0.116286329,2,6948011547,5,2,4.6,46138,14.79,464,225,177,6435,0,0,83.99,2,198,775,417,698,431,0.503379298,0.485067304
1.68916544,1.070373247,0.28717612,0.12920368,0.395250999,0.322190598,0.093067441,0.088012503,0.222417431,2,6948008993,4,2,3.4,53133,17.03,629,220,250,6085,0,0,0,0,377,749,417,812,456,0.492542992,0.448463774
-0.031480227,0.228497843,-0.538501191,-0.017913134,-0.033346179,-0.277370545,0.239697989,-0.095485456,0.212098601,2,6947769197,5,3,3.8,43375,13.9,394,207,197,6875,229.6,2004,0,20,233,756,417,698,425,0.473061071,0.446461497
0.62336361,0.069950693,-1.462279999,0.154897397,0.316567202,-0.146483952,0.220057617,0.049181792,0.134044609,2,6947767101,6,2,3,47201,15.13,478,215,232,7565,344.4,5253,0,42,237,746,417,874,474,0.597152583,0.573103888
-0.503490099,0.591587791,1.157109636,-0.304759542,-0.147029781,-0.251609117,0.170156985,-0.163808742,-0.084211614,1,6947766117,5,2,4.4,45400,14.55,445,209,219,6585,136.2,199,0,12,203,784,417,698,433,0.490212387,0.463059358
-0.194349224,-0.243713454,0.245843541,0.213891235,0.171438593,-0.267319387,0.253848209,0.452649061,-0.140377715,1,6947764954,5,2,3.6,44917,14.4,433,167,170,4453,341.6,4,0,36,215,787,417,698,434,0.588319113,0.563202053
1.167692582,-0.903395803,-0.237375492,0.512993922,0.101720045,-0.244218466,0.250837927,0.324350112,-0.141918338,2,6947763940,6,2,3.6,44597,14.29,425,183,183,5444,303.4,977,7.81,22,190,775,417,698,430,0.548234289,0.523649458
1.74454038,-0.305856818,0.264776433,0.126059594,0.059970511,-0.309648573,-0.724705043,-0.190558142,-0.183237007,0,6947763117,,,3.7,49421,15.84,546,237,226,6446,188.5,3302,0,32,219,762,417,711,431,0.45252079,0.418157076
0.113777698,0.977935308,0.859220945,-0.357406151,-0.203114093,-0.281413248,0.0745556,-0.114116948,-0.083742566,1,6947762340,4,2,3.7,49421,15.84,546,237,226,6446,188.5,3302,0,32,219,762,417,711,431,0.45252079,0.418157076
0.374451672,-0.299617562,-0.520869329,0.120137337,0.073251417,-0.307006502,0.24081942,-0.093998034,-0.148668103,1,6947730214,4,1,3.7,44252,14.18,417,234,222,7050,159,2503,0,18,199,758,417,698,426,0.431475543,0.401784945
0.178482154,0.144574182,0.302639261,-0.119675478,-0.128644535,-0.304186628,0.228077029,-0.032085692,-0.001281434,1,6947728905,4,3,3.2,45433,14.56,444,141,143,3631,121.5,21030,20.19,37,214,758,417,724,433,0.552550845,0.536178939
-0.400875135,0.160636289,0.32729992,-0.312175862,-0.335605313,-0.277715686,0.156473114,-0.167672709,-0.149238861,1,6947727383,4,2,3.8,43375,13.9,394,207,197,6875,229.6,2004,0,20,233,756,417,698,425,0.473061071,0.446461497
-0.704714997,-0.234237277,0.771324602,-0.175190769,-0.434818722,-0.281036649,0.156313914,-0.154831353,-0.002647538,1,6947725489,5,2,4.7,45944,14.73,459,217,219,6966,243.6,0,0,31,224,770,417,698,429,0.537740966,0.507963557
-0.837559113,0.250026883,-0.153392692,-0.016699748,-0.191124329,-0.308986889,0.237998607,-0.21275965,-0.150386216,1,6947722323,3,3,3.6,44917,14.4,433,167,170,4453,341.6,4,0,36,215,787,417,698,434,0.588319113,0.563202053
-0.852422993,0.257996742,0.325776269,-0.107202764,-0.393505876,-0.274634316,-0.719042033,0.050499874,-0.144878481,0,6947720880,3,2,3.9,44509,14.27,423,197,187,6552,254.2,54,0,19,199,764,417,698,427,0.476013148,0.455675529
0.574675932,-0.178429018,-0.626287943,0.142910279,0.154639136,-0.24504299,0.248332318,0.227343284,-0.078647035,2,6947718708,4,,3.7,44252,14.18,417,234,222,7050,159,2503,0,18,199,758,417,698,426,0.431475543,0.401784945
-1.660439452,-1.53909516,-1.386646321,-1.591741629,-1.089334858,-0.308451732,0.168964428,-0.212845568,-0.102984853,1,6947716268,1,2,3.3,46153,14.79,459,119,129,3410,4.4,10017,11.03,16,220,748,417,764,442,0.477512787,0.458586311
1.843968346,-1.742542759,-1.170957216,0.890740933,0.538406419,0.020769233,-0.652205167,0.405070542,0.224205464,2,6947714118,3,2,4.1,44660,14.31,427,199,190,6478,130.4,5668,61.8,14,214,759,417,698,426,0.575888908,0.545665705
-0.981451129,0.223925236,1.051219466,-0.204959879,-0.12255638,-0.308133149,0.201970179,-0.160148646,-0.149574131,1,6947711441,6,3,3.9,44509,14.27,423,197,187,6552,254.2,54,0,19,199,764,417,698,427,0.476013148,0.455675529
0.431156705,0.16780146,-0.551993602,-0.174349687,0.187478838,-0.212519689,0.199200918,0.07732198,0.001467713,2,6947708338,5,2,3.6,44917,14.4,433,167,170,4453,341.6,4,0,36,215,787,417,698,434,0.588319113,0.563202053
-0.721987442,0.329297276,-0.597266968,-0.205652389,0.151121331,-0.267471191,0.250617196,0.33583161,0.00440448,1,6947706873,5,4,3.3,43036,13.79,385,202,183,6275,263,1492,51.44,19,212,757,417,698,425,0.513802024,0.493156702
-0.857442665,0.529150113,0.312624494,-0.396291279,0.007629597,-0.3051007,0.195196811,-0.085703415,-0.002013903,1,6947704679,2,5,3.3,46153,14.79,459,193,129,3410,4.4,10017,11.03,16,220,748,417,764,442,0.477512787,0.458586311
0.161266806,-0.025531286,0.297875966,0.100107912,-0.252403522,-0.221769276,-0.715799689,0.18387823,-0.142315976,0,6947701473,2,2,4.2,43738,14.02,404,150,174,5396,150.7,1837,0,19,196,765,417,698,428,0.599411423,0.577035997
0.685725181,-0.254789125,0.319360776,-0.400913261,-0.333802014,0.161912225,-0.72558803,-0.204788376,0.217355166,0,6947697525,3,2,3.9,44509,14.27,423,197,187,6552,254.2,54,0,19,199,764,417,698,427,0.476013148,0.455675529
-0.031729032,-0.068553391,-0.599554062,0.092706775,-0.103636831,-0.279311908,0.162495256,0.081676256,-0.180187252,1,6947696123,4,2,4.1,44660,14.31,427,199,190,6478,130.4,5668,61.8,14,214,759,417,698,426,0.575888908,0.545665705
0.116525296,-0.188499614,0.312780035,0.030642229,-0.460066209,-0.277694018,0.225326687,-0.168984661,-0.149352021,1,6947392965,2,3,4,46304,14.84,468,224,216,6922,95,284,0,10,225,762,417,698,427,0.510246648,0.48386545
-0.859867118,0.013402806,0.292385284,-0.051307984,-0.148462651,-0.305926405,0.202098622,-0.135526553,-0.002745744,1,6947391733,3,2,4,47920,15.36,508,209,223,5987,18.6,0,0,4,256,742,417,704,423,0.455309006,0.431893644
0.728911031,-0.052313224,-0.102455518,0.134606921,0.047366616,-0.227418549,0.215834236,-0.165167032,-0.183139572,1,6947391108,,2,3.2,45433,14.56,444,141,143,3631,121.5,21030,20.19,37,214,758,417,724,433,0.552550845,0.536178939
0.074159627,-1.204075804,0.226385331,0.069849336,0.05790771,-0.272993018,0.179280786,-0.150438621,0.211451061,2,6947389851,6,5,3.9,44714,14.33,428,195,202,7136,28.1,81,0,3,204,769,417,698,429,0.479507276,0.454818836
-1.06136509,-0.110222724,0.281322909,0.017364221,-0.118233726,-0.275022563,0.225662138,-0.13274777,0.019746188,1,6947387994,6,2,3,47201,15.13,478,215,232,7565,344.4,5253,0,42,237,746,417,874,474,0.597152583,0.573103888
-0.734250915,0.16592325,0.322301135,-0.256644097,-0.318131023,-0.299366909,0.244281574,0.099052551,0.214597498,1,6947387071,4,3,3.6,44597,14.29,425,183,183,5444,303.4,977,7.81,22,190,775,417,698,430,0.548234289,0.523649458
0.200033651,-0.517329922,-0.235021939,0.197954985,0.345981254,-0.298806726,0.249484185,0.290019594,0.003359624,2,6947385647,7,4,3.7,44212,14.17,415,150,170,5078,0,0,0,0,224,777,417,698,431,0.592261355,0.572932135
-0.132770642,-0.981023344,-0.661090569,0.327605273,0.083206602,-0.27082211,-0.691442888,0.230661006,-0.077629576,0,6947384017,3,2,3.1,64437,20.65,866,203,202,7757,23.8,833,0,13,741,756,486,1113,546,0.54005066,0.501171081
-0.783566917,0.010855663,0.353090318,-0.510366543,-0.615106915,-0.307477343,-0.723653453,-0.133275735,-0.083244553,0,6947382976,,2,4.7,45944,14.73,459,217,219,6966,243.6,0,0,31,224,770,417,698,429,0.537740966,0.507963557
-0.510626239,1.144193111,0.821975243,-0.024846376,0.103970428,-0.281971948,-0.72550504,-0.198348208,0.026230808,0,6947381248,2,1,3.5,45104,14.46,437,229,214,5854,38.3,9834,0,22,237,757,417,709,429,0.515466703,0.486323499
0.124257103,-0.160879974,0.29376966,0.04354644,-0.239301916,-0.309575196,-0.724600527,-0.186157808,-0.183173348,0,6947380629,,2,3.9,44509,14.27,423,197,187,6552,254.2,54,0,19,199,764,417,698,427,0.476013148,0.455675529
1.661883116,-0.782093546,-0.625577157,0.68368498,0.260774232,-0.310380058,-0.643180083,-0.237557374,-0.184029929,0,6947379840,,2,4.2,49945,16.01,556,179,175,5122,0,0,0,0,218,746,417,761,440,0.477630757,0.457249693
0.124068842,-0.173560451,0.302048344,0.040626063,-0.336849918,-0.185614639,-0.710018599,-0.120600023,0.110309736,0,6947378928,,2,3.1,64137,20.56,860,119,131,18090,31.3,1071,0,22,707,784,486,1113,555,0.666003954,0.627656542
-0.344418706,-0.146688792,-0.477328904,-0.247908313,-0.211543614,-0.188883987,-0.212328942,-0.146838317,-0.147323531,1,6947364981,3,2,3.6,45742,14.66,454,202,180,6224,0,0,10.02,1,207,762,417,698,427,0.400032592,0.383953724
-0.243687181,-0.123444342,0.292277952,-0.077157923,-0.16610467,-0.304725954,0.241052987,-0.064950011,-0.001775687,1,6947364123,5,2,4.7,45944,14.73,459,217,219,6966,243.6,0,0,31,224,770,417,698,429,0.537740966,0.507963557
-0.75477752,0.112020352,0.224413017,-0.670709346,0.01381625,-0.22308698,0.2236308,-0.196228036,0.211359542,1,6947363268,5,1,3.8,43375,13.9,394,207,197,6875,229.6,2004,0,20,233,756,417,698,425,0.473061071,0.446461497
0.122798585,-0.039912529,0.297884294,0.038630549,-0.231454657,-0.309471307,0.200774018,-0.215033639,-0.184857212,1,6947362650,,1,3.3,43036,13.79,385,202,183,6275,263,1492,51.44,19,212,757,417,698,425,0.513802024,0.493156702
0.90730858,-0.327308989,0.246654242,0.335627462,0.118739232,-0.119280491,-0.344937877,0.12823603,0.218075973,2,6947361706,4,2,4.6,46138,14.79,464,225,177,6435,0,0,83.99,2,198,775,417,698,431,0.503379298,0.485067304
-0.161290175,0.3214894,0.339989288,-0.197589809,0.126765207,-0.279479824,0.242429465,-0.017042057,-0.065441832,1,6947359283,6,4,4,46304,14.84,468,224,216,6922,95,284,0,10,225,762,417,698,427,0.510246648,0.48386545
0.451476005,-0.327192066,-0.567565074,0.166691312,-0.009493398,-0.12999993,0.188896485,0.208346691,-0.06646288,2,6947000153,2,1,3.7,49421,15.84,546,237,226,6446,188.5,3302,0,32,219,762,417,711,431,0.45252079,0.418157076
-0.074624535,-0.34918496,0.654803618,-0.238409797,-0.054708387,-0.293416765,0.215512335,0.457289318,0.219831041,2,6946999089,4,1,4.7,45944,14.73,459,217,219,6966,243.6,0,0,31,224,770,417,698,429,0.537740966,0.507963557
0.138073683,-0.25262055,-0.630830691,-0.04316494,0.241952239,-0.267681054,0.24591357,0.16587284,0.215946278,2,6946997925,6,3,4.6,46138,14.79,464,225,177,6435,0,0,83.99,2,198,775,417,698,431,0.503379298,0.485067304
0.187425245,-0.1581622,0.290390165,0.048632886,-0.199522975,-0.042799662,0.224977271,-0.202801867,-0.181382163,1,6946997286,,2,3.3,46153,14.79,459,119,129,3410,4.4,10017,11.03,16,220,748,417,764,442,0.477512787,0.458586311
-1.03001044,0.987519436,1.239637105,-0.444810127,0.293019422,-0.009825613,-0.719341918,0.055361225,0.115034687,1,6946996370,4,1,3.7,49421,15.84,546,237,226,6446,188.5,3302,0,32,219,762,417,711,431,0.45252079,0.418157076
0.972844691,0.384497278,-0.193155633,0.320827314,0.238390528,-0.281841512,0.237734359,-0.206230919,-0.003504118,2,6946995349,6,2,4.2,43738,14.02,404,150,174,5396,150.7,1837,0,19,196,765,417,698,428,0.599411423,0.577035997
0.477924257,-0.31206653,-0.570954201,0.011608209,0.109547545,-0.06014232,0.243942794,0.056248282,0.113093755,2,6946993526,5,2,4.5,44271,14.19,417,215,213,6510,207.9,700,0,24,189,749,417,698,423,0.547407449,0.516861187
-1.633297752,1.311193538,1.223406461,-0.797575256,0.174897843,-0.306108319,0.183032211,-0.037893815,-0.14777562,1,6946896808,5,3,4.3,47714,15.29,504,193,168,4911,114.6,6178,0,10,210,762,417,698,427,0.563708026,0.546157232
0.335946094,-0.177975337,0.293684079,0.099140135,-0.26232142,-0.192225831,-0.63448602,0.173710153,0.218212158,0,6946894306,2,2,4.2,46600,14.94,476,75,106,2686,14.5,7871,0,10,210,752,417,698,424,0.462804608,0.452347745
-1.214959162,1.261636177,0.321447383,-0.680415376,0.340913677,-0.282064614,0.241141242,-0.08653335,-0.182733712,1,6946892816,6,4,4.3,47714,15.29,504,193,168,4911,114.6,6178,0,10,210,762,417,698,427,0.563708026,0.546157232
0.176248912,0.250454701,0.313354414,0.059134387,-0.288412258,-0.308263139,-0.332985214,-0.224140638,-0.045871737,0,6946891262,2,1,4.2,46600,14.94,476,110,106,2686,14.5,7871,0,10,210,752,417,698,424,0.462804608,0.452347745
0.99941861,-0.197871119,-0.600806459,0.123201103,-0.112909953,0.167846897,0.243624694,0.00338824,-0.076679804,2,6946889776,4,2,4,46304,14.84,468,224,216,6922,95,284,0,10,225,762,417,698,427,0.510246648,0.48386545
0.899926965,-0.072322104,-0.606734267,0.453930318,0.427270854,-0.131867946,-0.721341547,-0.055248679,-0.144601935,0,6946884857,3,2,4.4,45400,14.55,445,209,219,6585,136.2,199,0,12,203,784,417,698,433,0.490212387,0.463059358
0.881438382,-0.270593113,0.259410635,0.105885792,0.1062208,-0.200450388,-0.2118698,-0.118229907,-0.082395402,0,6946883630,3,1,3.8,43375,13.9,394,207,197,6875,229.6,2004,0,20,233,756,417,698,425,0.473061071,0.446461497
0.463291614,0.146232962,-0.236353338,0.078244252,0.135241491,-0.068474354,-0.55043137,-0.213931754,0.110220781,0,6946882172,3,2,3.1,64137,20.56,860,167,131,18090,31.3,1071,0,22,707,784,486,1113,555,0.666003954,0.627656542
0.951669041,-0.711826246,-0.542185713,0.402762009,-0.550135043,-0.183391836,0.169134797,-0.205110887,-0.038528269,0,6946879942,5,2,4.2,46600,14.94,476,110,106,2686,14.5,7871,0,10,210,752,417,698,424,0.462804608,0.452347745
0.052495677,0.465633026,0.328519354,-0.462422355,-0.12685708,-0.258324022,0.224360071,-0.210921686,-0.149707884,1,6946742831,6,4,4.2,46600,14.94,476,110,106,2686,14.5,7871,0,10,210,752,417,698,424,0.462804608,0.452347745
1.734596007,-0.347490965,-0.578958107,0.218528889,0.143949262,-0.162848429,0.243216519,0.017453157,0.001172509,2,6946742021,4,2,3.7,44252,14.18,417,234,222,7050,159,2503,0,18,199,758,417,698,426,0.431475543,0.401784945
0.749766465,-0.202075377,-0.648670908,0.37702489,0.29474513,-0.30712553,0.21413478,-0.207958246,-0.003812414,2,6946740972,3,2,3.7,44252,14.18,417,234,222,7050,159,2503,0,18,199,758,417,698,426,0.431475543,0.401784945
-0.300084685,0.381617349,0.365022989,0.104042648,-0.278379953,-0.279409052,-0.72567665,-0.181213369,0.21217547,0,6946739593,5,2,3.8,43375,13.9,394,207,197,6875,229.6,2004,0,20,233,756,417,698,425,0.473061071,0.446461497
-0.423401472,0.40577376,0.349872192,-0.283058041,-0.499693574,-0.306762533,0.157268876,-0.12379563,-0.084311504,1,6946738484,,3,4.7,45944,14.73,459,217,219,6966,243.6,0,0,31,224,770,417,698,429,0.537740966,0.507963557
0.102859855,-0.133863793,0.28004196,0.022700491,-0.06384725,-0.24952863,0.160707394,0.009038249,-0.146366936,1,6946737162,4,2,4.7,45944,14.73,459,217,219,6966,243.6,0,0,31,224,770,417,698,429,0.537740966,0.507963557
1.793310573,-0.231615446,0.279468097,0.282308034,-0.145365815,0.173779127,0.200663702,0.143330776,0.221204818,2,6946736097,2,2,3.3,46153,14.79,459,119,129,3410,4.4,10017,11.03,16,220,748,417,764,442,0.477512787,0.458586311
-1.159003706,-0.50228839,0.273827404,-0.175794408,-0.115699642,-0.275058837,0.160423857,0.046277971,0.214262467,1,6946735108,4,2,3.9,44509,14.27,423,197,187,6552,254.2,54,0,19,199,764,417,698,427,0.476013148,0.455675529
-0.59585026,0.131428532,0.287366549,-0.005412651,-0.050718675,-0.305163119,0.206910491,0.043323622,-0.181119583,1,6946734321,3,5,3.5,46497,14.9,474,175,171,4481,149,6257,32.77,18,210,770,417,698,429,0.52325088,0.512927345
0.587124242,-0.741074021,0.20913393,0.633492107,0.209459001,-0.268100247,0.245316482,0.140734299,0.215582602,2,6946589637,2,1,4.3,47714,15.29,504,193,168,4911,114.6,6178,0,10,210,762,417,698,427,0.563708026,0.546157232
0.088038246,-0.259784561,0.310049894,-0.233076255,-0.336935867,-0.303270848,0.246140391,0.130025053,-0.145427183,1,6946589608,6,3,4.6,46138,14.79,464,225,177,6435,0,0,83.99,2,198,775,417,698,431,0.503379298,0.485067304
-1.459119566,0.629082385,0.36432154,-0.563298276,-0.48148562,-0.15663557,0.240303357,-0.077443364,0.213864856,1,6946588901,4,2,3.5,45104,14.46,437,229,214,5854,38.3,9834,0,22,237,757,417,709,429,0.515466703,0.486323499
-1.007897134,0.982932715,-0.491158004,-0.354542984,-0.128708599,-0.309012232,0.214462196,-0.213387798,-0.150363145,1,6946588875,,5,2.7,47338,15.17,482,,215,7567,182.3,0,0,29,241,749,417,874,475,0.601670627,0.576371249
-1.185512268,1.212066205,0.302365212,-0.304223233,0.35907183,-0.309575196,-0.724600527,-0.186157808,-0.183173348,1,6946588448,,2,3,47201,15.13,478,215,232,7565,344.4,5253,0,42,237,746,417,874,474,0.597152583,0.573103888
-0.316840727,0.507939311,-0.070542346,0.083441595,-0.095000607,-0.274565956,0.003852858,-0.165193424,0.112313639,1,6946588193,4,1,3.1,64137,20.56,860,131,131,18090,31.3,1071,0,22,707,784,486,1113,555,0.666003954,0.627656542
0.002776905,-0.141847314,0.298018899,-0.063962073,-0.233913657,-0.280757897,0.181542452,-0.091445527,-0.066437391,1,6946587636,,2,3.8,43375,13.9,394,207,197,6875,229.6,2004,0,20,233,756,417,698,425,0.473061071,0.446461497
-0.796056741,-0.230116188,-0.044569667,-0.09796831,-0.062359497,-0.299689413,0.249910518,0.297238736,-0.078333429,1,6946587356,5,2,3.3,44214,14.17,416,191,189,7650,0,0,0,0,215,755,417,698,425,0.489543568,0.465783772
1.040944169,-0.355504366,-1.450290786,0.445690719,0.459588471,-0.069304888,0.158342245,-0.101794406,-0.145694721,2,6946586671,5,2,3.1,64020,20.52,858,197,189,7866,89.4,5422,0,46,651,764,486,1113,549,0.428145138,0.387660352
0.166884391,-0.14183623,0.274402357,0.095479554,-0.035012081,-0.279316333,-0.688300111,-0.177066311,0.212184498,0,6946586125,2,2,3.5,49026,15.71,531,186,186,5522,0,0,0,0,268,747,417,790,449,0.491844746,0.468476323
-1.290035677,0.422723507,0.366794485,-0.471632756,0.525419298,-0.307595605,0.157413446,-0.126193044,-0.149020877,1,6946585546,5,3,3.9,44509,14.27,423,197,187,6552,254.2,54,0,19,199,764,417,698,427,0.476013148,0.455675529
-1.274128128,1.255065796,0.334542678,-0.741657756,0.216435712,-0.283728214,0.238061775,-0.21166047,-0.150054849,1,6946584969,5,2,4.8,50857,16.3,579,226,222,6745,95.5,5867,0,23,256,743,417,764,440,0.504071303,0.456636592
0.782567583,-0.705606598,0.25328073,0.402434031,-0.155952707,-1.23E-05,0.168014685,0.349175653,0.222018989,2,6946584818,4,1,3,47201,15.13,478,215,232,7565,344.4,5253,0,42,237,746,417,874,474,0.597152583,0.573103888
-0.807239294,0.038865506,0.354019899,-0.512911899,-0.613419938,-0.308193982,0.200552352,-0.211357755,-0.085640277,1,6946583955,,2,6.1,44199,14.17,415,184,202,7059,165.2,1242,0,19,208,760,417,698,426,0.487624918,0.461972609
-1.15910629,-0.368920907,0.291416451,-0.179652452,-0.25506962,-0.308583574,-0.513103189,-0.160052392,-0.148595079,0,6946583813,3,3,3.1,64437,20.65,866,167,202,7757,23.8,833,0,13,741,756,486,1113,546,0.54005066,0.501171081
0.013426964,-0.587258025,0.299162074,-0.136768223,-0.40367377,-0.279656352,0.227978949,-0.043360151,-0.043701973,1,6946513673,5,2,3.7,49421,15.84,546,237,226,6446,188.5,3302,0,32,219,762,417,711,431,0.45252079,0.418157076
0.48965564,0.825300501,-0.152664819,-0.193045871,0.191250971,-0.282218668,-0.723590285,-0.132176555,-0.082913185,0,6946511637,4,2,3.8,43375,13.9,394,207,197,6875,229.6,2004,0,20,233,756,417,698,425,0.473061071,0.446461497
0.085257075,-0.347398096,-0.536288853,0.095984058,-0.354502091,-0.224999026,0.200421805,-0.202285736,0.064831884,1,6946260193,6,2,3.9,44509,14.27,423,197,187,6552,254.2,54,0,19,199,764,417,698,427,0.476013148,0.455675529
1.787925771,-1.007713619,-0.71914952,0.417486096,0.192024032,-0.227282385,0.156418145,-0.125500725,0.212410295,2,6946258184,6,2,4.5,44271,14.19,417,215,213,6510,207.9,700,0,24,189,749,417,698,423,0.547407449,0.516861187
1.751567812,-0.511302203,-0.749337471,0.58938557,0.663764089,0.261179322,-0.319465577,0.344298037,0.225884645,2,6946255870,3,1,3.1,64437,20.65,866,203,202,7757,23.8,833,0,13,741,756,486,1113,546,0.54005066,0.501171081
0.087383699,-0.176021647,0.259377727,-0.244084613,0.276309853,-0.308971218,-0.726133724,-0.235453726,-0.067599951,0,6946253329,2,3,3.8,45515,14.59,448,216,217,6071,0,2003,0,1,228,753,417,698,424,0.585108401,0.557988585
1.028479303,0.163176898,0.276138498,0.620951372,-0.132049851,-0.155328932,-0.725609404,-0.186057625,0.21365721,0,6946252003,2,1,3.2,53785,17.24,638,226,214,6024,0,600,0,3,368,746,417,903,482,0.577500197,0.534763194
0.505095635,-0.694188532,0.169715353,0.454148108,0.175856606,-0.271708627,0.241507975,-0.028095276,0.14846547,2,6946250964,6,3,4.6,46138,14.79,464,225,177,6435,0,0,83.99,2,198,775,417,698,431,0.503379298,0.485067304
-0.166095267,-0.135397361,0.298487703,-0.103919776,-0.225233723,-0.306292615,0.241836262,-0.051187021,-0.148048761,1,6946249196,5,3,3.9,44714,14.33,428,195,202,7136,28.1,81,0,3,204,769,417,698,429,0.479507276,0.454818836
0.060480752,0.852921177,0.381508921,-0.314393277,-0.048242071,-0.037938725,0.205424698,-0.016735223,-0.034067839,1,6946247015,3,2,4.6,46138,14.79,464,225,177,6435,0,0,83.99,2,198,775,417,698,431,0.503379298,0.485067304
0.195584015,-0.305025708,-0.512949235,0.080863601,-0.008063796,-0.201443254,0.200780493,-0.206087169,-0.06711073,1,6946167103,4,1,6.1,44199,14.17,415,184,202,7059,165.2,1242,0,19,208,760,417,698,426,0.487624918,0.461972609
0.285938136,-0.307858505,-0.567982997,0.125254537,0.015587933,-0.294563403,0.251123566,0.387113519,0.218764847,2,6946164683,6,2,3.8,45515,14.59,448,216,217,6071,0,2003,0,1,228,753,417,698,424,0.585108401,0.557988585
1.664593052,-0.684209108,0.250154055,0.681289168,-0.202989684,-0.107709727,-0.724536234,-0.143775253,0.21485526,0,6946161348,3,2,2.7,47338,15.17,482,223,215,7567,182.3,0,0,29,241,749,417,874,475,0.601670627,0.576371249
-0.923700098,0.040701515,0.282083209,-0.094339279,-0.003022627,-0.278540963,0.220266442,0.04015206,-0.064582252,1,6946157221,6,2,4.3,47714,15.29,504,193,168,4911,114.6,6178,0,10,210,762,417,698,427,0.563708026,0.546157232
-0.799361474,-0.396034778,-0.522485089,-0.26903551,-0.399236173,-0.304820316,0.24166719,-0.043862057,-0.037841499,1,6946154289,4,4,3.6,44917,14.4,433,167,170,4453,341.6,4,0,36,215,787,417,698,434,0.588319113,0.563202053
0.747034736,-0.309468913,0.283099419,0.126229897,-0.193593496,-0.194821165,0.249140912,0.249771979,-0.142364319,1,6946149478,3,2,3.7,49421,15.84,546,237,226,6446,188.5,3302,0,32,219,762,417,711,431,0.45252079,0.418157076
-1.268997583,1.106336515,0.460401142,-0.189300833,-0.369280173,-0.309520184,0.155382001,-0.216245077,-0.184812716,1,6946147157,3,2,3.6,44917,14.4,433,167,170,4453,341.6,4,0,36,215,787,417,698,434,0.588319113,0.563202053
0.12230971,0.197042805,-1.394922605,0.102773149,0.192339878,-0.222358271,0.238412915,-0.153049651,0.211965392,2,6946144634,6,3,4.8,50857,16.3,579,228,222,6745,95.5,5867,0,23,256,743,417,764,440,0.504071303,0.456636592
0.671922652,-0.837373661,-0.548061725,0.120750252,0.162009998,-0.228846221,0.228166677,-0.037773375,-0.036786207,2,6945891488,4,2,3.6,44917,14.4,433,167,170,4453,341.6,4,0,36,215,787,417,698,434,0.588319113,0.563202053
0.095723578,0.388714856,-0.596828157,0.008208865,0.10791107,-0.074303935,0.049779084,0.199993496,0.219120916,2,6945889965,5,3,3.5,45104,14.46,437,229,214,5854,38.3,9834,0,22,237,757,417,709,429,0.515466703,0.486323499
-0.029787924,-0.154951843,0.293818501,0.034020872,-0.239775449,-0.282458033,0.240580866,-0.110126226,-0.183075028,1,6945888906,,2,3.8,43375,13.9,394,207,197,6875,229.6,2004,0,20,233,756,417,698,425,0.473061071,0.446461497
-1.648977142,1.457379644,2.078460352,-1.064809253,0.668892876,-0.300572352,0.248652883,0.244289891,-0.079099434,1,6945887634,7,4,4.4,45400,14.55,445,209,219,6585,136.2,199,0,12,203,784,417,698,433,0.490212387,0.463059358
-1.319472508,0.254008599,0.325836443,-0.496085085,-0.233760682,-0.308182026,0.156578162,-0.161360084,-0.149529635,1,6945886504,5,2,3.6,45742,14.66,454,202,180,6224,0,0,10.02,1,207,762,417,698,427,0.400032592,0.383953724
-0.699384704,0.445045592,0.343083952,0.019672817,0.018296512,-0.269963666,0.234781303,0.238991687,-0.06783764,1,6945885329,2,1,2.7,47338,15.17,482,223,215,7567,182.3,0,0,29,241,749,417,874,475,0.601670627,0.576371249
0.20857122,-0.550107927,0.278039035,0.119102809,-0.260978634,-0.30458983,-0.702128552,-0.178532863,0.211866624,0,6945884181,2,2,3.1,64437,20.65,866,203,202,7757,23.8,833,0,13,741,756,486,1113,546,0.54005066,0.501171081
0.381111386,-0.295281307,0.300420555,-0.027768081,-0.327001146,-0.104519841,0.203528422,-0.082549992,0.039745476,1,6945882081,,2,3.8,43375,13.9,394,207,197,6875,229.6,2004,0,20,233,756,417,698,425,0.473061071,0.446461497
-0.888224991,0.642256827,0.35289493,-0.366500865,0.165827403,-0.306343969,0.227045221,-0.088535234,-0.10126184,1,6945880499,3,1,6.1,44199,14.17,415,184,202,7059,165.2,1242,0,19,208,760,417,698,426,0.487624918,0.461972609
-1.189642476,0.876165222,0.284088749,-0.093882871,0.321571229,-0.308986889,0.237998607,-0.21275965,-0.150386216,1,6945876874,6,2,4.6,46138,14.79,464,225,177,6435,0,0,83.99,2,198,775,417,698,431,0.503379298,0.485067304
-0.336041309,0.4069839,-0.6348867,0.264215346,0.405276456,-0.273749847,0.237269335,-0.198066001,0.210681211,2,6945874059,5,2,3.6,44597,14.29,425,183,183,5444,303.4,977,7.81,22,190,775,417,698,430,0.548234289,0.523649458
0.150345847,-0.822660773,-0.622073003,0.006048088,-0.124816697,-0.280947606,0.239007615,-0.152624395,-0.002728598,2,6945872667,4,2,3.3,43036,13.79,385,202,183,6275,263,1492,51.44,19,212,757,417,698,425,0.513802024,0.493156702
-0.76204332,1.169120038,0.333788709,-0.391923289,0.046309982,-0.192488327,0.180115328,-0.161609683,-0.10081837,1,6945870973,6,3,4.7,45944,14.73,459,217,219,6966,243.6,0,0,31,224,770,417,698,429,0.537740966,0.507963557
-0.646808144,0.330069647,0.328210267,-0.492141574,-0.199293268,-0.308193982,0.200552352,-0.211357755,-0.085640277,1,6945868936,4,3,3.6,44917,14.4,433,167,170,4453,341.6,4,0,36,215,787,417,698,434,0.588319113,0.563202053
0.097895509,1.113136636,-0.205760033,-0.121713957,0.283599751,0.435795969,0.240058858,-0.12440881,0.220599686,2,6945867319,5,2,4.6,46138,14.79,464,225,177,6435,0,0,83.99,2,198,775,417,698,431,0.503379298,0.485067304
0.498214535,-0.317854049,0.769520734,0.08670313,-0.51947854,-0.277370545,0.239697989,-0.095485456,0.212098601,1,6945865748,2,,3.7,49421,15.84,546,237,226,6446,188.5,3302,0,32,219,762,417,711,431,0.45252079,0.418157076
1.810503554,-1.009274136,-0.680147876,0.770890626,0.744710461,-0.123103727,0.054872018,0.417656856,0.221614543,2,6945864732,,2,3.7,49421,15.84,546,237,226,6446,188.5,3302,0,32,219,762,417,711,431,0.45252079,0.418157076
0.427034767,1.076348089,-0.068087422,0.024648714,0.183169886,-0.277513999,0.225583101,-0.15818915,-0.149195844,1,6945771977,2,2,3.8,45515,14.59,448,216,217,6071,0,2003,0,1,228,753,417,698,424,0.585108401,0.557988585
-0.912830623,0.134605965,0.307742288,-0.136532137,-0.231916481,-0.309471307,0.200774018,-0.215033639,-0.184857212,1,6945769093,,3,3.6,44917,14.4,433,167,170,4453,341.6,4,0,36,215,787,417,698,434,0.588319113,0.563202053
-1.31315609,0.039457774,-0.596778402,0.010979542,-0.107896151,-0.303537947,0.224596292,-0.150558532,0.211005207,1,6945765963,,,3.5,46497,14.9,474,175,171,4481,149,6257,32.77,18,210,770,417,698,429,0.52325088,0.512927345
-0.562991015,-0.522125939,-0.60055227,0.106427044,0.261586003,-0.131361542,0.241789215,-0.016385357,0.215051337,2,6945762450,6,1,4.6,46138,14.79,464,225,177,6435,0,0,83.99,2,198,775,417,698,431,0.503379298,0.485067304
-0.142873754,-0.107881672,0.28115962,-0.078633639,-0.028640428,-0.22346461,0.202607387,-0.110268534,0.066163087,1,6945759082,3,1,3.8,43375,13.9,394,207,197,6875,229.6,2004,0,20,233,756,417,698,425,0.473061071,0.446461497
-0.825481182,0.553700411,1.216473295,-0.598934264,-0.129849156,-0.297044779,0.25131382,0.371384878,0.037576056,1,6945753660,5,2,3.3,43036,13.79,385,202,183,6275,263,1492,51.44,19,212,757,417,698,425,0.513802024,0.493156702
-0.266095128,0.456923729,-0.185102273,-0.065424332,0.304655578,-0.164674066,0.242299738,-0.03187538,-0.081338613,1,6945749841,2,2,4.8,50857,16.3,579,228,222,6745,95.5,5867,0,23,256,743,417,764,440,0.504071303,0.456636592
0.305118528,-0.563213691,0.282010969,0.033067338,-0.266553363,-0.08075114,0.168823753,-0.191503648,0.213281692,2,6945491577,4,2,2.7,47338,15.17,482,223,215,7567,182.3,0,0,29,241,749,417,874,475,0.601670627,0.576371249
-0.286241543,1.191333962,0.773942769,-0.313320159,0.232992302,-0.107362959,0.155227563,-0.196821624,0.109008817,1,6945489960,4,2,3.8,43375,13.9,394,207,197,6875,229.6,2004,0,20,233,756,417,698,425,0.473061071,0.446461497
-0.638690006,-0.271979507,-0.072578459,-0.109188807,-0.331358097,-0.217476899,0.018242641,-0.165746764,-0.066483639,1,6945488925,2,2,3,47201,15.13,478,215,232,7565,344.4,5253,0,42,237,746,417,874,474,0.597152583,0.573103888
1.760975763,-0.164079057,-0.662555857,0.80408075,0.312305934,0.420076575,0.253583199,0.446552171,0.228544257,2,6945484811,3,2,3.7,44252,14.18,417,234,222,7050,159,2503,0,18,199,758,417,698,426,0.431475543,0.401784945
-1.327197445,0.970695639,0.283909897,-0.228116359,0.421299604,-0.303671981,-0.113512386,0.119594179,-0.145086703,1,6945483564,4,4,2.7,47338,15.17,482,223,215,7567,182.3,0,0,29,241,749,417,874,475,0.601670627,0.576371249
-0.271546781,-0.141277302,0.297547429,-0.055988403,-0.244500033,-0.306450539,0.227867159,-0.060136017,-0.148159417,1,6945482225,3,1,3.3,43036,13.79,385,202,183,6275,263,1492,51.44,19,212,757,417,698,425,0.513802024,0.493156702
0.775407314,-0.988399776,-0.690994075,0.478505279,0.38755427,-0.218157823,0.244395926,0.09884658,0.21560955,2,6945480813,,2,4.2,46600,14.94,476,110,106,2686,14.5,7871,0,10,210,752,417,698,424,0.462804608,0.452347745
-0.001099379,-0.149164951,0.306857893,-0.09607883,-0.321888616,-0.306735606,0.237607922,-0.20628091,0.024483494,1,6945479131,6,,3.1,64437,20.65,866,203,202,7757,23.8,833,0,13,741,756,486,1113,546,0.54005066,0.501171081
-1.365021784,0.522370366,-0.551340931,-0.145738722,0.817597823,-0.297643558,0.254865636,0.492850257,-0.174667292,1,6945476052,,,3.7,44212,14.17,415,150,170,5078,0,0,0,0,224,777,417,698,431,0.592261355,0.572932135
0.604971312,0.389975583,0.628447667,0.345803065,0.316283713,-0.303537947,0.224596292,-0.150558532,0.211005207,2,6945473463,3,2,3.2,45433,14.56,444,141,143,3631,121.5,21030,20.19,37,214,758,417,724,433,0.552550845,0.536178939
0.995346977,-0.41468177,-1.432702849,0.597645291,0.1619094,0.162678665,-0.724496333,-0.158825825,0.218020102,2,6945471288,3,,3.1,64437,20.65,866,203,202,7757,23.8,833,0,13,741,756,486,1113,546,0.54005066,0.501171081
0.962496073,-0.853424001,-0.654721062,0.300322457,0.128552819,0.248232832,-0.722371718,-0.126742204,-0.175354426,0,6945469617,,,3.1,64437,20.65,866,203,202,7757,23.8,833,0,13,741,756,486,1113,546,0.54005066,0.501171081
0.201998265,-0.570423909,-0.607685274,0.456221467,0.191073497,-0.193108259,-0.718309799,0.123924753,0.217604906,2,6945357761,3,2,3,47201,15.13,478,215,232,7565,344.4,5253,0,42,237,746,417,874,474,0.597152583,0.573103888
-0.59780894,0.183488091,-0.04674029,-0.081425807,0.141267,-0.283857447,-0.710849181,-0.183412787,-0.148347914,0,6945346677,4,2,3.5,46497,14.9,474,175,171,4481,149,6257,32.77,18,210,770,417,698,429,0.52325088,0.512927345
-0.024900076,-0.406118065,-0.662455395,0.157793008,0.430866633,-0.303144528,0.225156667,-0.126965655,0.211346522,2,6945339362,2,2,3.9,44714,14.33,428,195,202,7136,28.1,81,0,3,204,769,417,698,429,0.479507276,0.454818836
-0.231690248,-0.07078124,0.305632068,-0.456097111,-0.115099521,-0.277233824,-0.708834151,-0.05128887,0.214036267,0,6945333858,3,2,3,47201,15.13,478,215,232,7565,344.4,5253,0,42,237,746,417,874,474,0.597152583,0.573103888
-0.035898929,0.033901824,0.281724437,-0.168399166,0.073120228,-0.228461634,0.243296165,0.014692151,-0.076737076,1,6945330465,6,2,3.7,49421,15.84,546,237,226,6446,188.5,3302,0,32,219,762,417,711,431,0.45252079,0.418157076
0.896708525,-0.163089112,1.117856315,0.080264203,-0.146752518,0.018736436,-0.695969739,0.061024387,0.219323431,0,6945096694,2,1,4,47920,15.36,508,209,223,5987,18.6,0,0,4,256,742,417,704,423,0.455309006,0.431893644
0.124593627,-0.158018938,-0.095267719,0.055663063,-0.069368983,-0.157342773,0.203513971,-0.104416232,-0.146894822,1,6945095461,5,2,3.6,44917,14.4,433,167,170,4453,341.6,4,0,36,215,787,417,698,434,0.588319113,0.563202053
1.080567759,-0.369788317,-0.075114095,0.162075397,-0.394945376,-0.305925041,-0.70565718,0.032216425,-0.180032958,0,6945093820,3,2,4.2,46600,14.94,476,110,106,2686,14.5,7871,0,10,210,752,417,698,424,0.462804608,0.452347745
0.406277179,-0.353256588,0.276898079,-0.201308267,-0.003484067,-0.123977909,0.160730803,0.015978024,-0.040815434,1,6945090035,,3,3.9,44509,14.27,423,197,187,6552,254.2,54,0,19,199,764,417,698,427,0.476013148,0.455675529
-0.608023434,-0.03148741,0.266749398,0.325282011,-0.044442034,-0.10547046,0.242586773,-0.031983778,-0.145264982,1,6945087838,6,1,4.6,46138,14.79,464,225,177,6435,0,0,83.99,2,198,775,417,698,431,0.503379298,0.485067304
-0.566932715,0.29991897,0.30344356,-0.141012494,-0.094516942,-0.195012568,0.241448793,-0.026793679,0.21410739,1,6945086238,4,2,3.4,46929,15.04,478,214,219,6065,0,0,0,0,226,753,417,790,451,0.512330888,0.489307795
0.003258384,0.021146118,0.277515245,0.079998227,-0.000128374,-0.231245277,0.225332091,-0.160827819,-0.066870225,1,6945075683,4,2,3.1,64437,20.65,866,203,202,7757,23.8,833,0,13,741,756,486,1113,546,0.54005066,0.501171081
-0.727145303,-0.236840594,0.305109945,-0.204050952,-0.321811621,-0.310024849,-0.725950878,-0.238485862,-0.149441308,0,6945073672,,2,4.8,50857,16.3,579,228,222,6745,95.5,5867,0,23,256,743,417,764,440,0.504071303,0.456636592
0.121142109,0.126582571,0.294586753,0.035399103,-0.121143784,-0.191994379,-0.724384682,-0.179781917,-0.147129079,0,6945071639,3,2,4,46304,14.84,468,224,216,6922,95,284,0,10,225,762,417,698,427,0.510246648,0.48386545
0.304508262,0.082734971,-0.552618823,0.141020026,0.003606396,-0.256421762,-0.348831706,-0.074993795,-0.146953341,0,6945069066,3,2,4.2,46600,14.94,476,110,106,2686,14.5,7871,0,10,210,752,417,698,424,0.462804608,0.452347745
-0.733299214,-0.24377745,-0.084576339,-0.300622336,-0.097846753,-0.231064927,0.195694351,-0.088661316,-0.147580477,1,6945066152,7,2,3.6,44597,14.29,425,183,183,5444,303.4,977,7.81,22,190,775,417,698,430,0.548234289,0.523649458
0.158696328,-0.201055014,-0.608998349,0.142980807,-0.069113165,0.437842832,0.205729884,-0.000247538,0.222446882,2,6941915788,5,2,4.2,46600,14.94,476,110,106,2686,14.5,7871,0,10,210,752,417,698,424,0.462804608,0.452347745
-0.254907258,0.205556094,-0.522476336,-0.136376739,-0.178399989,0.430967437,0.020049782,-0.140514754,-0.139804262,1,6941781008,3,2,4,47920,15.36,508,209,223,5987,18.6,0,0,4,256,742,417,704,423,0.455309006,0.431893644
0.122798585,-0.039912529,0.297884294,0.038630549,-0.231454657,-0.310469101,-0.725873783,-0.239764332,-0.183948869,0,6941005128,,5,3.1,64020,20.52,858,197,189,7866,89.4,5422,0,46,651,764,486,1113,549,0.428145138,0.387660352
-0.84893334,0.002631412,0.294832922,-0.020277346,-0.194856986,0.43319053,0.22097679,0.010687833,-0.172375547,1,6940815398,,1,4.6,46138,14.79,464,225,177,6435,0,0,83.99,2,198,775,417,698,431,0.503379298,0.485067304
-1.023986649,0.766889178,-0.622435527,-0.225514451,0.619244884,0.309978796,-0.720548944,-0.029841163,0.007732477,0,6940155468,4,2,2.8,41053,13.16,336,150,164,5718,21.5,1911,77.27,10,184,751,417,698,424,0.556190597,0.538722106
-1.145136137,-0.515721622,-0.640145001,0.047215471,0.133323588,0.434426566,0.245527803,0.058557,-0.137226122,1,6937754838,4,2,3.7,44252,14.18,417,234,222,7050,159,2503,0,18,199,758,417,698,426,0.431475543,0.401784945
1.289255121,-0.540477283,-1.518491244,0.620248659,0.499315405,0.444817456,0.255047358,0.493006116,0.125632484,2,6936574728,4,2,3,47201,15.13,478,215,232,7565,344.4,5253,0,42,237,746,417,874,474,0.597152583,0.573103888
-0.833249123,-0.136030303,-0.555037198,-0.050403094,-0.024433069,0.431933097,0.204731695,-0.089560442,-0.139317956,1,6934585817,3,2,3,47201,15.13,478,215,232,7565,344.4,5253,0,42,237,746,417,874,474,0.597152583,0.573103888
-0.697397314,-0.102174693,-0.640186964,0.043800269,0.333573525,0.443349296,0.250817625,0.328555885,0.227152682,2,6934559667,7,4,4,47920,15.36,508,217,223,5987,18.6,0,0,4,256,742,417,704,423,0.455309006,0.431893644
0.408531665,-0.96335202,-0.181546019,0.120050079,-0.038950834,0.343628469,-0.681163335,0.037556902,-0.137386953,0,6934348442,3,1,3.1,64137,20.56,860,32,131,18090,31.3,1071,0,22,707,784,486,1113,555,0.666003954,0.627656542
-0.818928481,-0.276255657,0.318100202,-0.105007754,-0.536238206,0.433448141,-0.703882844,0.061242413,-0.170378059,0,6934185982,2,1,3.1,64020,20.52,858,197,189,7866,89.4,5422,0,46,651,764,486,1113,549,0.428145138,0.387660352
-0.660825452,-0.277225831,0.305346323,-0.02281035,-0.424262377,0.438808551,0.249503213,0.240372609,-0.024494521,1,6933987919,4,1,2.7,47338,15.17,482,223,215,7567,182.3,0,0,29,241,749,417,874,475,0.601670627,0.576371249
-0.211166209,0.374704776,-0.54429596,0.115745681,0.023877362,0.436843256,0.243234196,-0.001451288,0.14058101,2,6933706763,7,4,3.5,45104,14.46,437,229,214,5854,38.3,9834,0,22,237,757,417,709,429,0.515466703,0.486323499
-1.565868045,0.950681487,-0.822630342,-0.364723924,0.520694355,0.436126765,0.246618346,0.112955066,-0.07176446,1,6933503691,6,2,6.1,44199,14.17,415,184,202,7059,165.2,1242,0,19,208,760,417,698,426,0.487624918,0.461972609
1.376284142,-1.346443522,-0.745196794,0.751963413,0.164121772,0.442142535,0.33974354,0.252748417,0.225931941,2,6933154498,3,2,3.1,64437,20.65,866,178,202,7757,23.8,833,0,13,741,756,486,1113,546,0.54005066,0.501171081
0.129861568,-0.204270416,-0.554126578,0.147489541,-0.113800555,0.435950644,0.21677886,-0.114241447,0.220778935,2,6933133137,,2,3.8,43375,13.9,394,207,197,6875,229.6,2004,0,20,233,756,417,698,425,0.473061071,0.446461497
0.882514551,-0.337939165,0.301397326,0.105192477,-0.396376292,0.437091214,0.218403459,-0.045842716,0.221768453,2,6932752643,6,4,3.7,49421,15.84,546,237,226,6446,188.5,3302,0,32,219,762,417,711,431,0.45252079,0.418157076
0.122951378,-0.029621049,0.29116531,0.041000728,-0.152284661,-0.301787266,0.248963444,0.244356663,-0.178262224,1,6932751625,,2,4.1,44660,14.31,427,199,190,6478,130.4,5668,61.8,14,214,759,417,698,426,0.575888908,0.545665705
-0.347803006,-0.303070533,-0.080369656,0.061549759,-0.324088022,0.435848522,0.240133713,-0.121257272,0.220645279,2,6932688717,3,2,3.7,44252,14.18,417,234,222,7050,159,2503,0,18,199,758,417,698,426,0.431475543,0.401784945
-1.649138713,1.291221835,-1.256443259,-1.006109324,0.701434238,0.432873164,0.184958496,-0.006994758,-0.172582689,1,6932441494,,3,4.3,47714,15.29,504,193,168,4911,114.6,6178,0,10,210,762,417,698,427,0.563708026,0.546157232
1.114996801,-0.073301717,0.297878673,0.074941482,-0.218029524,0.435644259,0.242108943,-0.052539532,0.11153812,2,6932293849,2,1,4.2,46600,14.94,476,110,106,2686,14.5,7871,0,10,210,752,417,698,424,0.462804608,0.452347745
1.328804141,-0.37378033,-0.13159703,0.447536745,0.117688601,0.441014277,-0.677734887,0.223633253,0.226900896,2,6932088242,4,,3.8,45515,14.59,448,216,217,6071,0,2003,0,1,228,753,417,698,424,0.585108401,0.557988585
-0.032626634,0.014472927,-0.517324814,-0.117823899,0.262112264,0.349413917,0.251330145,0.314607857,-0.087336578,2,6931894923,5,2,2.8,41053,13.16,336,150,164,5718,21.5,1911,77.27,10,184,751,417,698,424,0.556190597,0.538722106
0.124257103,-0.160879974,0.29376966,0.04354644,-0.239301916,0.435743346,0.248113268,0.162885706,-0.170205874,1,6931885688,,2,3,47201,15.13,478,215,232,7565,344.4,5253,0,42,237,746,417,874,474,0.597152583,0.573103888
0.448349051,-0.59148363,-0.15312495,0.68484936,0.115438952,0.208700391,0.207558352,0.43174728,0.225753663,2,6931787072,3,1,4.2,46600,14.94,476,110,106,2686,14.5,7871,0,10,210,752,417,698,424,0.462804608,0.452347745
-0.4654612,-0.130149726,0.262121413,0.050389313,0.10132926,0.442823344,0.236324311,0.297536612,0.226722738,2,6931585020,2,1,3.8,43375,13.9,394,207,197,6875,229.6,2004,0,20,233,756,417,698,425,0.473061071,0.446461497
0.966981539,-0.233044912,-0.609722431,0.255497566,-0.091195479,-0.222243741,0.246161932,0.173528386,0.216623332,2,6931498222,5,4,4.2,43738,14.02,404,150,174,5396,150.7,1837,0,19,196,765,417,698,428,0.599411423,0.577035997
0.102036316,0.215854306,0.288104143,0.395901718,-0.180287293,0.43616902,-0.680814213,0.06962777,0.03897614,0,6931279978,3,2,3,47201,15.13,478,215,232,7565,344.4,5253,0,42,237,746,417,874,474,0.597152583,0.573103888
-0.882694483,0.385909373,-0.587411414,-0.125759076,0.598890709,0.444883712,0.253003207,0.420573087,0.228483886,2,6930958766,6,2,4.7,45944,14.73,459,217,219,6966,243.6,0,0,31,224,770,417,698,429,0.537740966,0.507963557
-0.353345698,-0.606710028,0.227871701,-0.523925645,-0.38549715,0.444611121,0.323484083,0.53475526,0.049082618,1,6930668529,2,5,3.7,44252,14.18,417,,222,7050,159,2503,0,18,199,758,417,698,426,0.431475543,0.401784945
-0.028989282,0.021126866,-0.631771326,0.07208131,0.30849897,0.444638534,0.252653983,0.40587009,0.228271179,2,6930465140,4,3,3.7,44252,14.18,417,234,222,7050,159,2503,0,18,199,758,417,698,426,0.431475543,0.401784945
0.178596298,0.408056113,0.297547724,0.030246241,-0.02843903,0.432518266,0.217170832,-0.131396297,-0.036042716,1,6930456202,3,2,3.3,44214,14.17,416,191,189,7650,0,0,0,0,215,755,417,698,425,0.489543568,0.465783772
-0.310080809,0.39284472,-1.447519925,-0.012837301,0.325722748,0.436796516,0.241484011,-0.06440711,0.221467725,2,6930330199,3,2,3.7,49421,15.84,546,237,226,6446,188.5,3302,0,32,219,762,417,711,431,0.45252079,0.418157076
1.151972544,-0.368662269,-0.139437089,0.637250311,0.111011932,0.445943273,0.057461805,0.491590508,0.229780941,2,6930202534,3,1,3.2,53785,17.24,638,226,214,6024,0,600,0,3,368,746,417,903,482,0.577500197,0.534763194
0.642548153,-0.056189471,-0.571561501,0.141613157,0.172676873,0.437726481,0.250937996,0.281812154,-0.168485377,2,6930096244,,4,3.3,43036,13.79,385,202,183,6275,263,1492,51.44,19,212,757,417,698,425,0.513802024,0.493156702
-0.255544148,0.213973671,0.294546892,-0.172571284,-0.002116913,0.442637759,0.236059968,0.286407252,0.22656173,2,6930079051,6,2,4.4,45400,14.55,445,209,219,6585,136.2,199,0,12,203,784,417,698,433,0.490212387,0.463059358
0.040965824,0.300967694,0.333130539,0.06111685,0.082599215,0.439332553,-0.680130291,0.122782136,0.225441893,0,6929947545,2,2,3.7,44252,14.18,417,234,222,7050,159,2503,0,18,199,758,417,698,426,0.431475543,0.401784945
-0.154006505,-0.413058507,0.286145606,0.07860704,-0.290831122,0.435532007,0.230343416,0.017656629,0.008673166,1,6929858535,4,2,3.9,44509,14.27,423,197,187,6552,254.2,54,0,19,199,764,417,698,427,0.476013148,0.455675529
1.817499539,-0.681388987,-0.130976329,0.614727201,-0.078368825,0.444155002,0.238221092,0.377394702,0.227878037,2,6929566355,3,2,3.1,64137,20.56,860,62,131,18090,31.3,1071,0,22,707,784,486,1113,555,0.666003954,0.627656542
0.829845135,-0.550492942,-0.114270936,0.12184596,-0.023020001,0.4392936,0.245040794,0.085340256,0.223634106,2,6929551675,5,2,2.7,47338,15.17,482,223,215,7567,182.3,0,0,29,241,749,417,874,475,0.601670627,0.576371249
-1.574203007,0.652452554,-1.336299486,0.114231878,0.803575272,0.249055246,0.240560873,-0.139304896,-0.142364191,1,6929344611,4,2,4.4,45400,14.55,445,209,219,6585,136.2,199,0,12,203,784,417,698,433,0.490212387,0.463059358
-0.391178716,0.836862922,0.326982626,0.071015609,0.358386058,0.435063234,-0.489160787,-0.140720933,0.221360168,0,6929143264,3,2,3.9,44714,14.33,428,195,202,7136,28.1,81,0,3,204,769,417,698,429,0.479507276,0.454818836
-0.547014553,-0.0092665,0.300014131,-0.040425217,-0.235330066,0.433689415,0.245187701,0.039713736,-0.171987791,1,6928839973,,2,4,46304,14.84,468,224,216,6922,95,284,0,10,225,762,417,698,427,0.510246648,0.48386545
0.036430001,0.096829846,-0.536514106,-0.016911442,-0.109833561,0.434811187,0.242253513,-0.054936947,0.046828746,2,6928802489,2,3,4,46304,14.84,468,224,216,6922,95,284,0,10,225,762,417,698,427,0.510246648,0.48386545
-0.8788382,0.487479151,0.233796659,-0.134141348,0.175525675,0.433219455,0.240793637,-0.121546049,0.006640526,1,6928795921,5,2,3,47201,15.13,478,215,232,7565,344.4,5253,0,42,237,746,417,874,474,0.597152583,0.573103888
-0.089777463,-0.162637521,-0.617524531,0.05647084,0.073206164,0.439069802,0.244722021,0.071919301,0.223439946,2,6928735471,,2,3.7,44252,14.18,417,234,222,7050,159,2503,0,18,199,758,417,698,426,0.431475543,0.401784945
1.578925372,0.488794687,1.141629421,-0.017522065,0.521838657,0.44133936,0.252359424,0.365395745,0.013685065,2,6928713560,3,3,2.7,47338,15.17,482,223,215,7567,182.3,0,0,29,241,749,417,874,475,0.601670627,0.576371249
0.551309105,-0.288810037,0.273833641,0.122938172,-0.087395431,0.19245642,0.042808555,-0.110289689,0.218030843,2,6928704976,2,2,3.9,44714,14.33,428,195,202,7136,28.1,81,0,3,204,769,417,698,429,0.479507276,0.454818836
0.001641492,-0.047247731,-0.144775771,0.118679441,-0.077634631,0.437083137,0.20597897,0.001755382,0.157801168,2,6928541618,4,2,3.8,43375,13.9,394,207,197,6875,229.6,2004,0,20,233,756,417,698,425,0.473061071,0.446461497
-0.489509938,-0.011479456,0.299995899,-0.036869347,-0.235153297,0.430761034,0.24101659,-0.135898043,-0.174528349,1,6928526475,,2,6.1,44199,14.17,415,184,202,7059,165.2,1242,0,19,208,760,417,698,426,0.487624918,0.461972609
0.812964041,-0.153881615,0.259003286,0.190327086,0.118151621,0.440381684,0.22309032,0.151483093,0.224623146,2,6928506433,,1,3.8,45515,14.59,448,216,217,6071,0,2003,0,1,228,753,417,698,424,0.585108401,0.557988585
0.995090534,-0.33014252,0.291475066,0.129938561,-0.287580676,0.442055851,0.248975274,0.25098939,0.226030535,2,6928504611,2,2,4,46304,14.84,468,224,216,6922,95,284,0,10,225,762,417,698,427,0.510246648,0.48386545
-0.171518786,-0.426601804,-0.606030547,-0.101645598,-0.099312682,0.433039436,0.240537223,-0.13234156,0.006484349,2,6928482714,6,2,4.2,46600,14.94,476,110,106,2686,14.5,7871,0,10,210,752,417,698,424,0.462804608,0.452347745
0.185645362,0.480752161,-1.009701103,0.367332138,0.425831658,0.438197033,0.222244737,0.101439217,0.113797874,2,6928473662,3,1,3,47201,15.13,478,215,232,7565,344.4,5253,0,42,237,746,417,874,474,0.597152583,0.573103888
-0.606808578,-0.523995834,-0.684078606,0.354484152,0.505276716,0.441172254,0.247716701,0.198001061,0.225263958,2,6928311009,4,4,4.4,45127,14.46,439,137,163,4190,77.3,17858,0,17,199,763,417,698,427,0.568376068,0.548433378
0.975729803,-0.440590648,-0.13771749,0.583177355,-0.501415488,0.443286886,0.25072873,0.32481323,0.227098538,2,6928285300,4,2,3.3,43036,13.79,385,202,183,6275,263,1492,51.44,19,212,757,417,698,425,0.513802024,0.493156702
0.325700521,-0.475699636,-0.705949147,0.668968814,0.666908671,0.441068291,0.255697984,0.48221677,-0.165586143,2,6928282907,6,3,3.3,46153,14.79,459,119,129,3410,4.4,10017,11.03,16,220,748,417,764,442,0.477512787,0.458586311
-0.467634844,0.342266718,-0.558231084,-0.192067223,0.300692555,0.430671069,-0.721582597,-0.104774093,-0.172760996,0,6928248814,1,2,3.3,46153,14.79,459,119,129,3410,4.4,10017,11.03,16,220,748,417,764,442,0.477512787,0.458586311
-0.766115533,-0.135695628,0.236548878,0.065739751,-0.212765544,0.438039576,-0.117710582,0.314592683,-0.167506059,1,6928220423,4,3,,,,,,,,,,,,,,,,,,
-1.185787416,0.179346792,0.315923249,-0.377053057,-0.204021012,0.433091989,0.240612078,-0.129190022,0.006529942,1,6928200982,6,4,3.8,45515,14.59,448,216,217,6071,0,2003,0,1,228,753,417,698,424,0.585108401,0.557988585
-0.131257484,0.070140779,-0.537432686,0.004401914,-0.128567853,0.43902009,0.236897895,0.283503627,-0.064542815,2,6928197304,7,3,3.9,44714,14.33,428,195,202,7136,28.1,81,0,3,204,769,417,698,429,0.479507276,0.454818836
-0.247465196,-0.147024227,0.310925042,-0.133495409,-0.360384589,0.435210675,0.204246883,-0.077127929,0.111233369,1,6928055902,2,1,3.8,43375,13.9,394,207,197,6875,229.6,2004,0,20,233,756,417,698,425,0.473061071,0.446461497
-1.084494931,-0.017216413,0.305406083,-0.200138289,0.330930451,0.44024195,0.252479911,0.359738164,-0.068194273,1,6928055608,7,4,4.2,46600,14.94,476,134,106,2686,14.5,7871,0,10,210,752,417,698,424,0.462804608,0.452347745
-0.859648397,0.004573026,0.318559935,-0.182044625,-0.386137763,0.437261263,0.246550686,0.120836714,0.010147054,1,6928052617,,2,3.8,43375,13.9,394,207,197,6875,229.6,2004,0,20,233,756,417,698,425,0.473061071,0.446461497
0.124257103,-0.160879974,0.29376966,0.04354644,-0.239301916,-0.309471307,0.200774018,-0.215033639,-0.184857212,1,6928043253,,2,4,47920,15.36,508,209,223,5987,18.6,0,0,4,256,742,417,704,423,0.455309006,0.431893644
0.104113089,0.961140737,0.313091892,-0.11591554,0.099558364,0.435986779,-0.70839624,-0.076968585,0.222584278,0,6928029902,1,2,4.3,47714,15.29,504,193,168,4911,114.6,6178,0,10,210,762,417,698,427,0.563708026,0.546157232
-0.719922267,-0.002612474,0.300068953,-0.051117182,-0.235861582,0.43808179,0.251444088,0.303119604,-0.168177124,1,6928014492,,1,3.9,44714,14.33,428,195,202,7136,28.1,81,0,3,204,769,417,698,429,0.479507276,0.454818836
0.245147008,-0.165532192,0.293731331,0.051021818,-0.238930302,0.434151835,0.200523963,0.069164219,-0.171499713,1,6927954841,,1,3.1,63268,20.28,842,114,114,13993,0,0,0,0,623,756,486,1113,546,0.544188186,0.512662407
-0.7003525,-0.128344078,0.302801923,-0.07795748,-0.307280211,0.432306701,-0.488682422,-0.148653682,0.00724483,0,6927954250,3,2,4.3,47714,15.29,504,193,168,4911,114.6,6178,0,10,210,762,417,698,427,0.563708026,0.546157232
-0.949355538,-0.02752408,1.195311456,-0.413285057,-0.234105958,0.439868952,0.24586031,0.119843448,0.22413326,1,6927948667,4,2,3.9,44509,14.27,423,197,187,6552,254.2,54,0,19,199,764,417,698,427,0.476013148,0.455675529
1.76982655,-0.337054039,-0.639868624,0.224982651,0.255039738,0.441494277,0.250313906,0.293718711,0.122749413,2,6927942980,7,3,4.2,43738,14.02,404,150,174,5396,150.7,1837,0,19,196,765,417,698,428,0.599411423,0.577035997
-0.860583406,-0.34950916,0.2903512,-0.167485913,-0.226934293,0.435310576,0.245103355,0.051417216,-0.055531922,1,6927914142,6,3,4.4,45127,14.46,439,137,163,4190,77.3,17858,0,17,199,763,417,698,427,0.568376068,0.548433378
-0.199043932,-0.156595896,-0.613448021,0.036862598,0.034086983,0.436108166,0.224422719,0.160292389,-0.135722168,2,6927913113,2,2,3.8,43375,13.9,394,207,197,6875,229.6,2004,0,20,233,756,417,698,425,0.473061071,0.446461497
-0.463134088,0.335412491,-0.55399915,-0.326577835,0.313554947,-0.300286392,-0.108690038,0.32262424,-0.142149487,1,6927899941,,4,3.8,43375,13.9,394,207,197,6875,229.6,2004,0,20,233,756,417,698,425,0.473061071,0.446461497
0.388877179,-0.499872161,-1.034473682,0.607873002,0.179407206,0.439654055,-0.709497336,0.408562837,-0.130845535,2,6927866573,1,1,4,46304,14.84,468,224,216,6922,95,284,0,10,225,762,417,698,427,0.510246648,0.48386545
0.989281252,-0.050364613,0.670433526,0.054875783,-0.192708265,0.432610242,0.239470976,-0.174333285,0.027978651,1,6927857741,3,2,4.6,46138,14.79,464,225,177,6435,0,0,83.99,2,198,775,417,698,431,0.503379298,0.485067304
0.64303746,-0.005027198,-0.590116673,0.173096261,0.389349859,0.443546486,0.251098497,0.340381148,0.227323757,2,6927775381,,1,4.2,43738,14.02,404,150,174,5396,150.7,1837,0,19,196,765,417,698,428,0.599411423,0.577035997
0.512724431,-0.19282783,-0.562112899,0.133660161,0.005100269,0.442051205,0.20364626,0.252430473,0.226113404,2,6927608649,5,2,3.7,49421,15.84,546,237,226,6446,188.5,3302,0,32,219,762,417,711,431,0.45252079,0.418157076
0.318913145,-0.144449278,0.282290653,0.002598346,-0.074551738,0.439375448,0.231413215,0.090770065,0.223731466,2,6927564241,,2,3.9,44509,14.27,423,197,187,6552,254.2,54,0,19,199,764,417,698,427,0.476013148,0.455675529
0.922558717,0.71432812,-0.452916575,-0.101583565,-0.128371511,0.43739527,0.199152988,0.049625494,0.119280161,2,6927545653,2,2,4.4,45127,14.46,439,137,163,4190,77.3,17858,0,17,199,763,417,698,427,0.568376068,0.548433378
0.196353399,1.06518177,0.418716771,0.142719631,-0.006636999,-0.177486714,0.247303614,0.179807638,-0.078480472,1,6927471449,3,2,,,,,,,,,,,,,,,,,,
-1.249479135,0.750413074,-1.355554949,-0.26081585,0.674922787,0.436842713,0.232210354,0.096258271,0.009810288,2,6927238205,4,2,3.8,45515,14.59,448,216,217,6071,0,2003,0,1,228,753,417,698,424,0.585108401,0.557988585
-0.98102489,0.219509252,0.282105245,-0.174274362,0.108738667,0.434644011,-0.716633515,0.108116061,-0.13519207,0,6927085272,2,2,4.3,47714,15.29,504,193,168,4911,114.6,6178,0,10,210,762,417,698,427,0.563708026,0.546157232
-0.652762128,-0.309293845,-0.58124768,0.188984218,0.092267294,0.438010463,0.243213127,0.008391956,0.222520902,2,6926902789,5,2,4.4,45127,14.46,439,137,163,4190,77.3,17858,0,17,199,763,417,698,427,0.568376068,0.548433378
1.169899213,-0.342119516,0.262236071,0.387583881,-0.076155464,0.432758665,-0.682074482,-0.006359261,-0.13689914,0,6926883676,2,1,3,47201,15.13,478,215,232,7565,344.4,5253,0,42,237,746,417,874,474,0.597152583,0.573103888
-0.602973052,-0.158552043,-0.17834507,-0.274117587,0.411214289,0.438803849,0.244343204,0.055970398,0.223209215,2,6926684241,,4,4.3,47714,15.29,504,193,168,4911,114.6,6178,0,10,210,762,417,698,427,0.563708026,0.546157232
-0.912128206,0.530120403,0.333576448,-0.284629415,0.296010394,0.438948504,0.25063756,0.282171668,-0.06931642,1,6926133812,7,3,4.7,45944,14.73,459,209,219,6966,243.6,0,0,31,224,770,417,698,429,0.537740966,0.507963557
-0.773150859,0.412755226,0.332317213,-0.167846502,-0.368602733,0.432501537,-0.722699989,-0.12807972,0.007863091,0,6925691377,4,3,2.7,47338,15.17,482,223,215,7567,182.3,0,0,29,241,749,417,874,475,0.601670627,0.576371249
1.693333251,-1.240623321,-0.755882055,0.758015612,0.341755884,0.436962607,0.030925812,-0.046448638,0.222015989,2,6925479410,3,1,4.8,50857,16.3,579,228,222,6745,95.5,5867,0,23,256,743,417,764,440,0.504071303,0.456636592
0.962496073,-0.853424001,-0.654721062,0.300322457,0.128552819,-0.30949484,0.178918412,-0.215616929,-0.184835788,2,6925475963,,2,4.7,45944,14.73,459,183,219,6966,243.6,0,0,31,224,770,417,698,429,0.537740966,0.507963557
0.813243811,-0.354623218,0.276146888,0.411330013,-0.265884219,0.441395187,-0.677192328,0.246476014,0.22723136,0,6925475627,3,2,3.7,49421,15.84,546,237,226,6446,188.5,3302,0,32,219,762,417,711,431,0.45252079,0.418157076
0.694392714,-0.757088436,0.235683324,0.630018296,-0.090668275,0.441990692,0.248882464,0.247081903,0.225974006,2,6925411481,5,4,4,46304,14.84,468,224,216,6922,95,284,0,10,225,762,417,698,427,0.510246648,0.48386545
0.939419536,-0.836367649,-0.188806522,0.24365945,0.0633956,0.437840721,-0.16143246,0.013557008,0.223149028,2,6925391133,4,2,3.6,44597,14.29,425,167,183,5444,303.4,977,7.81,22,190,775,417,698,430,0.548234289,0.523649458
-0.4116431,-0.028056247,1.117739198,-0.263260207,0.015417368,0.434081115,0.245035751,0.037840667,-0.137525823,1,6925351988,6,3,3.9,44509,14.27,423,197,187,6552,254.2,54,0,19,199,764,417,698,427,0.476013148,0.455675529
0.474764651,-0.707488208,0.22729132,0.325206251,0.159118269,0.41551404,0.247084438,0.17294191,0.224585964,2,6925276018,6,4,2.8,41053,13.16,336,150,164,5718,21.5,1911,77.27,10,184,751,417,698,424,0.556190597,0.538722106
0.675234945,-0.050247602,-0.1024385,0.131287793,0.047201616,-0.310469101,-0.725873783,-0.239764332,-0.183948869,0,6925148928,,5,3.1,64137,20.56,860,,131,18090,31.3,1071,0,22,707,784,486,1113,555,0.666003954,0.627656542
-1.353415804,1.282760324,0.331538354,-0.840175827,0.305108007,0.433760737,0.185512855,0.020869126,-0.13769052,1,6925117930,,3,4.7,45944,14.73,459,,219,6966,243.6,0,0,31,224,770,417,698,429,0.537740966,0.507963557
-1.166552401,1.39908354,2.061221087,-0.716929702,0.696303187,0.436603076,0.248627969,0.189079936,-0.13533786,1,6925112112,7,4,4.1,44660,14.31,427,199,190,6478,130.4,5668,61.8,14,214,759,417,698,426,0.575888908,0.545665705
0.840221055,-0.573568723,-1.143831879,0.477636074,0.5199063,0.438720504,0.246363015,0.127378652,0.120342988,2,6925090735,5,2,6.1,44199,14.17,415,184,202,7059,165.2,1242,0,19,208,760,417,698,426,0.487624918,0.461972609
-0.212713839,-0.660864216,0.260631295,0.122672448,-0.132833569,0.435298235,-0.685876671,-0.11915145,0.221941864,0,6925029626,2,1,4.8,50857,16.3,579,228,222,6745,95.5,5867,0,23,256,743,417,764,440,0.504071303,0.456636592
0.957603359,-0.990037387,-0.603024286,0.197881976,0.113790433,0.43319124,0.243768237,-0.015524108,-0.138297846,2,6924889661,5,3,4.1,44660,14.31,427,199,190,6478,130.4,5668,61.8,14,214,759,417,698,426,0.575888908,0.545665705
-1.126672453,-0.192621936,0.290838881,-0.255782931,-0.135355218,0.434968084,0.246299128,0.09103126,-0.13675632,1,6924789209,4,2,4.7,45944,14.73,459,217,219,6966,243.6,0,0,31,224,770,417,698,429,0.537740966,0.507963557
-0.206814189,-0.142990643,0.290515161,0.024254597,-0.200734862,0.432715814,0.243800928,-0.018672072,-0.172832453,1,6924648234,,2,4.2,43738,14.02,404,150,174,5396,150.7,1837,0,19,196,765,417,698,428,0.599411423,0.577035997
1.827596258,-0.471685612,-1.565594182,0.83892748,0.4023697,0.436024509,-0.722086658,-0.074184419,0.222643364,2,6924604682,2,1,3.7,44252,14.18,417,234,222,7050,159,2503,0,18,199,758,417,698,426,0.431475543,0.401784945
-1.153284571,0.516448857,1.185075559,-0.143525704,-0.020830212,0.433662775,0.241425091,-0.094960633,0.007025135,1,6924597547,6,2,3.9,44509,14.27,423,197,187,6552,254.2,54,0,19,199,764,417,698,427,0.476013148,0.455675529
1.655007569,-1.738317746,-1.642740447,0.892354993,0.695330738,0.446155778,0.254815107,0.49685754,0.229587486,2,6924548198,2,1,4.8,50857,16.3,579,228,222,6745,95.5,5867,0,23,256,743,417,764,440,0.504071303,0.456636592
0.126957845,-0.720026283,0.157534607,-0.048782807,-0.42197405,0.437633255,0.242675841,-0.014228818,0.22219365,2,6924513479,6,2,3.9,44714,14.33,428,195,202,7136,28.1,81,0,3,204,769,417,698,429,0.479507276,0.454818836
-0.980919266,0.918631327,0.329907756,-0.669054286,0.103043941,0.435681971,0.24731597,0.133842273,-0.136136978,1,6924372074,5,2,4.1,44660,14.31,427,199,190,6478,130.4,5668,61.8,14,214,759,417,698,426,0.575888908,0.545665705
0.284154602,-0.301186998,-0.562649543,0.483038015,0.369156862,0.434360025,0.242418236,-0.053147318,0.007630044,2,6924359661,4,2,3.7,49421,15.84,546,237,226,6446,188.5,3302,0,32,219,762,417,711,431,0.45252079,0.418157076
0.441488561,-0.396490289,-0.201458454,0.045838018,0.101660204,0.432054029,-0.723337407,-0.154916235,0.00747485,0,6924334238,3,2,3.8,45515,14.59,448,216,217,6071,0,2003,0,1,228,753,417,698,424,0.585108401,0.557988585
0.227456063,-0.16485139,0.29373694,0.049927876,-0.238984684,0.429723075,-0.722932896,-0.161624255,-0.173583441,0,6924333898,,2,3.8,45515,14.59,448,216,217,6071,0,2003,0,1,228,753,417,698,424,0.585108401,0.557988585
-0.230330793,-0.021174334,0.294636789,0.017974717,-0.192955409,0.431168376,0.204352323,-0.110057048,-0.174103543,1,6924327658,,2,4,46304,14.84,468,224,216,6922,95,284,0,10,225,762,417,698,427,0.510246648,0.48386545
-1.681096842,1.410977068,0.349727518,-1.545272394,0.472376774,0.432236507,0.15682668,-0.17735953,0.005946066,1,6924319094,3,1,4.7,45944,14.73,459,217,219,6966,243.6,0,0,31,224,770,417,698,429,0.537740966,0.507963557
0.425006178,0.368561889,-0.52666715,-0.06735781,-0.062750944,0.435341726,0.223331022,0.114329838,-0.136387103,2,6924303569,3,2,3.8,45515,14.59,448,216,217,6071,0,2003,0,1,228,753,417,698,424,0.585108401,0.557988585
0.449239818,0.519774167,-0.649721285,0.506376073,0.542654153,0.313728845,-0.119386878,-0.132307458,0.115572275,2,6924255499,5,2,3.8,43375,13.9,394,207,197,6875,229.6,2004,0,20,233,756,417,698,425,0.473061071,0.446461497
0.087042918,-0.139778988,0.317166256,-0.229740649,-0.367256855,0.42916914,-0.526671292,-0.202319773,-0.174441832,0,6924252974,3,2,3,47201,15.13,478,215,232,7565,344.4,5253,0,42,237,746,417,874,474,0.597152583,0.573103888
0.342997262,-0.164598981,0.284776837,0.102704971,-0.157371637,0.430708482,0.240941735,-0.13904958,-0.174573942,1,6924251283,,2,4.2,43738,14.02,404,150,174,5396,150.7,1837,0,19,196,765,417,698,428,0.599411423,0.577035997
-0.414048109,-0.140164318,0.293940334,0.010259663,-0.24095666,0.438839908,0.252523933,0.348583138,-0.167519408,1,6924246168,,4,3.9,44509,14.27,423,197,187,6552,254.2,54,0,19,199,764,417,698,427,0.476013148,0.455675529
0.946412704,-0.689439416,-0.190626238,0.211510302,0.162621448,0.439020924,0.199330004,0.070707864,0.223484441,2,6924239246,4,3,6.1,44199,14.17,415,184,202,7059,165.2,1242,0,19,208,760,417,698,426,0.487624918,0.461972609
-0.470480467,-0.547737685,0.312004581,-0.335552051,-0.459849655,0.433764328,-0.717176637,0.080725262,-0.170077395,0,6924231184,3,2,3.7,49421,15.84,546,237,226,6446,188.5,3302,0,32,219,762,417,711,431,0.45252079,0.418157076
0.854567627,-0.067698011,0.287247288,0.161249145,-0.148036955,0.437049249,0.204599524,-0.047837835,0.221758398,2,6924226818,3,2,3.9,44714,14.33,428,195,202,7136,28.1,81,0,3,204,769,417,698,429,0.479507276,0.454818836
0.321281294,0.147839019,0.288391674,-0.203473911,0.07954415,0.43319538,0.239369431,-0.172649374,0.073429613,1,6924224030,4,2,3.7,49421,15.84,546,237,226,6446,188.5,3302,0,32,219,762,417,711,431,0.45252079,0.418157076
0.370003926,0.243858628,-0.555055301,-0.013993538,0.176441889,0.434670516,0.242277925,-0.055341768,0.035902098,2,6924223908,3,2,3.6,45742,14.66,454,202,180,6224,0,0,10.02,1,207,762,417,698,427,0.400032592,0.383953724
-0.957266525,0.01540468,0.303642205,-0.134454185,-0.23990482,0.429890706,-0.685449653,-0.152984762,-0.173509422,0,6924215880,,2,,,,,,,,,,,,,,,,,,
-1.278619007,1.374339705,0.37906153,-1.241239429,0.579961308,0.439900468,0.193284399,0.354271968,-0.085558788,1,6924211132,3,4,4.5,44271,14.19,417,215,213,6510,207.9,700,0,24,189,749,417,698,423,0.547407449,0.516861187
-0.104230785,0.209816838,-0.647357339,-0.092902039,0.639980782,0.435007862,0.170113587,-0.169059408,0.22004791,2,6924209904,6,2,3.5,45104,14.46,437,229,214,5854,38.3,9834,0,22,237,757,417,709,429,0.515466703,0.486323499
-1.582626288,1.235466339,0.256139367,-0.41776389,0.346966853,0.440511996,0.254195735,0.423493539,-0.131946621,1,6924194655,,2,3.3,46153,14.79,459,150,129,3410,4.4,10017,11.03,16,220,748,417,764,442,0.477512787,0.458586311
-0.654267581,1.001632719,0.728641212,-0.038744661,0.15223204,0.435823179,0.216597301,-0.12188542,0.220668351,1,6924101928,4,2,3.2,45433,14.56,444,141,143,3631,121.5,21030,20.19,37,214,758,417,724,433,0.552550845,0.536178939
-0.23981539,-0.025958018,0.297999263,0.01620786,-0.232569328,0.434930308,0.246955197,0.114128694,-0.170911237,1,6924100619,,3,3.8,43375,13.9,394,207,197,6875,229.6,2004,0,20,233,756,417,698,425,0.473061071,0.446461497
-0.792720988,-0.170233719,1.092579962,0.022505652,0.086393524,0.433994938,0.220081513,-0.013996589,-0.073568898,1,6924088968,,3,6.1,44199,14.17,415,184,202,7059,165.2,1242,0,19,208,760,417,698,426,0.487624918,0.461972609
1.087647953,-0.108202109,0.231444769,0.468695592,-0.034380913,0.434044123,-0.72490747,-0.192946036,0.220925252,0,6924079621,2,2,3,47201,15.13,478,215,232,7565,344.4,5253,0,42,237,746,417,874,474,0.597152583,0.573103888
1.561029957,-0.363832904,-0.681145348,0.691350647,0.480304254,0.319882385,0.245457686,0.084954635,0.030266778,2,6924077360,6,3,4.2,43738,14.02,404,150,174,5396,150.7,1837,0,19,196,765,417,698,428,0.599411423,0.577035997
1.119364307,-0.382356907,-0.126924707,0.610906956,-0.025195324,0.428956635,-0.724024593,-0.207586806,-0.174248377,0,6924077001,,2,3,47201,15.13,478,215,232,7565,344.4,5253,0,42,237,746,417,874,474,0.597152583,0.573103888
0.122495208,0.316688931,0.297673653,-0.156740051,0.016402802,0.438731996,0.167762301,0.272320737,-0.069345945,1,6924072627,6,2,4.1,44660,14.31,427,199,190,6478,130.4,5668,61.8,14,214,759,417,698,426,0.575888908,0.545665705
0.705351868,-0.292346452,0.272224284,0.133011894,-0.068534273,0.43607039,0.225078788,0.183389822,-0.169877084,2,6924068010,,2,3.9,44509,14.27,423,197,187,6552,254.2,54,0,19,199,764,417,698,427,0.476013148,0.455675529
0.214813507,-0.43811018,-0.59023153,0.133575167,0.203578741,0.438840841,0.251815384,0.323276191,-0.133396456,2,6924044928,4,4,3.7,44252,14.18,417,234,222,7050,159,2503,0,18,199,758,417,698,426,0.431475543,0.401784945
-0.337108511,0.591820627,0.80527695,-0.01964877,0.060208257,0.43951389,0.247493093,0.174957095,0.1210313,1,6924025722,5,2,3.8,43375,13.9,394,207,197,6875,229.6,2004,0,20,233,756,417,698,425,0.473061071,0.446461497
0.124257103,-0.160879974,0.29376966,0.04354644,-0.239301916,0.430324912,-0.164008422,-0.146707488,-0.174131325,0,6924025410,,2,3.8,45515,14.59,448,216,217,6071,0,2003,0,1,228,753,417,698,424,0.585108401,0.557988585
0.124257103,-0.160879974,0.29376966,0.04354644,-0.239301916,0.430324912,-0.164008422,-0.146707488,-0.174131325,0,6924025148,,2,3.8,45515,14.59,448,216,217,6071,0,2003,0,1,228,753,417,698,424,0.585108401,0.557988585
-0.161493701,0.164031484,-1.100944772,-0.169918632,0.612974962,0.433971072,0.228120062,-0.075950871,0.007318955,2,6923978329,6,3,3.2,45433,14.56,444,141,143,3631,121.5,21030,20.19,37,214,758,417,724,433,0.552550845,0.536178939
0.178488835,0.257987123,-0.156274937,0.003623557,-0.118821968,0.434044123,-0.72490747,-0.192946036,0.220925252,0,6923974560,3,2,4,47920,15.36,508,209,223,5987,18.6,0,0,4,256,742,417,704,423,0.455309006,0.431893644
-0.480865957,0.147179057,0.274165774,0.006322895,0.104750568,0.439301304,0.253181133,0.376252519,-0.167119117,1,6923965588,,3,3.7,44252,14.18,417,234,222,7050,159,2503,0,18,199,758,417,698,426,0.431475543,0.401784945
0.101796921,0.266249581,0.335633212,0.064749883,0.040445231,0.440003101,0.142510372,0.397185861,-0.132175369,1,6923951616,3,2,3.5,65315,20.93,885,231,57,7087,0,0,0,0,696,753,486,1113,545,0.511866524,0.477635789
-0.141744338,0.148748385,0.300973497,-0.087457229,-0.137696295,0.439796224,0.253886084,0.405932317,-0.166689743,1,6923932384,,3,3.6,44917,14.4,433,167,170,4453,341.6,4,0,36,215,787,417,698,434,0.588319113,0.563202053
-1.257074993,0.302748443,1.047312077,-0.262603551,0.334718643,0.353397685,0.221196084,0.035671251,-0.091231656,1,6923929952,4,4,3.7,44212,14.17,415,150,170,5078,0,0,0,0,224,777,417,698,431,0.592261355,0.572932135
0.124257103,-0.160879974,0.29376966,0.04354644,-0.239301916,-0.302004697,-0.713817302,0.267836639,-0.176605455,0,6923929001,,5,3.9,62184,19.93,820,33,52,4107,0,0,0,0,404,741,486,1113,542,0.408581063,0.372981703
0.206721836,0.512885112,-0.618061001,0.032916484,0.39441201,-0.304407353,0.178035535,-0.200976159,0.210337841,2,6923914852,5,3,3.6,45742,14.66,454,202,180,6224,0,0,10.02,1,207,762,417,698,427,0.400032592,0.383953724
0.716194308,-0.325465902,-0.585645316,0.263552266,0.161681264,0.430873678,0.227432875,-0.128621442,-0.174404271,2,6923909650,,2,3.7,44252,14.18,417,234,222,7050,159,2503,0,18,199,758,417,698,426,0.431475543,0.401784945
-0.688165612,-0.626634852,-0.654517306,0.05323362,0.265668573,0.4345102,0.240365964,-0.125108697,0.116690278,2,6923898758,2,3,4,46304,14.84,468,224,216,6922,95,284,0,10,225,762,417,698,427,0.510246648,0.48386545
0.240223603,0.242118427,-0.070981499,0.079070132,-0.1771815,0.431808451,0.682900479,-0.11518524,-0.140343257,1,6923852238,3,2,3.8,43375,13.9,394,207,197,6875,229.6,2004,0,20,233,756,417,698,425,0.473061071,0.446461497
-0.010061396,-0.09716057,1.130953312,-0.112522187,-0.216374417,-0.29819818,0.245946281,0.169139904,0.215611444,1,6923844220,,3,3.3,43036,13.79,385,202,183,6275,263,1492,51.44,19,212,757,417,698,425,0.513802024,0.493156702
0.294713371,-0.440153973,0.278244808,0.211890685,-0.25582279,0.435381348,-0.72300276,-0.112754096,0.222085381,0,6923841359,1,1,3.5,65315,20.93,885,57,57,7087,0,0,0,0,696,753,486,1113,545,0.511866524,0.477635789
-0.489988474,-0.237105358,-0.563548307,-0.148170342,0.089743198,0.438024352,0.243232909,0.009224822,0.222532951,2,6923831732,7,2,4.6,46138,14.79,464,225,177,6435,0,0,83.99,2,198,775,417,698,431,0.503379298,0.485067304
-0.857891634,-0.126314569,-0.557316433,-0.049447055,0.003913867,0.430438847,0.239847797,-0.180582124,-0.140685725,1,6923662174,7,2,4.7,45944,14.73,459,217,219,6966,243.6,0,0,31,224,770,417,698,429,0.537740966,0.507963557
0.715701621,0.033181073,-1.467836759,0.494108875,0.207809717,0.440235284,0.226703927,0.279262916,0.04077495,2,6923650451,4,2,4.1,44660,14.31,427,199,190,6478,130.4,5668,61.8,14,214,759,417,698,426,0.575888908,0.545665705
-0.931006482,0.757088517,0.433080172,-1.113263035,0.23954127,0.440575762,0.195220004,0.429558702,-0.131778048,1,6923571354,7,3,3.5,45104,14.46,437,229,214,5854,38.3,9834,0,22,237,757,417,709,429,0.515466703,0.486323499
-0.605468439,0.12457553,0.311945012,0.081964811,0.206835461,0.430438847,0.239847797,-0.180582124,-0.140685725,1,6923512631,6,2,4.4,45400,14.55,445,209,219,6585,136.2,199,0,12,203,784,417,698,433,0.490212387,0.463059358
1.586927357,0.470272616,0.273219647,0.37333479,0.174950005,0.442886868,-0.154244857,0.316168886,0.227526884,2,6923443435,6,4,3.1,64137,20.56,860,197,131,18090,31.3,1071,0,22,707,784,486,1113,555,0.666003954,0.627656542
-1.18898006,-0.339406023,0.28752613,-0.126926005,-0.224647336,-0.07020075,0.203098476,-0.131875084,-0.180680981,1,6923432743,5,1,4.4,45400,14.55,445,209,219,6585,136.2,199,0,12,203,784,417,698,433,0.4902124,0.4630594
0.962496073,-0.853424001,-0.654721062,0.300322457,0.128552819,0.431167854,-0.21006536,-0.094364129,-0.17330941,2,6923419162,,1,4.6,46138,14.79,464,225,177,6435,0,0,83.99,2,198,775,417,698,431,0.5033793,0.4850673
1.283924467,-0.410225601,0.274999877,0.598906739,-0.343977362,0.314467822,0.004653756,-0.187860773,-0.031832077,0,6922251457,,1,4,47920,15.36,508,209,223,5987,18.6,0,0,4,256,742,417,704,423,0.455309,0.4318936
