"concern","att_wld_unfav","att_nm_unfav","comp","norm_control","aware","past","appreciate","social","id"
0.937313365469928,-0.00973853582035652,0.271227142734418,-0.00142522904428844,0.138149063182396,-0.273775695192487,0.249223103578742,0.277467235771457,0.00349349554204633,6967500969
-1.22314188868677,1.12803515935878,-0.53791398227307,-0.033936138720067,0.300759467701308,-0.249867382346036,0.21534165373896,-0.15463761850238,0.0430831356307151,6966018516
0.928581048609201,0.91724909989478,0.435496180784598,0.0266540920145788,-0.171931358235584,-0.309050890553602,-0.726119898101029,-0.235683006103765,-0.0737885321801327,6954002510
0.478270180828983,-0.0182021895360901,0.253195727996547,0.364744449412074,0.144779085947826,-0.252316158066022,0.224228442068417,-0.208299079861816,-0.0849306227433746,6954000142
-1.46823546813206,0.0659357177008874,-0.157493056258573,-0.366927175928301,-0.0875105200038457,-0.307012745759118,0.171987816595607,-0.0917611143086041,-0.148541562102155,6952091365
0.09765453638248,0.40129288519314,0.304018770616216,0.022976488948753,-0.104634099861316,-0.212027729436905,0.203574875038485,-0.0508557641049528,0.213602899345252,6950969532
0.622227988179818,-0.597554999733623,-0.642640463335228,0.236643028059739,0.116892886959905,-0.282390988928125,0.239966485042863,-0.131468530799827,-0.148894719710886,6950966877
0.957022931139294,-1.00593432638444,0.25813328738655,0.246522943154644,-0.25860249104697,-0.220876780065751,-0.308189425031615,0.221982496762255,-0.142320777008342,6950963846
-1.61200893501427,1.28004268981067,0.343692331403939,-0.888017218949687,0.177587634023632,-0.301737776877232,0.246992880988388,0.174400614884712,-0.0801105157199067,6949522020
-1.32307671022688,-0.607061437251844,0.296351697225799,-0.294020141265021,-0.366765595695738,-0.273843600694188,0.237065830219471,0.334069426974997,-0.0774663289207049,6949520595
-0.268121052566107,0.0973110308096794,-0.538395777188932,0.0325072818077953,-0.125433582041045,-0.30818592995375,0.00316077544144512,-0.215990065350516,-0.0683148397576104,6949519165
0.241915846133594,-0.31943657706393,0.31683600247207,-0.0211968097698595,-0.532098233764532,-0.304194132879456,-0.686489593293495,-0.107763839855891,0.148196934171504,6949517026
0.724720707611689,-0.611747408439457,0.276275311294457,0.387543179741743,-0.370756405520009,-0.304038579779799,-0.683777070708221,-0.00943727310673769,0.0285973315405222,6949515466
0.955606587254637,-0.668076709458692,-0.574953045596961,0.417829064136009,-0.168316313264828,-0.0574812014008081,0.034799925839089,0.147424528483825,0.218600537040421,6949513982
1.78947614672446,-0.370867993806857,-0.565100238779801,0.217047327484865,-0.0193749715635983,0.208591321582195,0.249034492234531,0.253390776769495,0.11306240916165,6949512250
-0.20356818504564,0.228254554888609,1.10353138531151,-0.0371903827238969,0.188968668959079,-0.304920581352486,0.198468155009851,0.0328120099276152,-0.146771533754019,6949510004
0.503219860599394,0.229385673437763,0.307691474592853,-0.000605317071034974,-0.190621256823174,-0.109840018280371,0.205938762016316,0.0201830215478797,0.0473448575846134,6949508507
-0.14245597185592,0.429589333265626,0.289751131796543,0.0270240436813698,0.0558529633053494,-0.250661122685309,0.171507283380997,-0.106958579920923,-0.0833891678130297,6949506509
-0.323276883405105,-0.0133426095697784,0.305235194999356,-0.0883070492833914,-0.26335207077656,-0.139532775740799,0.228099114258135,-0.0498859851559821,-0.0641420964665335,6949504595
0.729360521195863,-0.0513004322721164,-0.475646049473629,0.184491363325842,0.23485419866038,-0.0980499181631899,0.18219517118869,0.339222992531118,-0.0359013071081686,6949502871
-0.829624412011313,-0.728019581815653,0.820273686357912,-0.667739878136382,-0.393837037713848,-0.190199590448113,0.181576254066812,-0.106428325018919,-0.147304136764368,6949501136
-0.528142988126707,-0.0768722884975548,0.300222418944646,0.275712521160049,-0.414885250669314,0.323972002927448,0.208646924757856,0.121196836482529,0.158090506105666,6949498386
1.02041154757012,-0.152447232029869,-0.962933096362628,0.594361132498287,0.135743354656126,-0.202661606421831,-0.725829033310665,-0.231452583516786,-0.0833343698565465,6949496064
0.127918604624473,0.979054264229584,-0.602436470573464,-0.166512295768447,0.50901070182109,-0.281811526894961,0.181725298152716,-0.0944776640891115,-0.148278747257445,6949493789
-1.00475871883401,0.895045148197668,0.383944870509218,-0.965504842671496,-0.378525638438193,-0.283817257160706,0.155368074337741,-0.213867427976384,-0.149973788439273,6949491780
1.16927137051809,0.448882203421049,0.760795187991977,0.130219782290628,0.498324712323581,-0.0957552998631426,0.24540317378014,0.0946551925069213,-0.078673099392108,6949489833
-1.08268593984483,0.522742575396796,0.375522966959016,-0.547832186930732,-0.0643893388971563,-0.163274038310672,0.243080238311658,-0.00760949296025724,-0.145639897971721,6949488002
0.233984315198646,-0.188998811666358,-0.546571441854224,0.0315339276703374,-0.133175949578965,-0.275612474703215,0.239020957278401,-0.152392226684102,-0.00265860659955445,6949485959
0.820025050696393,0.125149987493419,0.306487165009612,-0.160714839220635,-0.132111783337236,-0.136202731914674,-0.725662829873571,-0.228560498422928,-0.0824624990059239,6949478309
0.260318043403613,-0.166116020851968,0.293726520725844,0.0519599381871941,-0.238883666429183,-0.306591803112396,0.159553112787924,-0.0406332979652163,-0.182272158026342,6949476839
0.775808311324797,-0.337501234772315,0.28820868432002,0.216536501209964,-0.304587642230569,-0.278797498364187,-0.683156394191611,0.0114211517730449,0.000910752597367871,6949474644
0.32913094683493,-0.106567587220752,0.252066117996061,0.0519180445588929,0.260179638482239,-0.131301276612426,0.201012164986384,0.13782822808947,-0.0784394079845765,6949471920
0.0688192960841504,0.339553664050767,-0.494813576469836,-0.34930165445244,0.261508118376405,-0.309191776537196,-0.726095448903145,-0.236088447715835,-0.0847319341506168,6949467324
0.0204006837102648,0.364990244025896,0.318283833867659,-0.529631731636032,-0.0243894213252733,-0.309027054520864,0.200696922918754,-0.213755169910739,-0.15034965116399,6949465030
0.544202566424141,-0.00405086150946527,0.212864675021108,0.193309034298718,0.110353357433883,-0.198221453057086,-0.707444040926983,-0.0258558799727366,0.00141866032655346,6949463084
0.0834117137643052,-0.0757797306527374,0.228953074132634,0.272945013624088,0.419099043546933,-0.187917191001207,0.19688779646663,-0.0302297503359286,-0.0644230966332124,6949461204
0.128026886815245,-0.279334478252258,0.302945052400086,-0.0913949464172027,-0.330094559639636,-0.272550722143054,0.225233177773035,-0.125634307419017,0.211747881175596,6949458706
0.548942889723099,-0.0152443372323704,0.29473950833959,-0.106534687156302,-0.0976772434747073,-0.30906110951071,0.169070179191625,-0.214599235232145,-0.15031864916201,6949455558
0.28601207972141,-0.604568443245684,-0.187432139697645,0.0509986355551514,-0.155671463142516,-0.280750657581221,0.201461103273191,-0.16021469974364,0.0255163621702754,6949418183
0.370313175719786,-0.374863147270772,-0.621259800791768,-0.189612366930659,0.16081134303694,-0.283495069691902,0.156536866787271,-0.169183346543497,-0.183816413343449,6949416279
-1.09676757820552,0.231846371752543,-1.46410987211799,0.0782006672986316,0.36528937230302,-0.277590727724055,0.230044907318383,0.0492054270238743,0.000210062418130215,6949408889
0.180451210792682,-0.289104826549917,0.294408118171224,0.0133576058176218,-0.284914990092579,-0.100931798424759,0.245101739751204,0.0990746605756052,0.0485298105688685,6949405911
-0.482493727435849,1.21534417027102,0.310845057859577,-0.470538155360279,0.374891230332479,-0.301398033477799,0.245793192729093,0.134621738903018,0.00111149809421816,6949403352
0.858923949539489,-0.414009926842395,0.269790821045005,0.109762964888018,-0.0755143248858518,-0.28111523774978,0.201524372112702,-0.161263888367652,-0.00280261771143393,6949399112
-0.0170436741972178,-0.278704816322906,0.329032842040202,-0.275004042371168,-0.544370520615987,-0.310469101032556,-0.725873783421942,-0.239764331500193,-0.183948868602904,6949394536
0.784567577236229,-0.259672105040336,0.280878807992026,-0.0972190316668542,-0.0401106085084325,-0.282944019334542,0.192525187930978,-0.210474493204973,-0.0853009794478391,6949392066
-0.0462277481474725,0.578128942393015,2.07685422234804,-0.42787910948187,0.0810159191171123,-0.280592232026132,0.154808407040241,-0.204586452281181,0.100531943304121,6949389471
0.462855460855788,-0.710273174024831,0.271871886704711,0.161554172176658,-0.268781852813241,-0.186627488548704,0.192580579973159,-0.203296809031917,-0.00220987339346982,6949385903
-0.888079008883794,-0.240618984070983,0.294140539218338,-0.0829714133224561,-0.263928555184954,-0.308022301346835,0.155122060432968,-0.211934470757395,-0.0684637992615941,6948985749
-0.0735289441746726,-0.153268552649643,0.293832369631992,0.0313160916895812,-0.239909908091077,-0.307988227386241,-0.72234008988757,-0.09098906796353,-0.181796551442159,6948796897
1.08014302217926,0.237094835151781,0.310040333811581,0.411559567754261,0.197614618274149,0.0110622165757534,-0.152131603300744,-0.103808897351728,-0.0686916332359943,6948796210
1.43140676091615,-0.164349670895919,-0.611271180648848,0.526815627543714,0.428566346395286,0.050694357323751,0.245217998328946,0.116855951902925,0.21922657658401,6948795512
-1.29603847240483,1.15009153992245,0.311927136590948,-0.0700071010201776,0.109099487439363,-0.305771018683854,0.154731375327791,-0.205455730652655,0.106405910994436,6948794673
0.532089222340527,-0.557942398473801,-0.718252857279172,0.688503621943751,0.770543518101555,-0.222002265096447,-0.723551041410372,-0.0951812874129264,0.214119654387919,6948793617
-0.978389697815131,0.595483620630522,0.356780819990937,-0.40589686751145,-0.463258457306549,-0.309224738117626,0.0171088942001017,-0.218654829825265,-0.150169689658026,6948792859
-0.354712009463424,-0.145401777501663,0.287861062918216,0.0474239694954883,-0.189410951263186,-0.300301845541247,0.242949873428079,0.0429854143439287,0.213786379845715,6948790989
0.373407173023969,-0.0183619640810509,0.757379635685472,-0.000716858214753962,-0.218001973542046,-0.189038798511653,-0.710533848360232,-0.180545708587399,-0.181605724760072,6948790357
0.568809538549444,-0.471244400121889,0.263923389713105,0.301758719258349,-0.137482989982586,0.129152010426564,-0.722737579371104,-0.0871829805913268,0.184138809387265,6948788893
-0.917985278194307,-0.231162305200696,0.344721934592361,-0.508812818621406,-0.631572199826436,-0.139138046277619,-0.72567017064393,-0.228688234244183,-0.0825010072570711,6948788159
0.00146325489766433,-0.140266050776689,0.348727246528401,-0.456997518247017,-0.62054548478415,-0.281997187070173,0.156276925892582,-0.164872740695036,-0.0674674961833595,6948756355
-0.35618082133462,-0.00226442166740276,0.285498221256967,0.0134175228321676,-0.0851919364494966,-0.152981876669139,0.245638817220628,0.108127774141336,-0.0791962452936077,6948754791
0.119564683548878,-0.137747481411932,0.28931653979452,-0.031511811041521,-0.14392032378554,-0.218201741559091,0.223099234971451,0.178071701786319,0.106686558537479,6948752656
-0.439085311985179,-0.380915087104717,-0.593388962049318,0.154493155482752,0.224425576939959,-0.276506380105631,0.237747701082726,-0.205998750345161,-0.00343412692504971,6948751048
-0.480016903942715,0.741361509822883,0.286000188628003,-0.154617808349976,0.302679249657912,-0.162702033162627,-0.362678894631276,-0.0846140453899119,-0.145900241340943,6948748993
-0.112064371201887,0.165192829006691,-1.4929277509777,0.221533562708148,0.0593185485685969,-0.223727674219556,0.243881860382086,0.0299161590401819,-0.145860416795309,6948747287
0.804400261117716,0.419895687263313,0.291174580898841,-0.0275541131766533,0.10411948727218,-0.0733543719242235,-0.706255867490773,0.0164930725575309,0.00358313945980216,6948745823
0.416394430043044,-0.18383743174049,0.214109633049755,0.319167691105322,-0.0461385123400492,-0.247756618002788,0.202465488459159,-0.103942219537074,0.147734632291176,6948744309
0.54462538963839,0.792492856726116,0.38452636622214,-0.109098469676622,-0.183165543532975,0.132621474395385,0.244453224988875,0.0319448717147586,-0.141377672106063,6948742656
0.168480202223194,0.183197883240205,-0.561965047676715,0.217863105293865,0.109986402794083,-0.219715878240049,0.040947295892105,-0.215391772203562,-0.183520563589279,6948731395
0.253755374802073,0.413833201475287,-0.0811258348991486,-0.0594579185923916,0.0771099903395573,-0.278393082600053,0.238075117348392,-0.21142830182589,-0.149984857299371,6948722483
-0.528923265488163,-0.000765436228208038,0.288912458124152,0.00155541219771349,-0.1253077075771,-0.305195314514131,0.202685055050921,-0.107937256817961,0.0197551800786891,6948718920
-0.869590945923356,0.0306422883310412,-0.598414719161901,-0.282693489877004,0.065211293931904,-0.306435716434658,0.241632432297978,-0.0597686447403451,-0.148172910124821,6948716744
-0.670991760586697,0.014687069925432,0.272219243849615,0.072820172257345,0.0297928037413833,-0.301521600929524,0.219978350040186,0.0516968962171563,0.103843274546937,6948714093
0.976858641671481,-0.788434935085374,0.229680222071025,0.19054903693291,0.183463439896297,-0.276635612399191,-0.711163255217655,-0.177751066962942,-0.00172719193696929,6948712233
-1.40388638534155,-0.216818085755448,0.304833994678575,-0.213666162983449,-0.336132924338969,-0.310010026574703,-0.712185605557974,-0.238118490126481,-0.14945480134323,6948710186
0.47349969177447,-0.325846326024409,-0.565317809585202,0.167111061759746,-0.033486720240338,-0.228769248263891,-0.719867997634609,0.0236545086605923,-0.0629030585283009,6948708312
-0.334583650842614,0.102245902500223,0.330343788092467,-0.0670523962574824,-0.507601056061892,-0.278092955386005,-0.711198003512406,-0.19222246165425,-0.101100303987815,6948706493
-0.301249658783036,-0.293210377958553,0.309335131786784,-0.0216199883061817,-0.460481843525772,-0.0793733134873813,0.242513062157117,-0.0281633543095976,-0.0802195562193879,6948691653
-0.0802311711334106,-0.211627805967963,0.266862271227511,-0.111884999756793,0.10662652150731,-0.300652659494701,0.164288014147225,0.18245383653148,0.00191646840778368,6948681806
0.124257103089309,-0.160879973592873,0.293769659955005,0.0435464395765149,-0.239301916138488,-0.157069463124165,0.159290746414581,-0.0609435881996601,-0.180692951885191,6948655563
0.292188219322702,0.419407000350872,0.310229473497082,-0.133894345827197,-0.0842433696858592,-0.275946585306321,0.214109745729483,-0.204942987422478,0.0420399071469338,6948647714
0.198490306627158,0.0812982453018079,0.327552840982478,-0.0386816868279728,-0.474385241645477,-0.189109882776702,0.20193570340283,-0.149621673051222,-0.00148669138930777,6948511119
-0.207241375687844,-0.605953104383026,-0.659654177277224,-0.252021990820946,0.498132133431935,-0.269977200676212,0.250062486227292,0.293262879433177,-0.142683539429193,6948510157
0.710780000395609,-0.377135485267332,-0.087519382527663,0.336608027314664,-0.357013931486156,-0.25877879534551,0.214666028009921,-0.212460930065247,-0.184205866918128,6948509307
-1.29252939650545,0.019513851509236,-0.685604602315333,0.0819818003471995,0.274192151224037,-0.277312274489875,0.244185689675967,0.065382465646717,0.000425285952488509,6948508205
-0.527917825117037,-0.00485272117948977,0.29664860903821,-0.0380639814215418,-0.195686599505894,-0.309520183968563,0.155382001327657,-0.216245076605856,-0.184812716421684,6948507689
0.905169868431251,0.329156994688875,0.324696600186174,0.108052151766042,-0.372704239138681,-0.301724523194046,-0.707803433654574,-0.00633339764010234,0.214371167945213,6948506700
1.15622439177226,-0.334048662313976,0.311372592790566,-0.0226992150707908,-0.434681691957678,-0.274756962635372,-0.71905033223015,0.097767294760678,0.216211456201372,6948504619
0.0674419123857016,-0.295468746091106,-0.566208925612514,0.0799288195146758,0.0123750620038068,-0.301578051969253,0.245536778953137,0.123826227996068,0.000955320495659835,6948503888
-0.383883342690014,1.12087960729007,-1.28363799277357,-0.148182244664084,0.588059817562217,-0.30907593165723,0.155304906272544,-0.214966607529811,-0.150305155802656,6948502762
-0.716689550711165,0.220013666011055,0.327551074382448,0.0424437348115646,-0.494266267826844,-0.215998636343158,0.202323517510043,-0.131613173884786,-0.0015659856699743,6948501935
-0.60540834257105,-0.0802132716887445,0.657273149594464,-0.106821091289355,-0.0528520389245852,-0.190993963416616,0.242284152747316,-0.0394454367041617,-0.146440286924267,6948500862
-0.0587088974610096,-0.274381496284401,0.325734607632723,-0.265267858921794,-0.51174664314548,-0.251552894915655,-0.365137199957784,-0.16899937897012,-0.0443305891714202,6948500040
0.181795683158854,-0.998485377973518,-0.629435384895226,0.130871572947472,-0.174749193682146,-0.220248783891185,-0.676389465050065,0.273647313232154,-0.141068262382511,6948499253
-1.46301352849279,1.18869710536234,-0.571294615536723,-0.440878401350102,0.305035416126978,-0.306481894987451,-0.15102819758005,-0.0476416712703348,-0.147460226765145,6948498376
-0.574664039406353,-0.0846664122360742,0.325106672950858,-0.469811420478305,-0.349963223022159,-0.224129079045807,0.226551161420573,-0.101348072991226,-0.00126841389555928,6948497545
0.124333499622916,-0.155734233637029,0.290410168264353,0.0447315289555955,-0.199716918383883,-0.164688851564066,-0.725509209409791,-0.233420424992698,-0.18203638436283,6948497011
-0.66277496439084,0.295506231017231,-0.0755039696769205,-0.189221392468251,-0.0175400809122714,-0.241474106439764,0.233583273814693,0.224360406400486,0.217126686048799,6948495759
1.06631900684372,0.085192727261922,1.11214365551389,0.418660999460956,-0.127227462255499,-0.190293539814192,0.229951109959483,0.445774037550575,-0.0355973339447563,6948494256
0.749795506509559,-0.0730515404511346,0.297644218476993,0.120369125417891,-0.253184847012444,-0.272156876819668,0.225794161068118,-0.102015836616757,0.21208956727858,6948493327
-0.685100970728542,0.386548535373723,0.324796361538338,-0.543062747190841,-0.114188047019291,-0.30829787113478,-0.72482219270747,-0.182481924054776,-0.0839564138251215,6948492232
0.361997977690609,0.119870551755276,0.309643819997661,-0.105125170677407,-0.216912525476001,-0.281696017354706,0.225881046978419,-0.136831362270659,-0.0842788045003708,6948461651
-0.957646236196894,1.16260851176461,-1.40444848865983,-0.565736210899721,0.401950321968754,-0.282310003903249,0.237815660324192,-0.207579144897787,-0.0398945122196609,6948085949
0.335555591883539,0.9281753786053,0.392645952553492,-0.384374959089977,0.483397810780263,-0.278078614344873,0.246108922085259,0.127139829220894,-0.145153457904635,6948084829
0.86057637682124,-0.642735445770131,-0.612216315010675,0.646147876360484,0.151378010289001,-0.109453644081274,0.216355206021605,-0.12660993738807,-0.000181914735257964,6948083536
0.326682813495189,-0.441776175926228,-0.107023334082223,0.0800763134704764,-0.0611187052972071,-0.154756627059528,0.217344417549802,-0.0783775776592197,0.0282390511782804,6948082295
0.312614483325335,0.420866573698343,-1.38621465957368,0.312121144404645,0.100289277579752,-0.129129953717112,0.223865771660162,-0.192139316630717,0.212592160258834,6948080508
0.321180858941162,0.251579454632164,0.2817117990289,0.114290484806512,0.0498506185784329,-0.278472546353069,0.244216637990983,0.0559551522617396,-0.0815085889820347,6948077266
-0.710309221087182,-0.242633939235285,0.31529376310463,-0.256155343011884,-0.413958260905061,-0.147558562858171,0.203099196890871,-0.0748928819134822,0.214065932227741,6948076027
0.0200805201584894,1.27911859784882,1.2182268709714,-0.80929029115578,0.299807988732874,-0.310024848721223,-0.725950878477055,-0.238485862424148,-0.149441307983876,6948074916
1.83971877057295,-1.77559529370762,-1.6145086451763,0.831405399496686,0.397644770182548,0.255867878150525,-0.682381444868495,0.0392596474316911,0.221957961683589,6948071691
-0.697937883614553,0.173373843354108,0.31407768179823,-0.233820454072499,-0.231202952687612,-0.307115008530825,0.223905917753335,-0.207697470664579,-0.00382199227214011,6948070295
0.904594233830291,0.119060159522944,-0.162002291257498,0.575877954047859,0.0137615695274948,-0.227464862500875,-0.723745942556743,-0.103057429033379,0.213939078434214,6948068890
-0.21085961465318,0.536941412567649,0.319341303033667,-0.0724118708550747,-0.188242450528344,-0.279273053701723,0.180060069813547,-0.130929337720887,0.107767383824796,6948067454
-1.47428295731731,0.960998137925494,-0.571010693779977,-0.883057330690573,0.411711540453289,-0.297274961411964,0.239605441580312,0.442552244634979,-0.0762123842671273,6948065388
-0.167728470260951,-0.132742541917622,0.282834537270822,0.029365781981104,-0.110259580193377,-0.127441960532625,0.20490831777129,-0.0136142360885054,0.111307740749672,6948063980
0.379718408765149,0.245418409279416,-0.0900257411921186,0.191184658822338,-0.0072935076785359,-0.249710951036355,-0.683543175078187,-0.0174832475405489,-0.080922797205883,6948061858
-0.985908044288483,0.914920887348867,1.97601576989006,-0.12457973965897,0.0197623432849206,-0.306333746604167,0.238762888066833,-0.161367547857981,-0.00317054991664242,6948059293
-0.608239413018617,0.0510007954408588,0.202089467822501,0.426651551094471,0.673231645191433,-0.308156682759197,0.180114573568465,-0.16073193610332,-0.149552706959632,6948057874
0.852506004601276,0.338208970174057,-0.589765939906981,0.100684536935893,-0.00292281894458246,-0.183726766546842,-0.724055600759168,-0.157882359340892,-0.0820487133463465,6948056254
0.546022803579993,0.26415599823155,-0.0868440517214327,0.0578675982754131,0.0351860489709254,-0.186218038032193,-0.725563050598276,-0.234357308738159,-0.182318824748082,6948054705
-0.162063156343345,-0.708240701956498,-0.125725154909929,0.158649403187751,-0.0237510365482698,-0.265600344763793,0.24887727975688,0.290650682874675,0.217751427244631,6948052325
-0.870696178906189,0.117302088325643,0.210593081379963,-0.188590141707407,0.304227407037067,-0.29943043690355,0.251610574885899,0.360330262729946,-0.142095380391286,6948020508
-1.23352244186366,-0.200766258445932,-0.583177349037708,-0.07961912707474,0.26107165514839,-0.309050588161613,0.17884131737279,-0.214338459764379,-0.150328227285127,6948018409
0.185584903754319,0.0872702076079098,0.31744671725927,0.0380911682942797,-0.394485342176324,-0.303794644863796,-0.724496223114945,-0.129954821456914,0.212601557017539,6948016142
-0.290499463940249,-0.317724677776328,-0.563704130273083,-0.192957174075657,-0.492647801780134,-0.307424259315839,-0.725261452323001,-0.19024529818931,-0.00227123488261804,6948013471
-0.21252999458649,-0.175434404727049,-0.0848751534499901,0.0738499046074664,-0.217990587159728,-0.214157312829561,0.252232675339689,0.415159085287391,0.116286328746199,6948011547
1.68916544030709,1.07037324739541,0.287176120349909,0.129203680368863,0.395250999478542,0.322190597612247,0.0930674408800981,0.0880125026275543,0.222417430896109,6948008993
-0.0314802268546435,0.228497842860062,-0.538501191248536,-0.0179131340299254,-0.0333461793571227,-0.277370544902499,0.239697989166647,-0.0954854561748533,0.212098600969626,6947769197
0.623363610351848,0.069950692760237,-1.46227999891653,0.15489739732353,0.316567201920735,-0.146483951591235,0.2200576167139,0.0491817920549615,0.13404460936549,6947767101
-0.503490098764822,0.591587790556927,1.15710963606656,-0.30475954164352,-0.147029780952808,-0.251609116771347,0.170156984635459,-0.163808742439721,-0.0842116135440716,6947766117
-0.194349224475223,-0.243713453502336,0.245843541390067,0.213891234531379,0.171438593163174,-0.267319386679343,0.253848209111748,0.452649061153035,-0.140377715154738,6947764954
1.16769258181129,-0.903395802855762,-0.237375492357273,0.512993921753518,0.101720044849855,-0.244218466100659,0.250837927193081,0.324350111845403,-0.141918337843299,6947763940
1.74454037987177,-0.3058568180798,0.264776432797441,0.126059593972499,0.0599705110760332,-0.309648572568795,-0.724705043477662,-0.190558142133522,-0.183237007482506,6947763117
0.113777698459823,0.977935307712493,0.859220945456894,-0.357406151120506,-0.203114093197736,-0.281413247769058,0.0745556002566759,-0.114116948306697,-0.0837425659054884,6947762340
0.374451672247416,-0.299617561817874,-0.520869328502051,0.120137337245177,0.0732514173764801,-0.307006502108598,0.24081941965281,-0.0939980337258004,-0.148668103341515,6947730214
0.178482154041902,0.144574182464138,0.30263926088605,-0.119675477831327,-0.128644535194423,-0.304186627674658,0.228077029213602,-0.0320856920239398,-0.00128143387679846,6947728905
-0.400875134562711,0.160636288885611,0.327299920348424,-0.312175861573931,-0.3356053130049,-0.277715685598418,0.15647311407727,-0.167672708999127,-0.14923886138136,6947727383
-0.704714996869102,-0.234237276572903,0.771324601762076,-0.175190768528593,-0.434818722170009,-0.281036649263868,0.15631391426775,-0.154831352834596,-0.00264753773945658,6947725489
-0.837559113401358,0.250026882740756,-0.153392692065457,-0.0166997482870814,-0.191124328833607,-0.308986888878727,0.237998606938082,-0.212759649847641,-0.150386216005815,6947722323
-0.852422992811249,0.257996742066807,0.325776269202186,-0.107202763744458,-0.393505875929603,-0.274634316326244,-0.719042032978451,0.0504998742548334,-0.144878481420794,6947720880
0.574675931920801,-0.178429018075669,-0.626287943460881,0.142910279031113,0.154639135561022,-0.245042990485737,0.248332318232221,0.22734328370868,-0.0786470354517582,6947718708
-1.66043945219274,-1.5390951595782,-1.38664632133698,-1.59174162944127,-1.08933485812619,-0.308451731511648,0.168964428407163,-0.212845567535774,-0.102984853239976,6947716268
1.84396834625478,-1.74254275861913,-1.1709572156457,0.890740933374008,0.538406418526005,0.0207692333602072,-0.652205166797909,0.405070542175621,0.224205463619455,6947714118
-0.981451128809918,0.223925236361166,1.05121946624634,-0.204959878540615,-0.122556380360649,-0.308133149118448,0.201970179114429,-0.16014864624968,-0.149574130838494,6947711441
0.431156704567601,0.167801459652649,-0.551993602456461,-0.174349686665019,0.187478838275552,-0.212519688876087,0.199200917899291,0.0773219799426414,0.0014677129068414,6947708338
-0.721987441878489,0.329297275865485,-0.597266967763616,-0.20565238852865,0.151121331189556,-0.267471190862631,0.250617195608272,0.335831609587875,0.00440447980414786,6947706873
-0.857442664837697,0.52915011269768,0.312624493980055,-0.396291278601614,0.0076295967808288,-0.305100699769079,0.195196811430188,-0.085703415062444,-0.00201390321030594,6947704679
0.161266805538417,-0.0255312855176171,0.297875965977894,0.100107911872833,-0.252403522096718,-0.221769276224422,-0.71579968888353,0.183878229906014,-0.142315975982474,6947701473
0.685725180805218,-0.25478912524318,0.319360776293681,-0.400913260719452,-0.333802013546837,0.161912224774766,-0.725588030341188,-0.204788375805924,0.217355166075349,6947697525
-0.0317290321611746,-0.0685533909191527,-0.599554062365488,0.0927067752946224,-0.103636830949536,-0.279311908047831,0.162495256194505,0.0816762556525308,-0.180187252057432,6947696123
0.116525296189133,-0.188499614195849,0.312780035082829,0.030642228813457,-0.46006620858713,-0.277694017835611,0.22532668684903,-0.168984661369447,-0.14935202121308,6947392965
-0.859867117895233,0.0134028059264411,0.292385284230511,-0.0513079844923009,-0.148462650669984,-0.305926405036451,0.2020986219734,-0.135526552817102,-0.00274574384022045,6947391733
0.728911031359698,-0.0523132241735596,-0.102455518488502,0.134606921389218,0.0473666158129394,-0.227418549286698,0.215834235814648,-0.165167031534563,-0.183139572496832,6947391108
0.0741596267648588,-1.20407580381745,0.226385330644225,0.069849335977646,0.057907709699708,-0.27299301780565,0.179280785750793,-0.150438621284326,0.21145106070788,6947389851
-1.06136509023591,-0.11022272385937,0.281322909011498,0.0173642209348317,-0.118233725906749,-0.275022562932404,0.225662138291697,-0.13274776958786,0.0197461882117631,6947387994
-0.734250915459653,0.165923250468576,0.322301134591125,-0.256644097170336,-0.318131022979915,-0.29936690865744,0.244281573825744,0.099052550808169,0.214597497615546,6947387071
0.200033651002704,-0.517329921649246,-0.235021938764646,0.197954984873951,0.345981254382164,-0.298806726062144,0.249484185325137,0.290019594106691,0.00335962363973558,6947385647
-0.132770641895989,-0.981023343605787,-0.66109056880851,0.327605273286612,0.0832066017316253,-0.270822110104807,-0.69144288793193,0.23066100626482,-0.0776295761410774,6947384017
-0.7835669166053,0.0108556632321752,0.353090318031841,-0.510366543295432,-0.61510691541889,-0.307477342671019,-0.72365345276319,-0.133275734688104,-0.0832445527047232,6947382976
-0.510626238572643,1.14419311117441,0.82197524328488,-0.024846376206965,0.103970427851781,-0.281971947897655,-0.725505040324972,-0.198348208485849,0.0262308081212005,6947381248
0.124257103089309,-0.160879973592873,0.293769659955005,0.0435464395765149,-0.239301916138488,-0.30957519563014,-0.724600527226267,-0.186157807839133,-0.183173348277409,6947380629
1.66188311635549,-0.782093546482651,-0.625577156773164,0.683684979756158,0.2607742324242,-0.310380058254053,-0.643180082756404,-0.237557373818023,-0.184029928806063,6947379840
0.12406884163622,-0.17356045051479,0.302048344307156,0.0406260629832963,-0.336849917939722,-0.18561463881574,-0.710018599220529,-0.120600023373813,0.110309735569059,6947378928
-0.344418705528228,-0.146688792394429,-0.477328903716132,-0.247908313416375,-0.211543613502976,-0.188883987217105,-0.212328942143055,-0.146838317367022,-0.147323530821048,6947364981
-0.243687180838433,-0.123444342283492,0.292277951656391,-0.0771579230189461,-0.166104670037619,-0.304725954290789,0.241052986682228,-0.064950011442812,-0.00177568686421025,6947364123
-0.754777520232045,0.112020352425375,0.224413017145558,-0.670709345950257,0.0138162503996162,-0.223086979792878,0.223630799569696,-0.196228036408055,0.211359542450391,6947363268
0.122798585297118,-0.0399125286948907,0.297884293684493,0.0386305488709492,-0.231454656846293,-0.309471306832197,0.200774017973867,-0.215033638986784,-0.184857211783017,6947362650
0.907308579679374,-0.327308988589285,0.246654241747392,0.335627462009578,0.11873923169097,-0.119280490844105,-0.344937876823348,0.128236029963046,0.218075973127896,6947361706
-0.161290174712137,0.321489400422586,0.339989288194513,-0.197589809038222,0.1267652070672,-0.279479823514532,0.242429465117795,-0.0170420572310268,-0.0654418322136882,6947359283
0.451476004964693,-0.327192065632716,-0.567565074320121,0.166691311664101,-0.00949339777273757,-0.129999930356697,0.188896485354425,0.20834669120592,-0.0664628797031971,6947000153
-0.0746245348047659,-0.349184959951996,0.654803618060245,-0.238409796985917,-0.0547083872887183,-0.293416764539425,0.215512335180964,0.457289317547254,0.219831040753347,6946999089
0.138073682576719,-0.252620550212576,-0.630830691382696,-0.0431649400715002,0.241952238730149,-0.267681053972649,0.245913570303493,0.165872840459927,0.215946278424016,6946997925
0.187425244671761,-0.158162199796688,0.290390164512788,0.0486328860099241,-0.199522975111367,-0.04279966199237,0.224977270517043,-0.202801867188162,-0.181382162972418,6946997286
-1.03001044025959,0.987519436266248,1.23963710532013,-0.444810126583998,0.293019421766864,-0.00982561280800932,-0.719341918311638,0.0553612250539002,0.115034686847811,6946996370
0.972844690627162,0.384497277800173,-0.193155632769028,0.320827313877135,0.238390527928979,-0.281841511887781,0.237734358737613,-0.206230918813486,-0.00350411826811105,6946995349
0.477924256651361,-0.312066530401557,-0.570954200890572,0.0116082094311037,0.109547544981508,-0.0601423200718559,0.243942794209045,0.056248282436138,0.113093755427216,6946993526
-1.63329775235828,1.31119353823766,1.22340646099253,-0.797575255846965,0.174897843383616,-0.306108319007606,0.183032210972448,-0.0378938151797791,-0.147775619899778,6946896808
0.335946093985914,-0.177975336881076,0.293684078706002,0.0991401353525239,-0.262321419763694,-0.192225830545719,-0.634486020055277,0.173710153129264,0.218212158109318,6946894306
-1.21495916177302,1.26163617709732,0.321447382972317,-0.680415375822656,0.340913677278938,-0.28206461430113,0.241141241574379,-0.0865333500962911,-0.182733711986517,6946892816
0.176248912031603,0.250454700698178,0.313354413745744,0.0591343869541474,-0.288412257595977,-0.30826313911618,-0.332985213530491,-0.224140638146341,-0.0458717374601318,6946891262
0.999418610344632,-0.197871119400287,-0.600806458631844,0.123201102516409,-0.112909953405314,0.1678468970057,0.243624693781156,0.00338824035148367,-0.0766798044311483,6946889776
0.899926965017766,-0.0723221043656316,-0.606734266787884,0.453930318248037,0.427270853990472,-0.131867946170449,-0.721341547399039,-0.0552486793605487,-0.144601934849404,6946884857
0.881438381639902,-0.270593113267433,0.259410634557143,0.105885792010668,0.106220800002739,-0.200450387644559,-0.211869799849127,-0.118229906750358,-0.0823954022721226,6946883630
0.463291614134149,0.146232962381822,-0.236353338152992,0.0782442519510482,0.135241490963138,-0.068474353661451,-0.550431370313839,-0.213931754281437,0.110220781302793,6946882172
0.951669040740519,-0.711826245618335,-0.54218571344669,0.40276200936395,-0.550135043293376,-0.183391836031393,0.169134797336204,-0.205110887073682,-0.0385282688844165,6946879942
0.0524956765455969,0.465633026011596,0.32851935365793,-0.462422354703712,-0.126857079965078,-0.25832402168508,0.224360071135973,-0.210921685521437,-0.149707884422218,6946742831
1.73459600749496,-0.347490964758859,-0.578958106629007,0.218528888556966,0.143949262368909,-0.162848429359758,0.243216519179238,0.0174531566503312,0.0011725092308626,6946742021
0.749766465137658,-0.202075376850916,-0.648670908267254,0.377024890344613,0.294745130090363,-0.307125529879922,0.214134779572169,-0.207958246132345,-0.0038124141490225,6946740972
-0.300084685061635,0.381617348712849,0.365022989009149,0.104042648302836,-0.278379952615072,-0.279409051700209,-0.725676649968725,-0.181213369024981,0.212175470272609,6946739593
-0.423401472197738,0.405773760332568,0.349872191623586,-0.283058041369296,-0.499693573840542,-0.306762532782103,0.15726887566059,-0.123795629558457,-0.0843115035276081,6946738484
0.102859854588601,-0.133863792678625,0.280041960136432,0.0227004914622557,-0.0638472495214852,-0.249528630245727,0.160707393602735,0.00903824919493912,-0.146366935622635,6946737162
1.79331057287193,-0.231615446305091,0.279468097189585,0.282308033711859,-0.145365814866294,0.173779126688188,0.200663702317198,0.143330776074646,0.221204818028339,6946736097
-1.1590037058258,-0.50228838970459,0.273827403849112,-0.175794408208151,-0.115699641725681,-0.275058836884571,0.160423857079134,0.0462779705095744,0.214262466617354,6946735108
-0.595850260494525,0.131428531527771,0.287366549309456,-0.00541265131721359,-0.050718674632503,-0.305163119407136,0.206910490934277,0.0433236217632879,-0.181119582605312,6946734321
0.587124242274822,-0.741074021390505,0.20913393012949,0.633492107193182,0.209459000965437,-0.268100246949195,0.245316482453784,0.140734298780849,0.215582601604592,6946589637
0.0880382457292877,-0.259784560507063,0.310049893631607,-0.23307625467817,-0.336935866681457,-0.303270847674381,0.246140391134149,0.130025053366251,-0.145427183290095,6946589608
-1.45911956643739,0.629082384614925,0.364321540314175,-0.563298276477314,-0.481485620173087,-0.156635569895756,0.240303356713677,-0.0774433638814982,0.213864856076808,6946588901
-1.0078971337773,0.982932714844035,-0.491158004114646,-0.354542983727393,-0.128708599320578,-0.309012232374344,0.214462195837835,-0.213387797613073,-0.150363144523344,6946588875
-1.18551226804516,1.21206620503589,0.302365212384987,-0.304223232764194,0.35907183038384,-0.30957519563014,-0.724600527226267,-0.186157807839133,-0.183173348277409,6946588448
-0.316840727203418,0.507939310574262,-0.0705423459800732,0.0834415953173463,-0.0950006067992544,-0.274565955956342,0.00385285761566702,-0.165193424039798,0.112313638848587,6946588193
0.00277690484230047,-0.141847313912564,0.298018898529711,-0.063962073480949,-0.233913656814887,-0.280757896584566,0.181542452313141,-0.0914455273166959,-0.0664373907163829,6946587636
-0.796056740742446,-0.230116187807053,-0.044569666839172,-0.0979683098232976,-0.0623594971461004,-0.29968941312564,0.24991051839237,0.297238735808252,-0.0783334286600523,6946587356
1.04094416899154,-0.355504366214045,-1.45029078598473,0.445690719344425,0.459588471117378,-0.0693048878071906,0.158342245428698,-0.101794405595078,-0.145694720880731,6946586671
0.166884391427233,-0.141836229714655,0.274402356901053,0.0954795538827409,-0.0350120806215747,-0.279316333188896,-0.6883001109747,-0.17706631120706,0.212184498418698,6946586125
-1.29003567723326,0.422723506613678,0.366794484866011,-0.471632755714618,0.525419297833421,-0.30759560496613,0.157413446086681,-0.126193044266769,-0.149020877360867,6946585546
-1.27412812809402,1.25506579568379,0.334542677557284,-0.74165775588941,0.216435711743238,-0.283728214382203,0.238061775003279,-0.211660470294215,-0.150054848642432,6946584969
0.782567582955203,-0.705606597632252,0.253280730183678,0.402434030513978,-0.155952707013564,-1.23380447125509e-05,0.168014684512905,0.349175652877398,0.2220189888175,6946584818
-0.807239293900242,0.0388655061783134,0.354019898840075,-0.51291189905725,-0.613419937662881,-0.308193982336837,0.200552352492663,-0.211357755202427,-0.0856402773307303,6946583955
-1.159106289549,-0.368920906601755,0.291416451186374,-0.179652452376489,-0.255069620322626,-0.308583573841431,-0.513103188599929,-0.160052392301381,-0.148595079259099,6946583813
0.0134269638943525,-0.58725802511188,0.299162074057516,-0.136768222553095,-0.40367377004725,-0.279656351523859,0.227978948736675,-0.0433601506437173,-0.0437019731172223,6946513673
0.489655639777646,0.825300501245141,-0.152664819146016,-0.193045871319581,0.191250970729367,-0.282218668174495,-0.723590284697993,-0.132176555134678,-0.0829131853413402,6946511637
0.0852570748961363,-0.347398095762206,-0.53628885279239,0.0959840579892614,-0.354502091355745,-0.224999025782917,0.200421804735115,-0.202285735654215,0.0648318835585414,6946260193
1.78792577051263,-1.00771361938998,-0.719149519657462,0.417486095923597,0.1920240323565,-0.22728238521702,0.156418144798439,-0.125500724647974,0.212410294900583,6946258184
1.75156781222857,-0.511302202606009,-0.749337471463025,0.589385569923075,0.663764088829252,0.26117932243582,-0.319465577046653,0.344298037307592,0.225884645492956,6946255870
0.0873836985636123,-0.176021646502285,0.259377726529711,-0.244084613169013,0.27630985296715,-0.308971218410828,-0.72613372431663,-0.235453725651732,-0.0675999514428142,6946253329
1.02847930279069,0.163176897842211,0.27613849759595,0.620951372341639,-0.132049850782956,-0.155328931946745,-0.725609404372717,-0.186057624736924,0.213657209886157,6946252003
0.505095635445239,-0.694188531806509,0.169715352500121,0.454148107891988,0.175856606223882,-0.271708626998008,0.241507974708299,-0.0280952756596714,0.14846547002333,6946250964
-0.166095267282573,-0.135397360808047,0.298487702852368,-0.103919776304101,-0.225233723149703,-0.306292615197637,0.24183626207253,-0.0511870209716912,-0.148048760614578,6946249196
0.0604807521743351,0.852921176631869,0.381508921493673,-0.314393277151173,-0.0482420710469133,-0.0379387253873219,0.205424698409031,-0.0167352226643268,-0.0340678388017396,6946247015
0.195584015010633,-0.305025707953556,-0.512949235056443,0.0808636009884475,-0.00806379559977082,-0.201443254095104,0.200780492671659,-0.206087168939274,-0.0671107303288575,6946167103
0.285938136417378,-0.307858504890527,-0.567982997277837,0.125254537292274,0.0155879334205484,-0.294563402703728,0.251123565942579,0.387113518856663,0.218764847416401,6946164683
1.66459305180978,-0.684209107956112,0.250154055101553,0.681289167856166,-0.202989684411892,-0.107709727309047,-0.724536234004207,-0.143775252588243,0.214855259596053,6946161348
-0.923700098191339,0.0407015153934121,0.28208320906627,-0.094339279178427,-0.00302262738242008,-0.278540962809978,0.220266442038748,0.0401520602352343,-0.0645822516854728,6946157221
-0.799361474291419,-0.396034778059312,-0.522485088530247,-0.269035510245159,-0.39923617259975,-0.30482031603506,0.241667189943307,-0.0438620567175242,-0.0378414987862606,6946154289
0.747034735629493,-0.309468913019689,0.283099418912408,0.126229896606154,-0.193593496457991,-0.194821164917499,0.249140911875655,0.249771979157582,-0.142364318546427,6946149478
-1.26899758281619,1.10633651530324,0.460401142441919,-0.189300833159174,-0.369280173143752,-0.309520183968563,0.155382001327657,-0.216245076605856,-0.184812716421684,6946147157
0.122309709671275,0.197042804728548,-1.3949226049039,0.102773148571286,0.192339877961312,-0.222358270735396,0.238412914908498,-0.153049651356279,0.211965391817974,6946144634
0.67192265233533,-0.837373660866413,-0.54806172514446,0.12075025184849,0.162009997502293,-0.228846221475713,0.228166677181092,-0.0377733750830701,-0.036786206851366,6945891488
0.0957235782884326,0.388714856434786,-0.596828156966975,0.00820886529775127,0.107911069968467,-0.0743039350415975,0.0497790844973003,0.199993496270478,0.219120915762972,6945889965
-0.0297879235638101,-0.154951842876438,0.293818501185197,0.0340208724686134,-0.239775448714912,-0.28245803282736,0.240580866198347,-0.110126226342529,-0.183075027815566,6945888906
-1.64897714155398,1.45737964442898,2.07846035240866,-1.06480925250289,0.668892875532276,-0.30057235153246,0.248652883307222,0.244289890809106,-0.0790994344127843,6945887634
-1.31947250781764,0.254008598780984,0.32583644259141,-0.496085085189892,-0.233760681520417,-0.308182026254814,0.156578162468219,-0.161360083868751,-0.149529635477161,6945886504
-0.699384704463433,0.445045591949843,0.343083952205224,0.0196728170641548,0.0182965118897331,-0.269963666064295,0.234781303006959,0.238991687136027,-0.0678376401963562,6945885329
0.208571220187226,-0.550107927279414,0.278039035420695,0.119102808811703,-0.260978634218254,-0.30458982983194,-0.702128551958979,-0.178532863058154,0.211866624414669,6945884181
0.381111386101921,-0.2952813066241,0.30042055530083,-0.0277680813200918,-0.327001146487809,-0.104519840832311,0.203528421793212,-0.0825499916174995,0.0397454758649778,6945882081
-0.888224990582535,0.642256827377583,0.352894929850412,-0.366500864622479,0.165827403031469,-0.306343969274593,0.227045220638521,-0.0885352335253964,-0.101261839664573,6945880499
-1.18964247605163,0.876165222055813,0.284088748643541,-0.0938828713218446,0.321571229105376,-0.308986888878727,0.237998606938082,-0.212759649847641,-0.150386216005815,6945876874
-0.336041309249097,0.406983899919196,-0.634886699937848,0.264215345782678,0.405276456427957,-0.273749846986525,0.237269335371804,-0.198066000734259,0.210681210866794,6945874059
0.150345847373975,-0.822660772561205,-0.62207300307721,0.00604808781765611,-0.124816696804687,-0.280947606485365,0.239007614933288,-0.152624395152427,-0.00272859794261581,6945872667
-0.762043320239865,1.16912003789006,0.333788708762406,-0.391923288781974,0.0463099817215537,-0.192488327192597,0.180115327584586,-0.161609683073333,-0.100818370114613,6945870973
-0.646808144286056,0.330069646679163,0.328210266618786,-0.492141573949715,-0.199293267613772,-0.308193982336837,0.200552352492663,-0.211357755202427,-0.0856402773307303,6945868936
0.0978955085179527,1.11313663558191,-0.205760032549363,-0.121713956816883,0.28359975109444,0.435795969430182,0.240058857571004,-0.124408810211168,0.220599686356798,6945867319
0.498214535036124,-0.317854049169611,0.769520734331305,0.086703130383094,-0.519478539956014,-0.277370544902499,0.239697989166647,-0.0954854561748533,0.212098600969626,6945865748
1.81050355383342,-1.00927413567673,-0.680147875600874,0.770890625517156,0.744710460941176,-0.123103727239398,0.0548720182067643,0.417656856221989,0.221614543150835,6945864732
0.427034766937291,1.0763480894445,-0.0680874223778145,0.024648714168179,0.183169886401744,-0.277513999344157,0.225583100624985,-0.158189150462496,-0.149195843614522,6945771977
-0.912830623039925,0.134605965176967,0.307742287881451,-0.136532136778069,-0.231916481342227,-0.309471306832197,0.200774017973867,-0.215033638986784,-0.184857211783017,6945769093
-1.31315608978897,0.0394577741957107,-0.596778401750381,0.0109795418838523,-0.107896151363575,-0.303537946947958,0.224596291986693,-0.150558531687006,0.211005206640102,6945765963
-0.562991014763207,-0.522125938714499,-0.600552269686779,0.106427043640477,0.261586003038264,-0.131361542149455,0.241789214680976,-0.0163853566437192,0.215051337449237,6945762450
-0.142873753872933,-0.107881672181682,0.28115961984058,-0.0786336393245913,-0.0286404281001364,-0.223464610408194,0.202607387099116,-0.110268533533434,0.0661630874058767,6945759082
-0.825481181872026,0.553700411220067,1.21647329512534,-0.598934263709913,-0.129849156184023,-0.297044779157122,0.251313820481486,0.371384877559191,0.0375760559866267,6945753660
-0.266095128360108,0.456923729129586,-0.185102272731466,-0.0654243315893626,0.304655578198431,-0.164674066488696,0.242299738076011,-0.0318753798002412,-0.0813386127882718,6945749841
0.305118527698678,-0.563213690913695,0.282010969070942,0.0330673376591664,-0.266553363144572,-0.0807511399344932,0.168823753361585,-0.191503648223736,0.213281692373091,6945491577
-0.286241542818292,1.19133396186675,0.773942769472617,-0.313320158960513,0.232992302329296,-0.107362959217689,0.155227563409141,-0.196821624289303,0.109008816999989,6945489960
-0.638690005785918,-0.271979506522245,-0.0725784585191015,-0.109188807484109,-0.331358096941117,-0.2174768993338,0.0182426412915865,-0.165746763611601,-0.0664836392318666,6945488925
1.76097576314055,-0.164079056561513,-0.662555856863443,0.804080749773004,0.3123059340289,0.420076575479645,0.253583198905164,0.44655217109355,0.228544257290712,6945484811
-1.32719744516346,0.970695638591882,0.283909896511051,-0.228116358879884,0.421299604123934,-0.303671980960024,-0.113512385885165,0.119594179418975,-0.145086703328164,6945483564
-0.2715467810328,-0.141277301551403,0.297547429283345,-0.0559884028379773,-0.244500033170981,-0.306450538581178,0.227867159378896,-0.0601360170380115,-0.148159416765467,6945482225
0.775407313743722,-0.988399775719929,-0.690994074916514,0.478505278769543,0.387554269660257,-0.218157822981657,0.244395926212158,0.0988465798213168,0.215609549913899,6945480813
-0.00109937898215145,-0.149164951233633,0.306857893017535,-0.0960788304868558,-0.321888615758859,-0.306735606215746,0.237607921832904,-0.206280909742901,0.0244834942502153,6945479131
-1.36502178414474,0.522370365558869,-0.551340930508215,-0.145738721726578,0.817597822866899,-0.297643558358389,0.254865636176272,0.492850256809348,-0.174667291753273,6945476052
0.604971311892784,0.389975582696132,0.62844766717407,0.345803065339595,0.316283713205308,-0.303537946947958,0.224596291986693,-0.150558531687006,0.211005206640102,6945473463
0.995346976838791,-0.41468176984299,-1.43270284919522,0.597645290742904,0.161909400238175,0.162678664554904,-0.724496332946771,-0.158825825296991,0.218020101790201,6945471288
0.962496072627754,-0.853424001212623,-0.654721061982807,0.300322456970202,0.128552819279152,0.248232832234297,-0.722371717958707,-0.126742203778241,-0.175354426097808,6945469617
0.201998264874803,-0.570423908841213,-0.607685274325425,0.456221466985297,0.191073496849517,-0.193108258604433,-0.718309798602496,0.123924752939644,0.217604905646407,6945357761
-0.597808940431025,0.183488090675247,-0.0467402903230477,-0.081425806540017,0.141266999820524,-0.283857446675763,-0.710849181297102,-0.183412786911995,-0.148347913654352,6945346677
-0.0249000755255808,-0.406118065017015,-0.662455394549553,0.157793008425633,0.430866632738828,-0.303144528421728,0.225156667362725,-0.126965655440768,0.211346522469152,6945339362
-0.23169024798913,-0.0707812398678083,0.305632067720485,-0.456097110912409,-0.115099521272719,-0.277233824292107,-0.70883415055896,-0.0512888696985239,0.214036267176113,6945333858
-0.0358989294886295,0.0339018240758042,0.281724436839144,-0.168399166350932,0.0731202280249241,-0.228461634076912,0.243296164998214,0.0146921506176573,-0.0767370755579512,6945330465
0.896708524660288,-0.163089111632415,1.11785631457127,0.0802642032962375,-0.146752517984787,0.0187364355422913,-0.695969739266964,0.0610243866802307,0.219323431032168,6945096694
0.124593626538061,-0.158018937783217,-0.095267718553991,0.0556630628198306,-0.0693689833369441,-0.157342773456604,0.203513970611261,-0.104416232013476,-0.146894822342349,6945095461
1.08056775879866,-0.369788317385891,-0.0751140954224711,0.162075397337487,-0.394945376131539,-0.30592504148813,-0.705657179564506,0.0322164252576767,-0.180032957741658,6945093820
0.406277179377817,-0.35325658817938,0.276898079425986,-0.201308267248974,-0.00348406677771438,-0.123977909176549,0.16073080255926,0.0159780243605854,-0.0408154343966473,6945090035
-0.608023434270613,-0.0314874099574038,0.266749397782161,0.32528201143173,-0.0444420342848847,-0.105470460125124,0.242586772955869,-0.0319837780640259,-0.145264982225572,6945087838
-0.566932715482028,0.299918969857343,0.303443559880532,-0.141012493809298,-0.0945169416750086,-0.195012567915945,0.241448793212983,-0.0267936790684495,0.214107390239118,6945086238
0.00325838405957709,0.0211461184055355,0.277515244554028,0.0799982269361281,-0.000128373726072814,-0.231245277098023,0.225332090756012,-0.160827818686662,-0.0668702248029218,6945075683
-0.727145302709726,-0.236840593986751,0.305109945314542,-0.204050952480934,-0.321811621387163,-0.310024848721223,-0.725950878477055,-0.238485862424148,-0.149441307983876,6945073672
0.121142108889144,0.126582571279619,0.294586753040623,0.03539910257724,-0.121143783694588,-0.191994379471483,-0.724384681727313,-0.179781917045359,-0.147129078583515,6945071639
0.304508262369629,0.0827349714599602,-0.552618822825553,0.141020026406712,0.00360639627152564,-0.256421761812541,-0.348831705654286,-0.0749937950973225,-0.146953340920964,6945069066
-0.733299213820566,-0.243777450262597,-0.0845763388214702,-0.300622335785081,-0.097846752501218,-0.231064926724651,0.195694350738634,-0.0886613163098351,-0.147580476987009,6945066152
0.158696328233707,-0.201055013760925,-0.608998349181604,0.142980807194672,-0.0691131654979035,0.437842832110972,0.205729883790965,-0.000247537539863125,0.222446882256384,6941915788
-0.25490725787191,0.205556094237061,-0.52247633596469,-0.136376739299363,-0.178399988563154,0.430967437446931,0.0200497817843082,-0.140514753525599,-0.139804262473663,6941781008
0.122798585297118,-0.0399125286948907,0.297884293684493,0.0386305488709492,-0.231454656846293,-0.310469101032556,-0.725873783421942,-0.239764331500193,-0.183948868602904,6941005128
-0.848933340046092,0.00263141157012923,0.29483292173637,-0.0202773461661431,-0.19485698629365,0.433190530358933,0.220976789605043,0.0106878328348843,-0.172375547107893,6940815398
-1.02398664855673,0.766889178421305,-0.622435526514573,-0.22551445119552,0.619244883590985,0.309978795711263,-0.720548943776939,-0.0298411633301199,0.0077324773904837,6940155468
-1.14513613741926,-0.51572162226963,-0.640145000961223,0.047215471142848,0.133323588189435,0.434426565946021,0.245527803044593,0.0585570001852931,-0.137226122256485,6937754838
1.28925512112803,-0.540477282883975,-1.51849124426489,0.620248658971241,0.499315404721587,0.444817455799778,0.255047357946476,0.493006115799173,0.125632484405421,6936574728
-0.83324912254735,-0.136030302635805,-0.555037197785429,-0.050403094183678,-0.0244330692429146,0.431933096638277,0.204731695472544,-0.089560441999225,-0.139317955847143,6934585817
-0.697397314330578,-0.102174693429035,-0.64018696417093,0.043800268947386,0.333573525201534,0.443349296167636,0.250817624707247,0.328555885355911,0.227152682226575,6934559667
0.408531665263799,-0.963352019856056,-0.181546018602718,0.120050079230981,-0.0389508338148287,0.343628468674648,-0.681163335086601,0.037556901891696,-0.137386952635974,6934348442
-0.818928481422234,-0.276255656892924,0.318100201660436,-0.105007754347807,-0.536238205731748,0.433448141427113,-0.703882844349413,0.0612424132935878,-0.170378059260062,6934185982
-0.660825451906323,-0.277225831297127,0.305346323360941,-0.0228103499196895,-0.424262377067399,0.43880855070235,0.249503213317755,0.240372608758359,-0.0244945213732109,6933987919
-0.211166208828194,0.374704776334042,-0.544295960258008,0.115745681444536,0.0238773619046258,0.436843255740554,0.243234195789259,-0.0014512883052201,0.140581009863505,6933706763
-1.56586804517329,0.950681486714362,-0.822630342318559,-0.364723923899454,0.520694355076063,0.436126765113605,0.246618346313157,0.112955066232682,-0.0717644600952713,6933503691
1.3762841415915,-1.34644352151441,-0.745196794448215,0.751963413231787,0.16412177246809,0.442142535208244,0.339743539571068,0.252748417128111,0.22593194078991,6933154498
0.129861568162835,-0.204270415935621,-0.554126577846072,0.147489541122709,-0.113800555484102,0.435950644426019,0.216778860246713,-0.114241447069649,0.220778935437828,6933133137
0.882514550545661,-0.337939164971787,0.301397325949458,0.105192477298884,-0.396376291637517,0.437091214477354,0.21840345931563,-0.0458427157511289,0.221768453182179,6932752643
0.122951378364331,-0.0296210487832026,0.291165310303189,0.0410007276291104,-0.152284661337083,-0.301787266084761,0.248963443929294,0.244356662657224,-0.178262224232738,6932751625
-0.347803005857572,-0.303070533033876,-0.080369655738892,0.0615497586337004,-0.324088021827867,0.435848522299358,0.240133712545701,-0.121257272456345,0.220645279344712,6932688717
-1.64913871267726,1.29122183508283,-1.25644325869634,-1.00610932424938,0.701434237739312,0.43287316446548,0.184958496217351,-0.00699475846509016,-0.172582689049295,6932441494
1.11499680127962,-0.0733017170056462,0.297878673489916,0.0749414822093599,-0.218029524317167,0.435644258810394,0.2421089425451,-0.052539532239864,0.111538119871389,6932293849
1.32880414119359,-0.373780330241026,-0.131597030105379,0.447536745198627,0.117688601344893,0.441014276513198,-0.677734886728146,0.223633253348115,0.226900896475143,6932088242
-0.0326266338199981,0.0144729274490124,-0.517324813749412,-0.117823898617856,0.262112263551205,0.349413916533622,0.251330145459487,0.314607857180751,-0.0873365775132866,6931894923
0.124257103089309,-0.160879973592873,0.293769659955005,0.0435464395765149,-0.239301916138488,0.43574334602066,0.248113267990036,0.162885706109384,-0.170205874222063,6931885688
0.448349050909143,-0.591483630378691,-0.153124949760513,0.684849360074241,0.115438951813702,0.208700391134414,0.207558352376447,0.431747280168006,0.225753663066164,6931787072
-0.465461199929896,-0.130149725671439,0.262121412725145,0.0503893129126537,0.101329260120682,0.442823344069202,0.236324311241247,0.297536612099753,0.226722737538002,6931585020
0.966981538984183,-0.233044911898286,-0.609722430633615,0.255497566278412,-0.0911954787267816,-0.222243741014309,0.246161932265627,0.173528385739155,0.216623331698292,6931498222
0.102036316327386,0.215854306208194,0.288104142913387,0.395901718170868,-0.180287293448602,0.436169019897044,-0.680814213409457,0.0696277702398051,0.0389761401325249,6931279978
-0.882694483286179,0.3859093731212,-0.587411413801239,-0.12575907631049,0.598890709434641,0.444883711542358,0.253003207071247,0.420573087476691,0.22848388607391,6930958766
-0.353345697507344,-0.606710028494185,0.227871701499343,-0.523925645006402,-0.38549715014981,0.444611121322251,0.323484082847314,0.534755259683695,0.0490826182678859,6930668529
-0.0289892820729685,0.0211268661972374,-0.631771326338032,0.0720813103849412,0.308498970464192,0.444638534494397,0.252653983099102,0.40587008961231,0.22827117924439,6930465140
0.178596297987326,0.408056113139698,0.297547723896549,0.0302462410926466,-0.0284390297461438,0.432518265830364,0.217170832390207,-0.131396297098933,-0.0360427159699082,6930456202
-0.310080809261013,0.392844719673659,-1.44751992530679,-0.0128373007291685,0.325722748219736,0.436796516385396,0.241484011291239,-0.0644071099375462,0.221467725075754,6930330199
1.1519725444713,-0.36866226935962,-0.139437089463739,0.637250310568953,0.111011932085893,0.445943272696648,0.0574618052769078,0.491590507801456,0.229780940639811,6930202534
0.642548152667486,-0.0561894713221376,-0.571561500693003,0.141613156712215,0.172676872811128,0.437726481404237,0.250937995760086,0.281812153556181,-0.168485376959135,6930096244
-0.255544148310172,0.213973670561442,0.294546891564593,-0.172571284217779,-0.00211691291237046,0.442637758539344,0.236059967916907,0.286407252023578,0.226561730176223,6930079051
0.0409658237219344,0.300967694445875,0.333130538859601,0.0611168501077011,0.0825992150585116,0.439332552868977,-0.680130291257117,0.122782136348829,0.225441893246798,6929947545
-0.154006504733292,-0.41305850656376,0.286145605623378,0.0786070400050869,-0.290831122013705,0.435532006513785,0.230343416465429,0.017656628859423,0.00867316576233804,6929858535
1.81749953852974,-0.681388986779867,-0.130976328614272,0.61472720131147,-0.078368824843718,0.444155002484876,0.238221091732446,0.377394702424916,0.227878036706327,6929566355
0.829845134961122,-0.550492941578784,-0.114270935916032,0.121845960334756,-0.0230200013955133,0.439293600145843,0.245040794101272,0.0853402563120108,0.223634105551202,6929551675
-1.57420300663488,0.652452553534503,-1.33629948585532,0.114231877774635,0.803575272001221,0.249055246160787,0.24056087253146,-0.13930489602206,-0.14236419082211,6929344611
-0.391178716033636,0.8368629223436,0.326982626086566,0.0710156094005303,0.358386058292362,0.435063233842281,-0.489160787212375,-0.140720932757561,0.221360167659509,6929143264
-0.54701455253541,-0.00926649977179895,0.300014131279664,-0.0404252167768598,-0.235330065531004,0.433689415230664,0.245187701037668,0.0397137360166191,-0.171987791045139,6928839973
0.0364300009707297,0.0968298461365263,-0.536514106441679,-0.0169114419819769,-0.109833560898016,0.434811186626367,0.24225351297119,-0.0549369469481767,0.0468287460381301,6928802489
-0.878838200470261,0.487479151059939,0.233796658587203,-0.134141348133283,0.175525675342056,0.43321945480253,0.240793637057881,-0.121546048915119,0.00664052616351233,6928795921
-0.0897774628278686,-0.162637521250404,-0.617524531287292,0.0564708403396372,0.0732061636994035,0.439069801559549,0.244722021068006,0.0719193012769235,0.223439945909679,6928735471
1.57892537167812,0.488794686902933,1.14162942111222,-0.0175220648410649,0.521838657434022,0.441339360181446,0.252359424448873,0.365395744527563,0.0136850653792164,6928713560
0.551309105472862,-0.288810037046052,0.273833640957132,0.122938172195045,-0.087395431163394,0.192456419846157,0.0428085548679553,-0.110289689174376,0.218030842920501,6928704976
0.00164149244290194,-0.0472477306987127,-0.144775770729301,0.118679440706791,-0.0776346310799532,0.4370831368656,0.205978970468451,0.00175538204621263,0.157801167628222,6928541618
-0.489509938252586,-0.0114794557994833,0.299995898973406,-0.0368693469492763,-0.235153297031889,0.430761034374497,0.241016589577401,-0.13589804262402,-0.17452834944048,6928526475
0.81296404054455,-0.153881614970809,0.259003286397013,0.190327085902776,0.118151621021133,0.440381683518011,0.223090320007343,0.151483093005879,0.224623146323697,6928506433
0.995090533773651,-0.330142520499501,0.291475065864369,0.129938561495052,-0.287580675664017,0.442055850808396,0.248975273924975,0.25098938998966,0.226030535337993,6928504611
-0.171518785804706,-0.426601803642766,-0.606030546594343,-0.101645597719643,-0.0993126816601435,0.433039436311076,0.240537223281926,-0.13234155982207,0.00648434856495401,6928482714
0.185645362165824,0.480752160701554,-1.00970110338555,0.367332138096601,0.425831657742465,0.438197033258919,0.222244737292013,0.101439217100519,0.113797874186074,6928473662
-0.606808577824189,-0.523995834083079,-0.684078605825243,0.354484152145758,0.50527671577741,0.441172253994764,0.247716701021851,0.198001061058203,0.225263958375081,6928311009
0.975729803361972,-0.440590648436739,-0.137717489614232,0.583177354582577,-0.501415488046797,0.443286886224577,0.250728729566379,0.324813229723436,0.227098537594241,6928285300
0.325700521267685,-0.475699635996569,-0.70594914725896,0.668968814301331,0.666908670781715,0.441068290515068,0.255697983946341,0.482216769845972,-0.165586143010699,6928282907
-0.467634843964927,0.34226671772825,-0.558231084052622,-0.192067222567146,0.30069255544938,0.430671068618039,-0.721582597092197,-0.104774092681728,-0.172760995687499,6928248814
-0.766115533193858,-0.13569562754256,0.236548877981374,0.0657397508706774,-0.21276554389694,0.438039576232476,-0.117710581753668,0.314592682687433,-0.16750605946797,6928220423
-1.18578741597093,0.17934679230503,0.315923248577032,-0.377053056875033,-0.20402101229107,0.433091989180252,0.240612078256622,-0.129190022067247,0.00652994155286871,6928200982
-0.131257483669653,0.0701407792502631,-0.537432685737722,0.00440191407791603,-0.128567852758507,0.43902009010087,0.23689789469125,0.283503627288813,-0.0645428152836644,6928197304
-0.247465195630952,-0.147024227118731,0.31092504187704,-0.133495408672507,-0.36038458869954,0.435210674642027,0.20424688314974,-0.0771279285491997,0.111233368884165,6928055902
-1.08449493075635,-0.0172164129303936,0.305406083473587,-0.200138288798778,0.33093045127625,0.440241949776212,0.252479911031137,0.35973816362701,-0.0681942732048091,6928055608
-0.859648396985061,0.00457302638770492,0.31855993522787,-0.182044624960197,-0.386137763348952,0.437261262526482,0.246550685524465,0.12083671418482,0.0101470538488777,6928052617
0.124257103089309,-0.160879973592873,0.293769659955005,0.0435464395765149,-0.239301916138488,-0.309471306832197,0.200774017973867,-0.215033638986784,-0.184857211783017,6928043253
0.10411308902425,0.961140736896679,0.313091891757655,-0.115915539674967,0.0995583639599064,0.435986778724196,-0.708396239604739,-0.0769685848770992,0.222584277968831,6928029902
-0.719922266622493,-0.00261247430107463,0.300068953078517,-0.0511171817808265,-0.235861581783842,0.43808178975132,0.251444087962993,0.303119604281285,-0.168177124157176,6928014492
0.245147008390799,-0.165532192340177,0.293731330826043,0.051021818241028,-0.238930302010043,0.434151835127424,0.200523962924621,0.0691642190325751,-0.1714997126822,6927954841
-0.700352500189476,-0.128344077728555,0.302801923113253,-0.0779574803838236,-0.307280211071827,0.432306700723175,-0.488682421501453,-0.148653682368464,0.00724482986766493,6927954250
-0.949355538492022,-0.0275240798955538,1.19531145572906,-0.413285056912295,-0.234105958404038,0.439868951561642,0.245860310073407,0.1198434478143,0.22413325984208,6927948667
1.76982655002249,-0.337054039404265,-0.639868624096893,0.22498265129938,0.255039737865496,0.441494276537166,0.250313905643778,0.29371871101372,0.122749413046355,6927942980
-0.860583405956613,-0.349509159682852,0.290351200273478,-0.167485912743964,-0.226934292697041,0.43531057631648,0.245103354862252,0.0514172157465583,-0.0555319219029513,6927914142
-0.199043932186432,-0.156595896465068,-0.613448021447605,0.0368625979351181,0.034086983292358,0.436108166152753,0.224422719284813,0.160292388562258,-0.13572216752611,6927913113
-0.463134088047006,0.335412491397683,-0.553999150305074,-0.326577835329453,0.31355494679088,-0.300286391754353,-0.108690038441599,0.322624239836902,-0.142149487336763,6927899941
0.388877179134662,-0.499872160567758,-1.03447368212587,0.607873001915154,0.179407206199644,0.439654054520145,-0.709497336468189,0.408562836978839,-0.13084553549013,6927866573
0.989281251855463,-0.0503646132372513,0.670433525641744,0.0548757833674143,-0.192708265086879,0.432610241729871,0.239470975669947,-0.17433328513412,0.0279786506660279,6927857741
0.643037460240461,-0.0050271978096584,-0.590116672925642,0.173096261137505,0.389349859383841,0.443546486088279,0.251098497031663,0.340381147982304,0.227323757142364,6927775381
0.51272443126136,-0.192827829531423,-0.562112898706525,0.133660161490136,0.00510026898870476,0.442051205281771,0.203646259662456,0.252430473350676,0.226113404460454,6927608649
0.318913145208682,-0.144449277683724,0.282290652826528,0.002598345884619,-0.0745517383383505,0.439375447797761,0.231413215192613,0.0907700654871289,0.223731466166921,6927564241
0.922558716641482,0.714328120308229,-0.452916575272091,-0.101583564721038,-0.128371510581521,0.437395270417412,0.199152987939978,0.0496254935199734,0.119280161495536,6927545653
0.196353399485823,1.06518176985394,0.418716771094973,0.142719630724023,-0.00663699945952787,-0.177486713876869,0.247303613812054,0.179807637646746,-0.0784804718650846,6927471449
-1.24947913492331,0.750413074216372,-1.35555494941083,-0.260815850366623,0.674922787141586,0.436842713264949,0.232210353936801,0.096258270911314,0.0098102880165988,6927238205
-0.981024890030175,0.219509251919634,0.282105245251802,-0.174274361667921,0.108738666770274,0.434644011372064,-0.716633514929191,0.108116060580898,-0.135192069566828,6927085272
-0.652762127999881,-0.309293845295235,-0.581247679896647,0.188984218179483,0.0922672942620577,0.438010463375387,0.243213126611551,0.00839195567536246,0.222520902025202,6926902789
1.16989921284734,-0.342119516444656,0.262236071253768,0.387583880807361,-0.0761554644143654,0.43275866492954,-0.682074481513625,-0.00635926095408771,-0.136899139760345,6926883676
-0.602973051991144,-0.158552043314941,-0.178345070398306,-0.27411758690899,0.41121428934575,0.438803848655597,0.244343204493232,0.0559703981828134,0.223209214691273,6926684241
-0.912128206285648,0.530120403133938,0.333576448287824,-0.284629414707171,0.296010393776339,0.438948504416973,0.250637560248864,0.28217166826076,-0.0693164200933911,6926133812
-0.773150858784325,0.412755225844939,0.332317212752468,-0.167846501521426,-0.368602732761588,0.432501536547609,-0.722699989232619,-0.128079719539777,0.00786309080940429,6925691377
1.69333325141996,-1.24062332075811,-0.755882054732608,0.758015611919689,0.341755884364425,0.436962607021824,0.0309258121104567,-0.0464486382011669,0.222015989129476,6925479410
0.962496072627754,-0.853424001212623,-0.654721061982807,0.300322456970202,0.128552819279152,-0.309494840472946,0.178918412427904,-0.215616928840424,-0.184835787904155,6925475963
0.813243811208591,-0.354623218225914,0.276146887581,0.411330013250908,-0.265884219070657,0.441395186621802,-0.677192328025106,0.246476013548968,0.227231360448859,6925475627
0.69439271373202,-0.757088436325872,0.235683323537391,0.630018296122653,-0.090668274829355,0.441990692251889,0.248882463728784,0.247081903032229,0.225974006107031,6925411481
0.939419535736476,-0.836367648710285,-0.188806522327794,0.243659449944497,0.063395600323325,0.437840720952327,-0.161432460420757,0.0135570077031082,0.223149027830816,6925391133
-0.411643099633461,-0.0280562469143781,1.11773919786011,-0.26326020662132,0.0154173678656781,0.434081114672821,0.245035751007859,0.0378406673378413,-0.137525823414025,6925351988
0.474764651357358,-0.707488207739526,0.227291319901489,0.325206250973739,0.159118269379482,0.415514039541417,0.247084438370057,0.172941909799585,0.224585964448611,6925276018
0.675234944971475,-0.0502476017813971,-0.102438500048194,0.131287793377823,0.0472016161629543,-0.310469101032556,-0.725873783421942,-0.239764331500193,-0.183948868602904,6925148928
-1.35341580367492,1.28276032426658,0.331538354453111,-0.840175826906822,0.305108006630118,0.433760736828476,0.185512855006147,0.0208691264442825,-0.137690519824216,6925117930
-1.16655240092867,1.39908353964987,2.06122108706145,-0.716929701732942,0.696303186638567,0.436603076373779,0.248627969325727,0.189079936313434,-0.135337859728016,6925112112
0.840221055101412,-0.573568723222039,-1.1438318788512,0.477636073887164,0.519906300022515,0.438720504486827,0.246363015047368,0.127378652384429,0.120342987715984,6925090735
-0.212713838693962,-0.660864216479356,0.260631294564162,0.122672448166716,-0.132833569210318,0.435298235308852,-0.685876670924213,-0.119151449865777,0.221941863759423,6925029626
0.957603358776935,-0.990037387125928,-0.603024285732998,0.197881976293207,0.11379043267742,0.433191240494363,0.243768236785402,-0.0155241082569098,-0.138297846393932,6924889661
-1.1266724526846,-0.192621936354978,0.290838881050228,-0.255782931371711,-0.135355218220678,0.434968084303598,0.246299128066226,0.0910312604032958,-0.136756320315704,6924789209
-0.20681418852871,-0.142990642854129,0.290515161335637,0.024254597017911,-0.200734862431504,0.432715813775521,0.243800927804698,-0.0186720722584834,-0.172832452812876,6924648234
1.82759625783666,-0.471685612002227,-1.56559418226567,0.838927480298549,0.402369699566093,0.436024509446853,-0.722086657549124,-0.0741844194199427,0.2226433643161,6924604682
-1.15328457095155,0.516448856636898,1.185075558531,-0.143525704391638,-0.0208302122971951,0.433662774854193,0.24142509090179,-0.0949606330817917,0.00702513476956274,6924597547
1.65500756869576,-1.73831774586888,-1.6427404468463,0.892354993064198,0.69533073804503,0.44615577843993,0.254815106914641,0.496857540013648,0.229587485774494,6924548198
0.126957845200405,-0.720026283068128,0.157534607242308,-0.0487828069986208,-0.421974049998519,0.437633254963289,0.24267584051118,-0.0142288178579809,0.222193649510855,6924513479
-0.980919265960769,0.9186313269614,0.329907756475646,-0.669054286120575,0.103043940513159,0.43568197121456,0.247315970485946,0.133842273157405,-0.136136977588767,6924372074
0.28415460226751,-0.30118699785136,-0.562649543395896,0.483038014660512,0.369156862318663,0.434360024853865,0.242418236126798,-0.0531473175965993,0.00763004390786349,6924359661
0.441488561009385,-0.396490288963261,-0.201458453570394,0.0458380183558555,0.101660204461245,0.432054029337756,-0.723337407158514,-0.154916234643754,0.00747484957480783,6924334238
0.227456063119821,-0.164851389860914,0.293736939884311,0.0499278764887875,-0.238984683765012,0.429723074532001,-0.722932895837735,-0.161624255200527,-0.173583441418541,6924333898
-0.230330793452751,-0.0211743343043077,0.294636788761284,0.0179747168748944,-0.192955409436321,0.431168375942212,0.204352323483969,-0.110057047583142,-0.174103543364058,6924327658
-1.68109684175159,1.41097706771911,0.349727517690512,-1.54527239370999,0.472376773973125,0.432236506621611,0.156826680196668,-0.177359530258349,0.00594606604117632,6924319094
0.425006178351787,0.368561888937399,-0.526667149695022,-0.0673578098844677,-0.06275094361236,0.435341726372616,0.223331021890396,0.114329838053326,-0.136387103240962,6924303569
0.449239818152154,0.519774167446603,-0.649721284981717,0.506376073131581,0.542654153363029,0.313728845321715,-0.119386878448083,-0.132307458476075,0.115572274661532,6924255499
0.0870429179287832,-0.139778988455806,0.317166256012911,-0.229740648839782,-0.367256854861675,0.429169140495144,-0.526671291594419,-0.202319773497267,-0.17444183199871,6924252974
0.342997262356493,-0.164598980821714,0.284776836750364,0.102704970644983,-0.157371636924325,0.43070848150532,0.240941734602705,-0.139049580378843,-0.174573942428395,6924251283
-0.414048109085264,-0.140164318355944,0.293940334006301,0.0102596627521731,-0.24095665994659,0.438839908272023,0.252523932766404,0.348583138015481,-0.167519407669112,6924246168
0.946412703622382,-0.689439416294201,-0.190626238321666,0.211510302043591,0.162621448244112,0.439020924423183,0.199330004421796,0.070707863657852,0.223484441271013,6924239246
-0.470480466710484,-0.547737684833626,0.312004581446356,-0.335552051151915,-0.459849654994753,0.433764327863764,-0.717176637033331,0.0807252616096842,-0.170077394703992,6924231184
0.854567626784609,-0.0676980113191517,0.287247288003967,0.161249145312201,-0.148036954546726,0.437049249147284,0.204599524333949,-0.0478378349080154,0.221758398087205,6924226818
0.321281293821768,0.147839019237775,0.28839167354418,-0.203473910940063,0.0795441495708847,0.433195380024798,0.23936943141695,-0.172649374446005,0.0734296132555398,6924224030
0.370003926173328,0.243858627884015,-0.555055300658422,-0.0139935380201079,0.176441889129194,0.434670516338802,0.242277924737423,-0.0553417678303261,0.0359020983840262,6924223908
-0.95726652525587,0.0154046799978301,0.303642205351575,-0.134454184999607,-0.239904819534678,0.429890705796416,-0.685449653017149,-0.152984761985301,-0.173509421649723,6924215880
-1.27861900654192,1.37433970517102,0.379061530292951,-1.24123942948806,0.579961308266205,0.439900467624738,0.193284398557611,0.354271967840592,-0.0855587878008934,6924211132
-0.104230785420983,0.20981683848567,-0.647357339102168,-0.0929020388762407,0.639980781944441,0.435007861887237,0.170113587404828,-0.16905940834978,0.220047910473666,6924209904
-1.58262628766259,1.23546633940624,0.256139367195077,-0.417763889940007,0.346966853221686,0.440511995871187,0.254195735170993,0.423493538648396,-0.131946621110628,6924194655
-0.654267581376736,1.00163271900276,0.728641212380664,-0.0387446614653787,0.152232039801348,0.435823178803741,0.216597301445454,-0.121885420221777,0.220668350827184,6924101928
-0.239815389906024,-0.0259580175281581,0.297999263398337,0.0162078596734688,-0.232569327885375,0.434930307720727,0.246955196845244,0.114128693628047,-0.170911237144471,6924100619
-0.792720988257794,-0.17023371941621,1.09257996154164,0.0225056521207858,0.0863935237923146,0.433994937958815,0.220081513285846,-0.0139965893803374,-0.0735688984237898,6924088968
1.08764795315558,-0.108202108761947,0.231444768989491,0.468695592100512,-0.0343809128369193,0.434044122676724,-0.724907470263852,-0.192946035541784,0.2209252516518,6924079621
1.56102995717369,-0.363832904176998,-0.681145348219845,0.691350647372953,0.480304253686668,0.319882385429814,0.245457686390284,0.0849546350518313,0.0302667784282925,6924077360
1.11936430721312,-0.382356907004311,-0.126924706823905,0.61090695610396,-0.0251953242906094,0.428956634751863,-0.724024593232152,-0.207586805709459,-0.174248377133393,6924077001
0.122495208459606,0.316688930663899,0.297673653176205,-0.156740051414428,0.0164028023515122,0.438731996016192,0.167762300782068,0.272320737426463,-0.0693459445008755,6924072627
0.705351868463934,-0.292346452435,0.272224284488914,0.133011894229673,-0.0685342727708011,0.436070389569882,0.225078788063832,0.183389821787009,-0.169877084354877,6924068010
0.214813506528184,-0.438110180008747,-0.590231529887809,0.133575167391666,0.203578740646884,0.438840840531693,0.251815383867382,0.323276191258199,-0.133396455656134,6924044928
-0.337108510957755,0.591820627423901,0.805276950387383,-0.0196487701887563,0.0602082566329283,0.439513889767037,0.247493092929049,0.174957094891879,0.121031300382055,6924025722
0.124257103089309,-0.160879973592873,0.293769659955005,0.0435464395765149,-0.239301916138488,0.430324912250328,-0.164008421948732,-0.146707488246407,-0.174131325127207,6924025410
0.124257103089309,-0.160879973592873,0.293769659955005,0.0435464395765149,-0.239301916138488,0.430324912250328,-0.164008421948732,-0.146707488246407,-0.174131325127207,6924025148
-0.161493700602108,0.164031483708167,-1.10094477227845,-0.169918632204755,0.612974962097703,0.433971072436148,0.228120061533216,-0.0759508707038538,0.0073189552377179,6923978329
0.178488834819695,0.25798712315355,-0.156274937461733,0.00362355714716868,-0.11882196753532,0.434044122676724,-0.724907470263852,-0.192946035541784,0.2209252516518,6923974560
-0.480865957330493,0.147179056684554,0.274165774187739,0.00632289461730309,0.104750567674934,0.439301303779716,0.25318113283169,0.376252519063419,-0.167119117444507,6923965588
0.10179692051213,0.266249580851907,0.335633212014561,0.0647498831443149,0.0404452314979591,0.440003101111337,0.142510372335632,0.397185860942075,-0.132175368594908,6923951616
-0.141744338185963,0.148748384747308,0.300973497381959,-0.0874572289429996,-0.137696294526042,0.439796223617497,0.253886084102948,0.405932317309016,-0.166689742711283,6923932384
-1.2570749930931,0.302748442835933,1.04731207747217,-0.262603550507116,0.334718642984103,0.353397684781383,0.221196083569085,0.035671250689466,-0.0912316555946182,6923929952
0.124257103089309,-0.160879973592873,0.293769659955005,0.0435464395765149,-0.239301916138488,-0.302004697463496,-0.713817301541563,0.267836639447388,-0.1766054550904,6923929001
0.206721836363849,0.512885111999821,-0.618061001006924,0.0329164841674343,0.394412010320837,-0.304407352548085,0.178035535396203,-0.200976158672749,0.210337840881037,6923914852
0.716194307820641,-0.325465901557007,-0.585645316218014,0.26355226563667,0.161681263653993,0.430873677850254,0.227432875459578,-0.128621441769559,-0.174404271470483,6923909650
-0.688165612286431,-0.626634852331416,-0.654517305918747,0.0532336203644519,0.265668573065212,0.434510199659206,0.240365963577536,-0.125108696670819,0.11669027797564,6923898758
0.240223603418136,0.242118427445291,-0.0709814990697044,0.0790701321680315,-0.177181499972984,0.431808450785905,0.682900478799506,-0.1151852404406,-0.140343256906387,6923852238
-0.0100613956093231,-0.0971605696915142,1.13095331191775,-0.112522187441083,-0.21637441682981,-0.29819818030703,0.24594628086208,0.169139904347248,0.215611444492112,6923844220
0.294713370781589,-0.440153973234752,0.278244808366359,0.211890685191357,-0.255822789717099,0.435381348130803,-0.723002760224268,-0.112754096047396,0.222085380583346,6923841359
-0.48998847367084,-0.237105358384222,-0.563548306622669,-0.148170341836808,0.0897431976545577,0.438024351673227,0.243232908750942,0.00922482161932302,0.22253295101521,6923831732
-0.857891633775632,-0.12631456852206,-0.557316433222678,-0.0494470548248217,0.00391386698969183,0.430438846905692,0.239847797127871,-0.180582124056907,-0.140685724536304,6923662174
0.715701620583423,0.0331810728985841,-1.46783675881346,0.494108874975101,0.20780971653438,0.4402352842397,0.226703926607152,0.279262915568923,0.0407749503892063,6923650451
-0.93100648182277,0.75708851725981,0.433080171745662,-1.11326303487018,0.239541269571704,0.440575762210578,0.19522000440696,0.429558701883785,-0.131778047779296,6923571354
-0.605468439148924,0.124575529820001,0.311945011594554,0.0819648105435132,0.206835460761601,0.430438846905692,0.239847797127871,-0.180582124056907,-0.140685724536304,6923512631
1.5869273574417,0.470272615889011,0.273219647332405,0.373334789856377,0.174950005421126,0.442886867848036,-0.154244856696824,0.316168886131117,0.227526884226449,6923443435
-1.1889800604834,-0.339406022580456,0.287526130054856,-0.126926004795129,-0.224647335964344,-0.0702007498583435,0.203098476310378,-0.131875084466873,-0.180680981357538,6923432743
0.962496072627754,-0.853424001212623,-0.654721061982807,0.300322456970202,0.128552819279152,0.431167853529135,-0.210065359770614,-0.0943641289430315,-0.173309409548969,6923419162
1.28392446701866,-0.410225601057755,0.274999876782221,0.598906738966075,-0.343977362043483,0.314467822151903,0.00465375623765649,-0.187860772653499,-0.0318320774812554,6922251457
