"F1","F2","F3","F4","F5","F6","F7","F8","F9","F10","F11","id"
-203.459861805797,-0.356098948433856,0.931689687708044,-8.20271015040152,-5.12111057501115,-7.52711135489318,6.63903255368127,-35.1262989663042,-1.17402385917044,7.81118302086299,3.78876532873225,6967500969
-673.310307678276,0.715495109436346,1.75407002080094,-28.9707170104305,-10.4038744640039,-28.4812297532493,22.322552812544,-119.610595843079,0.166666877917541,26.0024331035487,11.6127641386236,6966018516
1941.26151808195,4.77731305940048,-5.83112993162748,85.3736583798549,31.3103071027086,81.5675005098002,-64.6681030219453,341.279013024484,2.56180449697558,-78.7453440560335,-33.2701475027732,6954002510
-329.344616522967,-0.665962490971461,1.49017082818029,-14.0138102091967,-5.74924671916784,-14.2438322118498,11.3355423513919,-58.0237963920469,-0.21167356241683,13.7726191966195,5.92190033650164,6954000142
-1260.71141392537,-1.9899709039989,4.73642403462894,-55.9759496667699,-18.9213183300459,-53.1180881007321,42.0211858121358,-223.043498549736,-2.16695578970896,49.779719368679,20.892121650537,6952091365
-769.309375871963,-0.611640967778997,3.14941959700243,-34.2638617433372,-11.7259705837349,-33.6107508637768,27.596020320056,-136.329186483839,-0.911041043068801,31.4475971164779,12.8206276904237,6950969532
-724.814702230237,-1.99978049416959,1.31484465121678,-31.5886037651772,-10.8401277739769,-30.7433824548034,23.6876552874881,-127.75231751669,-0.614985338260026,29.9244159514378,13.5090942622985,6950966877
314.482850696471,-1.06726263773201,-0.833426140139343,13.2419149023437,4.43147420030215,13.9967300583239,-11.5819005043242,55.3467338933352,0.702993379116559,-12.1505782983471,-5.00313854582633,6950963846
41.4286414222866,1.99615111289218,0.439024425189012,2.30714396429829,2.47926765951849,1.43295516714799,-0.985562200291454,7.93819812659103,-1.66097307886603,-3.97276639143175,-2.33634628817823,6949522020
-329.424836561904,-1.55676417714832,1.64980035953384,-15.8324892566251,-5.30046190387316,-14.9048894583838,11.5258999876991,-57.5545268734078,-0.436899745615208,12.1902846316067,5.30386278232078,6949520595
-11090.1805273162,-18.0140652932658,38.5143193060772,-491.375210791639,-169.950002791427,-470.396536817337,377.638863972692,-1955.98553318609,-14.6627911500001,448.965623521371,188.104268003255,6949519165
2066.09374606155,2.83103872775367,-6.75683662028382,90.2230291084099,31.598622589821,88.3163708063843,-70.1860508732329,364.062855619988,2.44343644759655,-83.2147273681525,-35.1655226770242,6949517026
2042.85388948439,2.31079466937575,-6.91505546969906,89.5382732371394,30.924466092747,87.42158413905,-70.2802645004152,360.070520262329,3.11503090270309,-81.3442358191864,-34.1741601360793,6949515466
-10952.4958617514,-18.8239528230843,37.9919646192816,-484.765131910899,-168.881928021705,-463.382202000316,371.608906658554,-1930.30881449578,-14.3340340479014,444.742029825855,185.571501288627,6949513982
-347.269638235369,-1.18889879051892,0.395339214364868,-15.2008566358817,-6.6453803534675,-13.3590563726522,11.5103708157965,-60.7531178421392,-0.166871909101255,14.55732366517,5.95403814153619,6949512250
-960.872662752373,-1.31477386695565,4.78251216128323,-42.3123906296951,-14.1741145408913,-39.6891034379367,31.7360436060762,-169.236216360977,-1.30242984726814,38.522600222453,15.8988096445878,6949510004
-918.181114629722,-1.01143703472348,3.64577275681617,-41.5383744716746,-13.5073084263426,-39.663992295611,32.3723033288948,-162.472395878993,-1.16636424520942,36.3338299162801,16.1395215610671,6949508507
-1703.22777319995,-2.09970986318501,6.3890842749806,-75.445390183583,-25.7040826550958,-71.2838628337535,59.2871350921819,-301.064662896222,-2.61714583669052,69.2603171314907,28.636088218342,6949506509
-297.312722551012,-0.43287117813235,1.61360098950922,-13.7238883267376,-3.51336525880785,-13.4873488109562,9.71389506897831,-51.6960183092992,-0.774064145567988,12.0244903917343,4.69553109123137,6949504595
-1494.34206593378,-2.4420399292231,4.88853602945014,-65.7588377186257,-22.42557105309,-62.9423611113903,49.8300607940137,-264.156072410564,-1.42965147520205,60.5686848964949,25.0483227526739,6949502871
-1321.79987746219,-3.37455588156028,5.94133888324428,-59.27416455408,-19.3551239406495,-56.9886570878455,45.7384068303153,-233.154181080754,-3.01932485268723,51.4168103444285,20.7854416759185,6949501136
-1069.04236294449,-1.83083093898818,4.22767849322155,-48.113671870882,-16.9843554800003,-46.1518042917625,35.3898826655083,-189.039664930881,-0.0305063032528571,44.6261556552797,19.0514859717952,6949498386
1908.12982035128,3.11521059036164,-8.07505605078558,84.8445473039288,28.6800298559956,79.8224994212428,-64.608281933874,335.536303333793,3.91813565182393,-76.7339905301961,-30.9512995988757,6949496064
-767.641382628447,0.335118247542017,1.91502045516182,-33.1740592249546,-11.7310172500595,-33.0689864275423,25.5329843210815,-134.700308371799,-0.980615852488636,29.7804969845583,12.7358325789904,6949493789
-1426.18707991017,-0.976485049426198,5.84264990292939,-64.3671540281353,-19.9743973397488,-61.6505887964349,50.2883647405193,-252.434075464219,-5.01077215317916,55.3076313622515,22.3425676978922,6949491780
-104.965999196531,0.404986919335496,1.55855194067388,-3.56834442268221,-2.49648051637717,-4.23352281636248,4.03120671819573,-17.91863532056,-0.0812880105852702,4.59242747597217,1.19819539809544,6949489833
-200.822050221452,0.31207701396186,1.35673319335882,-9.14007611371809,-3.08172106741699,-7.83096921136186,5.89697855079279,-34.6504527273746,-0.145814367825071,8.13978549090711,3.23183967799068,6949488002
-368.449679189344,-0.890973003951196,0.774302120203026,-17.0152494496782,-5.71392265731755,-15.2824554543734,12.408589349506,-64.503797839027,-0.326794788001769,14.9632714949416,6.14070775583969,6949485959
2036.1357417754,3.68458430616014,-6.73504648483822,89.4458216671126,31.771555400787,85.6044591756719,-68.3482908244578,357.924982216256,3.1042309593115,-83.2926475017047,-35.3072262570558,6949478309
NA,NA,NA,NA,NA,NA,NA,NA,NA,NA,NA,6949476839
2116.41696617723,2.91692638933999,-6.97779737365881,92.3846060489168,32.3134734070442,90.3945237446971,-71.62592951365,373.133222277466,3.92446795449999,-85.1605113204523,-35.8635443173336,6949474644
-1240.16020719316,-2.2025295118246,4.70892188624825,-54.1399770111836,-18.5183594171982,-51.5089792469479,42.7752387316892,-218.70716518958,-2.15100789908724,50.2104425398057,21.1579192000382,6949471920
2253.51267677988,4.29825220346655,-8.22517927467202,99.7357912449734,34.6622581599172,94.3172870091519,-75.7842546235302,396.584098542491,2.6875801842704,-92.1502926887777,-38.4991355453569,6949467324
-904.066978448233,-1.05278394670458,3.65457739043356,-40.4521163111935,-13.4726929603651,-38.6926881627029,31.0807759837306,-159.933570432083,-2.02487374180723,36.5027618556896,14.9592869432737,6949465030
NA,NA,NA,NA,NA,NA,NA,NA,NA,NA,NA,6949463084
-887.28547915727,-1.52901615215263,3.47170906145332,-38.4578801854486,-13.1932995532749,-36.7699769937589,30.2856147160324,-155.930867582287,-0.153314773081012,36.8474435690133,15.430290195177,6949461204
-532.924561649288,-1.33499092285171,2.42042711017138,-24.8211747102423,-7.6974202785286,-23.5580265234706,18.8768035984741,-93.7075469061793,-0.660841484876237,21.5858260360242,8.7929813625128,6949458706
-1573.70540394875,-2.45227754092163,6.10341451169446,-69.4607434826467,-23.0305907321037,-66.9286016594296,54.208543633011,-278.281956848738,-2.7170620995895,63.1826809115348,25.7087384416387,6949455558
-674.462290340006,-2.03381418642457,2.30775197179568,-30.3142515655367,-10.8496094196952,-29.4823792969339,23.5399431403805,-119.184770948443,-0.691721188735,27.7472048755216,11.278538180932,6949418183
-1154.28608358002,-2.31525174125766,3.08720506701917,-50.2336145475249,-17.4457329290274,-49.7736381946771,39.8774571119099,-203.69832395176,-2.0412944625588,46.2490834690109,18.782840491157,6949416279
-88.6508359236408,0.267738071325384,-1.64304202067474,-3.2268098074206,-0.601758967298314,-3.78629222177335,2.86785916846202,-14.7910705057465,-0.0446924205308153,3.17932873131574,1.35112298619148,6949408889
-706.849217153353,-1.60851952733433,2.94718565099999,-31.9410569906906,-10.4799974938066,-28.9760292931601,23.1489110128308,-124.69347663819,-0.778091369400698,28.713625791148,12.197163292155,6949405911
-66.5732794150476,1.70837087071875,0.649979004749403,-2.5058128616183,-0.885046919469142,-2.58129249192826,2.55533362937812,-11.4212724336497,-1.01627267328605,1.70262542854583,0.775122891812818,6949403352
NA,NA,NA,NA,NA,NA,NA,NA,NA,NA,NA,6949399112
1913.11243856734,2.67230422205082,-6.19291105093274,83.3134048891465,29.3172251285566,79.8876819211436,-64.129155643425,336.574592951458,1.75425301792297,-77.9318305862017,-32.7601546598124,6949394536
-806.25187298466,-1.80642323974022,3.17662071278259,-35.5417207178399,-12.6078516222277,-33.6796490003245,27.2080296614364,-141.356089301578,-0.950438652139493,32.7337570123205,13.9822864015233,6949392066
-1473.75647118363,-1.46972150607255,8.27829500110513,-64.7735850338179,-21.5603985270241,-63.3946528970028,50.4466984022357,-260.583203261258,-2.76503079015888,58.6418636212834,23.3522954446215,6949389471
-1512.37860641224,-3.58965964958569,5.68616030020815,-67.323077991521,-23.3808381659452,-63.3541085775845,51.9925737930914,-266.461621595173,-2.82795046479251,61.6620917190592,25.4170064184994,6949385903
-1783.70256985719,-3.39252938956399,6.77064172411894,-79.654255281662,-27.3651625581787,-76.4779483844763,60.5354232067711,-315.334082056576,-2.68251879198865,72.5934195044218,29.9267386468661,6948985749
NA,NA,NA,NA,NA,NA,NA,NA,NA,NA,NA,6948796897
1161.88221703875,2.35343949468536,-3.52964684893963,51.9715900754714,18.0603778898759,50.1137312715622,-40.3828640941021,204.175797632515,1.81265966692447,-46.2146385451224,-19.4397712005761,6948796210
-364.117404430829,-0.94316486839351,0.307533404403717,-15.7965412832105,-6.21989876196635,-15.4747499571497,11.3490471161721,-63.6842505838465,-0.147508568320564,15.6141692489249,6.14379862033389,6948795512
-1648.17165285621,-0.952411118567253,6.26445547659864,-73.3767997523551,-26.2291121279678,-70.5318380976077,56.2492478677487,-291.361021408588,-1.98676813839091,66.1387066667671,27.7321243781858,6948794673
1805.80438839959,2.15245971705259,-7.54798919979424,80.8261138019551,26.9968097477578,75.5149370797789,-60.0283986464512,317.455698724005,3.69060153521424,-71.8117172029874,-30.0637655291092,6948793617
-11064.6923721005,-17.0906850578914,39.7481465443252,-490.101641592681,-168.621964852985,-468.12511088976,376.431675628868,-1951.43632436313,-15.4121072767367,447.412733247799,186.540617661627,6948792859
-794.108866370426,-1.5511934337994,3.30119371197387,-35.7271477600927,-12.4444284941809,-33.4658484105409,26.8084112838514,-139.91343336751,-0.832251082039866,32.6211865728129,13.7937977286571,6948790989
2017.52761494078,3.2679620043835,-6.30727556713539,89.3314495448606,31.9344600974001,85.5670349955135,-66.9721494529406,354.827172011856,2.64253259772722,-82.1068108683375,-34.1125929595237,6948790357
1890.24185902003,2.42250366641639,-6.19441956546919,82.5009016689247,27.8578020171197,78.987662399018,-64.3200529414987,332.462712954921,3.23509861972052,-76.1036321362317,-32.568351515416,6948788893
1847.09525090452,2.56166137442178,-5.95428337815657,80.1915848541489,28.2760375527715,77.0705971470274,-62.2352190855867,324.645163951165,1.70945047821897,-75.2574874590901,-31.6552622780104,6948788159
-1863.43996318099,-3.26206378354506,7.17406654399849,-83.9256827262337,-28.5049612255911,-80.0060148405351,64.9020992401896,-329.531479878296,-3.34282087610049,74.9241279882438,31.2005981848011,6948756355
NA,NA,NA,NA,NA,NA,NA,NA,NA,NA,NA,6948754791
-540.368709268408,-1.12811229846143,2.13208448713018,-23.8792408683145,-8.26966583679737,-22.5626376918825,19.3921918115255,-95.4057886097453,-1.14383588373152,21.8814792984198,9.37174812112984,6948752656
47.090583749754,-0.629872516358158,-1.03977937001462,3.09572598744487,0.154232463932447,3.30996840401027,-1.89737786376678,9.21396201455611,0.794538850089815,-1.71904800920649,0.129150172813388,6948751048
-9029.30676644673,-13.4799057684981,32.3646575732267,-398.522619945621,-137.526033651102,-383.050475947901,306.870919277756,-1591.98686655448,-12.6641254198119,364.999227973084,152.482605783341,6948748993
-494.096908519463,-0.55515805674499,-0.25785182789475,-21.8898771926161,-6.71703256562937,-21.1308456502422,17.0387124737444,-86.8816197146192,0.556678099742485,20.9399681164159,9.30256625026516,6948747287
2017.52397027696,3.93342462487137,-6.55921845419874,89.0485155363619,30.919338664906,85.8974980157497,-67.8583702110962,355.101662226809,2.84816120357731,-81.332568335262,-34.3441745522067,6948745823
-1056.1287191319,-1.91191684961581,4.19424087066819,-47.0002841793245,-15.8586245033693,-45.7146760206374,36.5946097366833,-187.108793863209,-1.27925091100158,43.1301511367612,17.6325388640206,6948744309
-58.1835655674984,1.31675105118079,0.942907583487938,-2.48503434691922,-0.849012940446512,-2.31105946315908,1.04027735861956,-9.54660145769001,0.0888342273935661,2.73281242632283,0.828407818941542,6948742656
-10898.828449091,-17.4158875116089,37.7219425288626,-482.032839346026,-168.379035554993,-460.390806996531,369.751075108952,-1921.53087737202,-13.3257137248943,440.97755251558,186.039515264404,6948731395
-163.489481282795,0.380665653541015,0.498768969913862,-6.93771476228851,-2.34961372039893,-5.68034262296485,6.11941547870548,-28.055660359402,-0.22588117845946,6.22153590732859,2.61612571843143,6948722483
NA,NA,NA,NA,NA,NA,NA,NA,NA,NA,NA,6948718920
-257.187355965606,-0.42693923239341,0.233420091652295,-11.1622709349208,-2.83191322039052,-10.3008754844184,9.45319695173383,-44.8037053820901,-1.36156295225563,10.3083211045415,3.12963319232649,6948716744
-992.589229925911,-1.64115222795383,4.01769036281585,-44.104689854062,-15.5084681683544,-42.2396049691525,33.5605868404333,-175.826557387242,-1.06479246078776,40.6067260273722,17.0629540759995,6948714093
2079.46443132433,2.26689665365403,-7.06534384122895,92.2525387456111,33.3718125077614,88.2050718599993,-69.0567048665475,365.820739996735,2.08441232958233,-84.6433940709147,-36.1775861742205,6948712233
1917.3979287605,2.6655947855875,-6.2249936913267,83.5331393697652,29.3098062262263,81.2788828982929,-64.3230209618769,337.081442345694,2.67804394188849,-78.029982390654,-32.7222812702437,6948710186
1772.77469438786,2.33734920086193,-7.01952755028044,77.8836088703751,26.0020095644963,74.0468436606519,-59.5489441224719,311.591593468088,2.81309662490268,-71.3161340891422,-29.1397665350377,6948708312
2052.71114277878,3.45229748868086,-6.8655297966415,89.7178755516389,31.3784043812044,87.0271304932084,-68.9629652941946,360.979252728956,2.95277582391359,-83.117389598348,-34.4858901549741,6948706493
-411.803984330123,-1.17741819871784,1.98574489461516,-19.6571742713434,-6.13820184446625,-16.9212906470408,15.0988832010342,-72.5423741340224,-0.455044120921307,16.7255240019384,7.27642162386298,6948691653
-1633.91070274746,-3.02229158154298,6.22083350674484,-72.3242960423184,-23.7407287316175,-70.1813777053107,56.3025071292436,-288.89157772525,-2.76171510006797,65.6869825602534,27.1711525758919,6948681806
NA,NA,NA,NA,NA,NA,NA,NA,NA,NA,NA,6948655563
-642.034667303553,-0.382336825431628,2.82385950819281,-29.0104013409415,-8.80894909716226,-26.9981921624879,21.8016447626632,-113.71952921698,-0.845077009911716,25.9136309987108,10.0770921778367,6948647714
-547.732340619704,-0.788552493345496,2.51455604830322,-25.4826263409455,-8.02624347787224,-24.2266657440506,19.4054152115065,-96.851162478211,-1.11189847157409,22.5125407899036,9.02436239299872,6948511119
21.2826502283479,-0.998475060497538,-1.19794809896158,2.88648703334808,-0.683278600016619,2.21457277716412,-1.41475368488578,4.25365404713487,-1.01292476491952,-2.08567357332007,-1.5875702531659,6948510157
-687.730173549579,-1.65555200975281,2.1662063634862,-31.0936312769081,-11.0540477520952,-29.3519182326941,23.2205579133733,-121.807429394694,0.318438446208067,28.3707081625991,12.0766089323553,6948509307
-225.742472451995,-0.399226003297238,-0.522798786873791,-9.05205225391499,-3.80907573626849,-8.17151535356382,7.4186136675751,-39.1614499663749,-0.0166987357106427,9.28822841721388,5.16878969407031,6948508205
NA,NA,NA,NA,NA,NA,NA,NA,NA,NA,NA,6948507689
2041.26567420607,3.9287293954729,-6.79703264887636,89.2661647726485,31.4400256295323,86.8274901152315,-68.5826741023966,359.004502659745,2.95459040305471,-82.2674227589199,-34.2800483632636,6948506700
1755.1039418695,2.37089786510099,-5.63475343815704,76.3127756493524,26.88762552117,73.2054690430902,-58.7548504803104,308.461665118282,1.63645354339798,-70.7258826689719,-30.0186461420424,6948504619
-123.641543792967,-0.726735873112832,-0.300951841345134,-5.15990514171718,-2.2029339365992,-4.95767887267084,3.20961027459017,-21.2608213872999,0.0808972868074122,5.49775028803709,1.99411334996333,6948503888
NA,NA,NA,NA,NA,NA,NA,NA,NA,NA,NA,6948502762
-1096.16650170608,-1.4207617012858,4.27159691151163,-49.5127732729148,-16.0611741698917,-47.4493805371194,37.6471911217692,-194.103825786485,-1.23467997862997,44.7835547793168,19.2211555051563,6948501935
-352.03549896654,-0.816837848966616,2.30514672848636,-15.7337082199347,-4.96009040149959,-14.2642251464619,13.3780238712009,-61.3276104713909,-0.922874564701422,14.6517894186708,5.75436035037747,6948500862
-9482.19197645735,-15.9216713024172,34.078016975532,-420.773570678927,-145.216165293941,-402.387471519369,323.5451421058,-1672.58473380594,-13.5876096309443,383.397733104519,160.22540809319,6948500040
2766.09233393091,2.93589594879763,-10.7182174636448,122.730536449879,42.1604219363754,118.463297553414,-94.9104293588819,488.023633355982,4.02161503078881,-111.352827672841,-45.9853635537285,6948499253
NA,NA,NA,NA,NA,NA,NA,NA,NA,NA,NA,6948498376
-445.414686089152,-0.876420929017439,2.08404714212898,-20.3033349405507,-6.41110647546244,-19.9081261669285,16.3228041577964,-78.6626858224157,-1.24098330055462,16.7237413844046,6.64324470747238,6948497545
NA,NA,NA,NA,NA,NA,NA,NA,NA,NA,NA,6948497011
-263.886558162865,-0.105619013763247,0.557473735017908,-11.3388416851829,-4.2933477739121,-11.8033652823063,8.41247346329083,-45.8141559905849,-0.141501060091044,10.7102073668236,4.78075333510469,6948495759
-426.604345083549,-0.561569914217648,3.06880654169193,-19.1146395871932,-5.42910678716432,-17.4166712345634,13.6468481807602,-75.5355240416422,-0.398232380980009,18.5392412312666,7.41607151221051,6948494256
-470.778750924132,-0.815764329009945,2.17536787197612,-21.690584356964,-7.86190335181945,-20.8496389184772,16.2200826950656,-82.4754791728493,-0.462486597116215,19.4438292095122,7.41636797424142,6948493327
2039.65765442238,3.82836518527091,-6.59026366049982,89.5983011386198,31.6337712926989,85.1799681383803,-68.3670561892655,358.527340587144,1.76329830100225,-84.3615995769841,-35.0958042759412,6948492232
-250.352064257893,-0.23271958042854,1.23205720651889,-11.3684681868895,-3.23727680119854,-10.7909095527409,8.48229113204388,-43.7607179763254,-0.916695677661364,9.25952623994044,3.41217321092764,6948461651
125.813604727954,2.02098052857125,-2.32231276753723,6.56301471045678,2.75992847603106,6.24448368898946,-4.35238603619065,23.0492159447361,-0.815890388801313,-7.22612952808596,-2.05279366106814,6948085949
-146.429995953655,1.4017011654455,1.61677790124152,-5.82699878452781,-0.15869688353923,-5.70052419427981,6.55942806051131,-25.4220724058606,-2.0275647813302,4.46487503936935,1.3762336881389,6948084829
-1084.80007827119,-2.72602972395348,3.19401616760354,-48.5663652319935,-17.7843148421193,-46.1095196986498,38.1463854181548,-191.481135138358,-0.119154444266307,45.2912273055325,19.4811770649185,6948083536
-774.965205165727,-1.88109219821066,2.63946025261174,-34.2763276730825,-11.1646093508379,-32.1808082900323,25.8272919671318,-136.973686494125,-0.904039655370605,31.8470985537876,12.884961947567,6948082295
-265.290868220834,0.402937038654882,-0.91388000394129,-11.8612159372998,-3.41967359061623,-12.1878256657895,9.77582672005009,-46.3349148530927,-0.831195429002603,10.6674726984251,5.24420295943503,6948080508
-101.919537379797,0.238509150838594,0.648426293608158,-4.50569666043415,-1.22722608452557,-3.68303185748147,4.10891030261211,-17.2294687092569,0.313284124646975,4.16813220328697,2.0525399271043,6948077266
-679.279969824432,-1.49660885201084,2.96515735322299,-31.3832095971562,-10.0735750150079,-29.5525461154431,24.699347382083,-120.442326029047,-1.44770597510928,26.2485141656538,11.5518140576963,6948076027
2126.01283092326,5.50420760547514,-5.69739963783572,94.3221059203275,34.2301981145177,88.8810522757362,-71.642011245727,373.867195628424,1.26866064820637,-87.5474016970753,-36.3179240853402,6948074916
2608.64238625968,1.41911342836411,-11.7511938439077,116.009631540201,37.5790527773421,111.407812570191,-89.8121538178546,460.828938217554,5.05787164770607,-104.008598176942,-42.8786388625185,6948071691
-619.09003972293,-0.729824327588344,2.5844773774304,-28.63519058009,-9.45671525899486,-27.254392131631,22.1987075294793,-109.238936877506,-1.23676922048626,24.6009769020435,10.6757698684703,6948070295
1663.30569473048,3.08051039933771,-6.36379423389058,72.5279725902296,24.3912265228661,69.2671409621725,-55.0610402453642,292.097374428537,3.51846902735737,-66.552941033085,-28.1029471973962,6948068890
-1164.60000908677,-1.04143253408437,4.64780032004254,-52.1738166309555,-16.7751529225397,-49.4393241112617,39.946976399488,-204.883041232481,-1.99570456618187,47.5060470416209,19.9078025413548,6948067454
-272.971219998366,0.76874620042363,0.262081100609447,-11.2935656881878,-2.12314069618566,-12.4634212706854,9.33847171030902,-47.5641400314511,-3.20321473975855,11.1492167018369,3.10082512952291,6948065388
-1125.17597793213,-2.00699721157648,4.44788788645701,-50.1399955129642,-17.2206115517654,-48.6690995405617,39.6914437502314,-199.348844158616,-1.38252967218645,45.9028932667771,18.8262291140888,6948063980
2143.72245681205,3.82091060999653,-7.72719097865425,94.5867737184955,31.7739902856344,91.6818732229509,-73.0511611828718,377.996047635387,3.21106630866735,-85.9605453386944,-36.2809667080231,6948061858
-410.760590696761,0.592576450188818,3.96652409881383,-19.1164403896595,-5.30215690652938,-17.684498935059,15.1234604645071,-71.8597674439523,-1.08376135859244,16.5160140314739,6.57868080166174,6948059293
-1158.82411054328,-1.87354284298786,4.27615803765349,-50.024169215353,-17.9609905375684,-49.5382664042563,39.7968251886321,-203.914749794257,-0.462728817314877,48.185332513112,19.6089204008597,6948057874
2110.15134509632,4.00724748773739,-8.38862354322584,93.3826856108402,31.5866260539205,89.1735913331945,-71.8115726161229,371.77236536031,3.1516896597664,-85.0584066408511,-35.7925738803656,6948056254
NA,NA,NA,NA,NA,NA,NA,NA,NA,NA,NA,6948054705
-352.520058229581,-1.72042727227504,1.12978288182009,-15.5872541040648,-5.83403941564439,-14.6752487700249,10.9852647532947,-61.6117248649076,-0.205756355671859,15.2019764306783,5.88486053052852,6948052325
-64.9562229834984,0.0179943187048578,0.396825330748566,-2.11979561769631,-0.76097576209672,-1.42682796165407,1.66350809863095,-11.1712501724262,-0.928536820622838,2.61666554909182,0.807750326917142,6948020508
-1005.28588788974,-2.04474709871058,2.93334642872467,-43.8674573516034,-14.855925222677,-43.052603048085,34.4193806764486,-176.800324452605,-1.29872646421877,40.3374221326183,17.2143868514588,6948018409
1728.63933166518,2.92573895194838,-5.53524972601545,75.4717915992579,26.3058303669466,72.0509578253239,-57.1389146252477,303.70897943782,1.97771477997765,-69.6906103860848,-29.512296863089,6948016142
1778.6231125764,2.39620830663575,-7.06862273215669,77.8345439085728,27.1921030624769,74.212604949934,-58.8141295816685,312.676565513362,1.72130223960161,-72.0323235451289,-29.4552728244906,6948013471
-144.731210717501,-0.570566114209662,0.346769652578078,-7.07794271556085,-2.50997799054694,-5.96204149745976,3.99194193512043,-24.7486650907211,0.0499187748444636,6.34625585031246,2.38697938369239,6948011547
-9711.41724938422,-14.0646538408141,34.7656037396161,-428.403441343398,-148.206523876761,-410.270096014399,328.718215723332,-1711.42858043801,-13.3778822480805,394.299499571031,164.28256565214,6948008993
-324.358139760411,-0.213713867531286,0.508847307011045,-14.2597867586281,-4.31050073607307,-13.1212904998342,12.4245458388422,-56.3738893353946,-0.931047116788699,13.4934237344797,5.3389455187815,6947769197
-545.351249645145,-0.730347001924842,-0.177499183956159,-23.5141324960483,-9.54033179078564,-23.2148904811341,17.4911408808596,-96.5749047153814,-0.237650151757799,22.5246459819236,9.71466227013859,6947767101
-1613.40972474274,-1.67856983227268,7.45662378835056,-72.3346157280005,-24.0033292246571,-68.1572836492157,55.6288560445833,-285.337138883446,-2.71310082821893,64.0121753261199,27.7427477484747,6947766117
-211.479769484534,-0.771638185565136,1.1381547915161,-8.98413391148779,-4.0997471898826,-8.20973048140802,6.17932616415879,-36.8351090615168,-0.130726168844157,8.23502493502146,3.41641281776691,6947764954
-683.617830795817,-2.46732340530875,2.06506843675209,-29.8462278612418,-10.8110841486665,-27.5540387952194,22.9780514737044,-120.211011074409,-0.671559699554115,28.6438411169986,11.9900110368142,6947763940
2102.47301132507,3.04559969169539,-7.03332946032509,93.0149040167544,32.0299181193612,88.5497118033717,-69.9603941643081,369.967242513632,2.89639572425538,-84.7701157591127,-36.2724201197988,6947763117
-9699.26571266518,-14.2657650534171,35.5251695744524,-429.503315741037,-147.608023830866,-411.431362362234,329.765474417296,-1709.88669176848,-14.424719496896,391.692922007388,163.726799320908,6947762340
-104.057678451943,-0.629632812223619,-0.201271709932218,-4.21801259357742,-0.999291527469859,-3.81534278729298,4.89114426916812,-17.5624002874216,-0.17735738790998,4.63124908427654,1.19197952843432,6947730214
-282.444123486276,-0.228285041486298,1.54000383030854,-12.7296090716378,-3.70729462224202,-12.8415037542364,9.58101187309285,-49.1051472636153,-0.856357521940572,11.0206201507367,4.89074897153419,6947728905
-1323.39450264661,-1.9657606915136,5.07613183901717,-59.0588006483123,-19.4444580069757,-57.0619691882176,46.4908200939316,-233.602434380868,-1.7866520499774,53.1384196467154,22.5356385123465,6947727383
-1781.93534669732,-3.3145331010419,7.38263772194398,-80.2849030627412,-26.4677003672353,-75.7477695552298,62.1430492688305,-315.067866538336,-2.95202927443245,71.67853029667,29.7726334950573,6947725489
-433.060307504403,-0.382982312941995,1.44054306400411,-19.9088400620705,-6.04940668880847,-18.0857823250592,15.8199225042649,-75.9198241929989,-0.515296586551502,17.5351914144884,7.63131042298608,6947722323
1806.75295673697,3.27123591727227,-5.8243840847245,78.6224832348978,26.8603643994622,75.3446167069358,-60.9852183786446,317.390502256479,2.66009723626646,-73.2519640995492,-31.253551926147,6947720880
-263.014463923364,-0.751481485493729,-0.0871426818471744,-11.4313001616999,-3.49183501538701,-10.2380036896944,9.55730329347553,-45.4612367769064,-0.239388079907242,11.1417178850941,4.84106283629903,6947718708
-1609.2850191674,-5.39624733996745,4.23345614521222,-72.5819742287654,-26.6971293516686,-68.4349047934446,55.0331788860933,-284.681329122447,-4.84052888386045,62.9936307014831,24.9989814993928,6947716268
2584.89751778181,1.4401232778685,-11.174317849881,115.30060084022,37.4275003102538,110.014215806406,-87.3519913503239,455.050894627444,5.03303811033513,-103.084245488818,-41.6559796855853,6947714118
-622.103114887792,-0.584534957732439,3.71653795585514,-28.2254050563054,-8.41066380780725,-27.3940364234271,22.7488989821185,-109.988143029791,-1.43717273871658,24.6910238066788,10.5268361012492,6947711441
-1219.44383473322,-1.56858405521314,3.63700464721676,-54.0115256829414,-17.3310702700392,-51.4349274554288,42.5297516603121,-215.176515239559,-1.72825719220906,48.5096926383844,20.3300473752101,6947708338
-2.91387254691927,0.420218180895896,-0.990974297153618,0.868344250240987,0.686243468645839,1.24828666807256,-0.894044985452022,0.498358082240243,0.113966741404799,0.207680381468055,0.345779490208429,6947706873
-995.318350579027,-0.831113337704617,4.19540849810426,-44.6988166174778,-13.5040704521769,-41.0308272905116,34.9730391260801,-174.955445836771,-2.4714938642915,39.7670965854273,15.9733109438182,6947704679
1836.1047512518,3.02156475635582,-5.96872056904398,80.2763803688569,27.3699987804353,77.4676804975237,-62.054004188851,322.698668528222,3.14933224173823,-73.9322678134622,-31.1885176313759,6947701473
1879.51784718079,2.67567826909778,-6.14550644065852,82.5544688380382,28.8249412245165,78.4780442064674,-62.6307576082585,330.360662349347,1.67613248233346,-76.5956365330005,-32.2257795626877,6947697525
-1766.34915623656,-2.97287543494016,5.2575951645812,-77.9470424578955,-28.1771745697115,-75.6877731573682,60.1548057783839,-312.293769942175,-1.96991789268317,71.919103782379,30.3051964878912,6947696123
-366.038481886955,-0.875364797203674,1.8005431304784,-17.4690397141049,-5.85351992069216,-15.9426105802352,13.1323081266503,-64.22235441709,-0.329184807001112,14.8568887108208,6.53816035847692,6947392965
-902.729970299638,-1.46732990333942,3.69844140887148,-40.6198637596524,-13.0480698101855,-39.2155629944933,30.2647152025169,-159.681722147543,-1.09590774844485,36.9165656799509,14.5092520217782,6947391733
NA,NA,NA,NA,NA,NA,NA,NA,NA,NA,NA,6947391108
-1097.16015513993,-3.77331008719058,4.02484792621814,-48.2636860359957,-16.0723829631107,-46.8679778475619,37.1741393558938,-192.86882321992,-1.90697409990588,44.9713940085689,18.7291179350654,6947389851
NA,NA,NA,NA,NA,NA,NA,NA,NA,NA,NA,6947387994
-154.656526259189,0.0409058960746905,1.27473812403186,-7.78461931727652,-1.42037950278596,-6.30529967380782,6.78769157461817,-26.6533750625297,-0.920831255833374,5.74310996218743,1.38209653544445,6947387071
-53.0414609809939,-0.92622865624817,-0.141700257811162,-1.60321215900767,-1.03204570491481,-0.911726419363528,0.774531395334845,-8.64856716576174,0.187514663813555,2.73722078436812,1.73419835731942,6947385647
2290.04652148464,2.10928494895989,-9.13680609573087,101.541604679655,34.9566548797867,96.6161904285948,-77.140482503052,404.270046920572,3.38919405158777,-91.3239451009586,-37.852080478473,6947384017
1802.3105677529,2.94167084885669,-5.76395303646993,78.1837046527891,27.6500701105548,75.6303280074087,-59.5609764399373,316.717150901624,1.57840999886978,-73.4950418711251,-30.862008700982,6947382976
2026.63328312014,5.11166612862507,-6.1806196944165,89.4417317018142,30.0447956912585,84.7862322102798,-69.246351519582,356.589138799841,2.52173878452482,-82.6095404095322,-33.6714487376029,6947381248
NA,NA,NA,NA,NA,NA,NA,NA,NA,NA,NA,6947380629
NA,NA,NA,NA,NA,NA,NA,NA,NA,NA,NA,6947379840
1938.82262258535,2.88712900675381,-6.32717566142236,85.410692065324,29.3129825847507,82.5926096472042,-65.5372830816685,340.949894143494,2.80653482392254,-78.0830309429452,-32.9984903870286,6947378928
557.246114406845,0.669346763368671,-2.46649071666463,23.8594157660006,7.44435384083777,22.5806876892798,-17.8153213781284,98.1364327781137,0.945413609601271,-23.7391671497684,-8.66361800601185,6947364981
NA,NA,NA,NA,NA,NA,NA,NA,NA,NA,NA,6947364123
-506.595395908992,-0.653232179786856,2.45913158051349,-21.9707237052309,-6.79222043653159,-22.4626665549603,17.9485728907671,-89.6956495243112,-1.82437425457827,19.492977137472,6.6265189804393,6947363268
NA,NA,NA,NA,NA,NA,NA,NA,NA,NA,NA,6947362650
-8856.96169636143,-14.8176513556193,31.478781246872,-391.008941339242,-135.342343257198,-374.344805395582,301.320587678619,-1561.02125897909,-12.2118720884045,359.86047500336,150.757674060672,6947361706
60.6857533137403,0.552629925757253,0.398282665314172,3.5813690392482,1.82820949336428,3.26803202883543,-2.2008702662857,11.5177596799528,-0.415695180512844,-2.51134758703131,-1.82579592430321,6947359283
-1464.11885030454,-2.86318137262094,4.43034264553479,-65.1156012694832,-22.4645088747687,-62.5122950269902,48.8264033205673,-257.885949768292,-1.61531041350089,59.8038328462521,25.608113185063,6947000153
-960.177471974511,-2.16709759050364,4.41229740011487,-43.0553111890529,-14.7953976303058,-41.7162337019979,33.758480903706,-170.346797330079,-1.3214604018846,37.6299704874208,15.8405974631709,6946999089
-183.849601346061,-0.817698503314885,-0.392469747277361,-7.11439824896461,-2.64130641648469,-6.65879944162186,5.67259556313139,-31.7128512418827,-0.973397622560389,7.52371902662523,3.80829744540628,6946997925
NA,NA,NA,NA,NA,NA,NA,NA,NA,NA,NA,6946997286
2069.29594493626,4.78203294918643,-5.52171692871336,91.8807703249601,33.1159075207134,86.8121398608439,-69.8036695429992,363.889389519519,1.75760613480744,-84.3844055172933,-35.6855841611289,6946996370
-482.321756743182,-0.0847857790270209,1.61470885755365,-20.7790089959847,-7.33061453860712,-20.0706170846623,17.6787630121646,-84.6153083851937,-0.102779025325856,20.7176028047534,8.17703324990317,6946995349
-762.284717682327,-1.62082278146118,1.90876844559717,-33.6374493185336,-10.6349758047805,-32.1520962825575,27.3711811287386,-134.109862516541,-1.89026832834135,31.2502057206999,13.1121660526932,6946993526
-786.499394433363,0.77217631426739,4.62614676774379,-34.6635150153241,-10.2523797880401,-34.0796323096368,26.7526042238025,-138.472119762094,-1.45540996923103,29.6114583473149,11.7203794294573,6946896808
2806.7182938179,4.24852215333095,-9.56295094854919,123.082539986596,42.5082020605289,119.478994170189,-94.6561006621509,494.862790736701,3.95396488260995,-113.194186572469,-47.5869001511323,6946894306
NA,NA,NA,NA,NA,NA,NA,NA,NA,NA,NA,6946892816
277.229918631158,1.04286558467951,-0.506572735789461,11.9507481462565,4.50532567763193,10.7803810498898,-9.0922581673471,48.8525965914475,0.552423577411388,-10.8427098417346,-4.42927634392375,6946891262
-236.661415867342,-0.579767893639017,-0.106111994183164,-10.1083077474178,-2.91858483518387,-8.93339293156326,7.51281994710868,-41.0220385476035,-0.625508107956253,10.0855977964996,4.77023263244349,6946889776
2060.92974306407,3.30183231953106,-8.22526089626489,92.0514295405756,30.4032994939298,86.4069696749972,-70.2442526233196,363.089769596551,4.13790404046667,-82.523337096421,-33.9088543871013,6946884857
203.135722815421,-0.0605342460805824,-0.354248771712166,9.32171924077846,3.07908694536207,7.69557760262601,-7.00059507358411,35.2784228575732,0.450921089831169,-7.81277541131509,-3.69123526580744,6946883630
11634.5193727788,19.2091466456287,-41.5867605032667,514.947492735511,177.155941259813,491.469156062703,-395.563161765161,2050.93357100853,15.9240717126579,-471.062751436124,-197.151203600373,6946882172
-1590.59722227911,-3.54621321194425,4.93002748674275,-71.8169928727791,-25.5697146118981,-67.4022703823374,54.2746645288339,-280.967273195222,-1.7226739124308,64.5221471357478,27.8540620301282,6946879942
-29.2356176304262,0.746539673668371,0.73476684092993,-1.17843953684085,0.740205166157456,-1.85522266226215,1.77948569577164,-4.50845932386917,-1.26538689485696,0.193017535838132,-0.463834332331011,6946742831
-284.880100223845,-1.00262377511464,0.11063739209692,-11.8766976768928,-4.63320115811614,-12.1078591166502,9.79670915499099,-49.4151096349793,-0.177385564391371,12.0291020222428,5.21697761308171,6946742021
-276.78841841472,-0.692304317889097,-0.116764590353629,-11.219614570137,-5.37851146931581,-10.6711602472356,9.12652804399483,-48.5440378005188,-0.0918173848474918,10.8909151808695,5.5609108577651,6946740972
1870.17248549094,3.68830602993813,-6.02217550319115,81.4422978282844,29.1908540539785,78.3272871885256,-62.7291222759909,329.020806678012,3.21118304118622,-75.3251332696551,-31.3996052790653,6946739593
-1326.73329606305,-1.49731167834699,5.25959099827081,-59.5561187125758,-20.2957196144682,-57.2151925360655,45.7866403894652,-234.280832598355,-1.69586291493256,53.2132923502206,22.2033347683383,6946738484
NA,NA,NA,NA,NA,NA,NA,NA,NA,NA,NA,6946737162
-1102.4600432155,-2.08676532447701,4.43623378322986,-49.6245250892929,-16.9077212622174,-45.990661943473,36.5814418908692,-193.854576588991,-2.20571464684686,45.0568108163326,18.4637998473926,6946736097
-1650.61677720292,-3.66344477582012,6.28939598537389,-73.6404363039216,-24.7602513521614,-70.886531738253,57.1935770934396,-291.587522860061,-2.22004360800665,66.4217810110959,27.6077507947057,6946735108
NA,NA,NA,NA,NA,NA,NA,NA,NA,NA,NA,6946734321
-273.716926025391,-1.76160694729245,1.19406471320296,-11.9828785238791,-4.88328067352757,-10.8041127738586,8.96343621735526,-47.7297663488356,0.851739970875285,12.5168940916523,5.17440681581486,6946589637
-514.762621203375,-1.32112701379692,2.3568207650359,-23.8119890525751,-7.88553369707867,-21.0773553615638,18.9541430163731,-90.7453410662396,-0.694925825559752,20.4571597301417,8.53618543609226,6946589608
-303.414038891446,0.511439534652487,1.72781278463172,-14.4790527030569,-3.3308619102182,-12.4394584639828,10.7356605773482,-53.4922519670946,-0.577327942642951,10.9644202136513,4.25608065528541,6946588901
-1040.94515953421,-0.266687066953273,3.11337482913982,-46.5009850555581,-15.8764281044922,-43.6358224086062,36.8327000999556,-184.346455394944,-2.1301337838122,42.3757644512048,17.4577179897889,6946588875
NA,NA,NA,NA,NA,NA,NA,NA,NA,NA,NA,6946588448
NA,NA,NA,NA,NA,NA,NA,NA,NA,NA,NA,6946588193
NA,NA,NA,NA,NA,NA,NA,NA,NA,NA,NA,6946587636
-357.912009642106,-1.04001091393793,1.49312368621328,-16.3477031062516,-5.04713938096315,-14.8450913933229,12.8868043365443,-62.6544002206227,-0.457276599080619,14.1555571249412,6.30828118638629,6946587356
-1300.21897088344,-2.67807625780975,2.47539517419628,-57.4128660028002,-21.1310199677579,-55.9833365727683,43.9409828031769,-229.86184297043,-0.474984206359767,52.3184822928976,22.0381769878015,6946586671
NA,NA,NA,NA,NA,NA,NA,NA,NA,NA,NA,6946586125
-1339.88990680329,-1.4433636542913,5.52484273144696,-58.0492896457173,-18.2843816005312,-57.7804518486037,45.9275513186599,-237.128669473345,-3.12898399113635,52.7398475770038,20.048490263781,6946585546
81.3857853631868,2.03084068410089,0.229811819837782,3.55645399527494,1.89145324532765,3.40030046925469,-1.60424047072278,14.9034981024751,-1.03082492858831,-5.51865241864074,-1.86274949231123,6946584969
-1397.28101479907,-3.36193401062001,5.1027565391849,-61.4523541046091,-22.1381977403617,-59.9360628987579,46.4835023478151,-246.824033365872,-2.06025787098346,57.8004957867091,23.0282142105309,6946584818
-1143.49913230563,-1.7980848578858,4.64287426078091,-52.0816713308012,-17.4652074705504,-49.5527350570929,40.4626396497336,-202.628924628622,-2.37219958235376,45.7560906949886,19.0093703154529,6946583955
NA,NA,NA,NA,NA,NA,NA,NA,NA,NA,NA,6946583813
NA,NA,NA,NA,NA,NA,NA,NA,NA,NA,NA,6946513673
2345.7015650445,5.08786171300406,-8.4931841174699,103.539556670656,35.5065469869282,98.2299525934771,-79.3590735555618,413.12025130547,3.33460219909008,-95.0986724329577,-40.3589559918921,6946511637
-1064.42860917036,-2.25613795144104,3.03889666921057,-48.0950253280356,-16.6910240402363,-46.054684613667,36.1285947309663,-188.511641327219,-1.05948476793684,43.1564504220882,18.8009332735705,6946260193
-1239.99979968216,-3.43471065449784,2.96085145553403,-53.9162072842808,-19.0491410624459,-53.3475585495929,41.5626975694621,-219.172046796247,-0.775447542685521,48.290761268133,20.1993625752669,6946258184
930.237856403458,0.729628720551982,-4.90265971387503,42.7433164142612,12.0555514332821,39.3192382937099,-32.74793521153,164.934444029411,1.21846018367081,-36.2699332139061,-13.7573399469419,6946255870
2294.78403123192,3.46948457020965,-7.6446205174319,101.876517185826,36.8198713952568,96.1222769705236,-77.100275949108,404.04085406995,2.04844679583194,-93.3953691428881,-39.4346749569676,6946253329
NA,NA,NA,NA,NA,NA,NA,NA,NA,NA,NA,6946252003
-335.383405021471,-1.70017101085029,1.00855705252809,-13.7704882654631,-6.29402158658382,-13.0632735263975,10.2630222114112,-58.4526977622651,-0.0379345846968543,14.9950031158583,6.6516705888049,6946250964
-214.29828738378,-0.576863026816384,1.35515108432537,-10.0267650552653,-2.17936415657819,-8.22252781799873,8.77457958248157,-37.3700007375461,-0.836289453670564,8.62999686473401,2.87195251319989,6946249196
-432.65420609666,0.688074370609206,2.04712796908696,-18.9156395420808,-6.14757545622981,-19.2741027220598,14.2602504991846,-76.5321394636483,-0.464173194741425,17.0216879137,7.43168432123715,6946247015
-611.252515787352,-1.53786863083416,1.65876182680441,-27.0324263650517,-10.5091147011062,-26.6830495545116,19.7809620075043,-107.93715174612,-0.368997405754826,25.6443678465015,10.7580913300045,6946167103
-196.899779343852,-0.931704241052153,-0.160319400791778,-8.36096690717666,-4.16213814987224,-7.20158060507538,5.61287016979271,-33.8275828898223,0.0826440102196509,8.52196373723002,3.8416846943869,6946164683
1734.61336862511,1.87957721596334,-5.85372874356607,75.3997608939205,25.3590642990715,72.4406469346597,-59.8040739702182,304.816773544764,3.74291374861044,-68.8929278530135,-29.3292698498244,6946161348
-348.030839180569,-0.559440826013248,1.71192862014639,-15.6605317876028,-4.91640360084957,-13.6408659638052,11.3425880148275,-61.4351796546566,-0.419018559470384,13.7038502106276,5.61798364106228,6946157221
-302.058265319521,-1.24759597571276,0.583573094345973,-14.1550643439106,-4.58053445921524,-12.1736760982904,10.9568546793268,-52.4823545207674,-0.320322337049228,11.9313544672541,5.45804873026597,6946154289
-342.17805688738,-1.07782369572748,1.69771580369574,-15.7040137543771,-5.29701239240251,-14.2846001015582,10.6950442106232,-59.5299486328525,-0.239100188284333,14.7657612111173,5.70298306544098,6946149478
-1686.75399238479,-0.907805992286647,6.98394699695617,-75.4930699485303,-24.6428686654122,-72.5589868867143,57.7453688821743,-298.36858109152,-2.24689173756523,67.7164595949731,28.1343707232492,6946147157
-37.7964719199139,0.192779999331959,-1.55366099834789,-0.876182441352098,-1.09972584275628,-1.12766250101683,0.629516083250613,-5.79198852406163,0.266700041098542,2.00470779556513,1.13846057259783,6946144634
-192.066394043705,-1.68229989587125,0.38156394143184,-8.40165162052008,-3.26920047307588,-8.58247101425113,6.36346861494773,-33.0568048283439,-0.00433602431637733,8.35718252990985,4.08437649144258,6945891488
-10214.4708241956,-16.0996240764935,35.2865144401589,-451.197382944048,-157.220457443291,-431.024183718466,346.134502599062,-1800.11204433717,-13.4610815900342,413.588205411688,173.417529050983,6945889965
NA,NA,NA,NA,NA,NA,NA,NA,NA,NA,NA,6945888906
5.38174310688864,2.03157426826143,3.113276253321,2.17502506266619,2.17802512700155,1.10267380365543,0.165011739140528,1.75913353710109,-3.24554408948625,-0.621669093699274,-2.76200704596246,6945887634
-1657.51433412094,-2.48220369489331,6.54885653660895,-74.2571775268098,-25.0185992547902,-71.202065521941,56.7247305507612,-292.845556252674,-3.06721237989401,66.5936208437719,27.6591950306667,6945886504
-393.926006544512,0.066398149806824,1.80840460484932,-16.9044101349181,-5.24781252219785,-17.526615592629,12.5073400403694,-69.3251638972624,-0.36595553808019,16.3506550498075,6.82484788947147,6945885329
2138.98718133079,2.54656722562362,-7.1830297784521,93.7226209205813,33.2269543727247,89.5382674985676,-71.9164059862742,377.347975143521,2.87834924706989,-86.2002706640984,-37.380230956031,6945884181
-1041.02508437426,-2.14173861757628,4.22313777727134,-47.3764144941801,-15.9513013739986,-45.1694187314876,36.9119397075534,-184.237271015086,-1.3377633975186,41.7114769558758,17.3685293522275,6945882081
NA,NA,NA,NA,NA,NA,NA,NA,NA,NA,NA,6945880499
-135.780380297391,1.08426664833766,0.711361131664801,-4.623326451689,-3.13534186831744,-5.31078601624789,4.65919959925757,-23.2940677992456,0.915740202595845,4.7539673086058,3.62405939396648,6945876874
14.1534669282834,0.643087841412912,-1.0588190455109,1.57891291152714,-0.129693830497393,1.62301830854644,-0.344615813650116,3.29818950937467,0.147142537954487,-0.582627177223995,-0.30752951965743,6945874059
-314.696171338293,-1.82469555442088,0.229867637134064,-13.7957659599602,-4.12909939854309,-11.7916246675259,10.1815885540574,-55.0169991072594,-1.17999733488938,13.2665993301226,5.56952002858611,6945872667
-816.457252595134,0.591984239109163,3.35628886891336,-35.4263772449778,-12.2702217626778,-35.2351614484331,27.6551360755524,-143.696913372394,-1.72888955500411,30.8608349501111,13.3331066253825,6945870973
-621.034259617519,-0.479051858768833,2.82418686747539,-27.8099538993413,-8.20995299893384,-27.4037818744515,21.5862961272504,-110.436226469253,-1.48755974691053,23.3965946935049,9.89638773245721,6945868936
170.864189589848,2.22537883405543,-0.740244472184858,8.0860715497058,3.29334371700069,7.99427442031374,-5.13332236167817,30.8221562694875,0.107663968494188,-8.99970073621858,-2.32623111990753,6945867319
-936.751653822502,-2.00242754672935,4.34451382107405,-42.8606320560803,-13.5910083163072,-39.4303907460047,32.5983374002505,-165.352417997819,-1.16335919339654,38.387593643416,16.1068007154611,6945865748
-10123.1076026835,-18.120258243986,34.4517748929444,-445.434813250829,-156.348224519482,-426.515468903145,342.387995350434,-1783.41004242135,-12.1969671538403,411.439615010255,173.500592660513,6945864732
-63.2536382410922,1.76753446867075,0.0350632189675652,-1.9660298463302,-1.16669417377799,-3.58508714560662,1.62093865181861,-10.617318722724,0.365582855045531,0.872362462476737,1.25152984304478,6945771977
NA,NA,NA,NA,NA,NA,NA,NA,NA,NA,NA,6945769093
-431.429240034451,-0.82649480774913,0.520438519809082,-19.0660093746864,-7.27895044757619,-18.7831539957833,14.0885471581357,-75.6360561434557,-0.193824120225877,17.9642434739872,8.18765317404293,6945765963
NA,NA,NA,NA,NA,NA,NA,NA,NA,NA,NA,6945762450
-1153.14000172592,-2.1476096005486,4.31276808023154,-51.7805161348787,-18.7322487082745,-49.7988665131603,40.5998132242555,-203.997189986512,-1.22214955387933,47.1081746685063,20.3856053882296,6945759082
-119.799607732304,0.578781186388575,2.28887047680814,-5.46346456169242,-2.24819257491754,-5.01054634968764,3.98506094562871,-21.266146104361,-0.231549725621529,3.164739568436,1.61558770732667,6945753660
-224.399967082719,0.325451965211794,0.693033739856999,-9.02212315441054,-2.95138023262763,-9.58045620898007,7.44933308926027,-38.7565122228721,-0.17957877784918,9.50169775615251,4.07441573535552,6945749841
-1379.32463235603,-3.07066058134636,5.40550127297983,-61.9965071512701,-20.7251711423881,-58.6717059553503,47.2030318774791,-243.710970610765,-1.75745565871387,55.8763875151728,23.0866964726013,6945491577
-1476.00910993759,-0.455409624306632,6.27957142467101,-65.4502180366612,-22.2716833968649,-63.3014473144401,50.9031533020729,-260.99077741929,-2.58368644611194,57.9132099477242,24.4850976646531,6945489960
-10970.644249666,-18.3751990569494,38.5651176620634,-485.145508730513,-168.116725162126,-463.669111269778,372.31603522824,-1934.70448618552,-15.1258048660172,443.759416463497,185.499530840291,6945488925
-476.477262640026,-0.885873405184639,0.418828162601235,-20.0721175457608,-8.55010917509166,-19.4910539514326,15.0282494870441,-83.3665998545736,0.864572977607071,20.7506278130385,10.134278708023,6945484811
10920.1913769209,19.2827441133012,-38.0066867581529,483.758446147481,167.806062560627,462.64189002565,-369.295565207449,1925.08176007032,13.6251698197849,-442.753960279259,-185.785864345955,6945483564
-245.46435599143,-0.598884126104837,1.41047346204718,-11.8207983682432,-3.19045583424182,-11.3680403540431,8.35449527294711,-43.0078487284885,-0.290944800435442,9.53241794707882,3.85364005589653,6945482225
-71.519509283395,-1.83689118873213,-0.982174136730101,-1.90997749485874,-2.5930058310779,-1.54523946060631,1.20246988698052,-11.5807132836389,1.33049558273465,4.45907707520594,2.85121236043534,6945480813
-714.986516215111,-1.45455190601197,3.1137274362334,-32.7219129545688,-10.1051494184125,-29.5092503871688,25.0471570729305,-125.522195279973,-1.85501229888385,29.3366206441772,11.8574419113469,6945479131
NA,NA,NA,NA,NA,NA,NA,NA,NA,NA,NA,6945476052
-246.614263912823,0.341200132725268,1.77843153293321,-10.4461665926244,-4.23329039787722,-11.3421340397768,8.19079034878593,-43.6053252986308,0.723691911690049,9.58491992663859,4.4078714854212,6945473463
1957.81451192103,2.58142454696147,-8.922254095282,85.8691925910433,27.6061825085827,82.0137112887377,-67.4530550809096,344.521042502005,4.24160384623373,-79.447780799157,-31.1426428120613,6945471288
NA,NA,NA,NA,NA,NA,NA,NA,NA,NA,NA,6945469617
2020.22953843751,2.37562930372186,-8.01814239072838,89.6960689836787,30.3760386309941,84.6173940984058,-68.4205931190396,355.335617108651,4.07628811324225,-80.8108686201942,-32.8242883852811,6945357761
2184.30549757662,3.77424325026325,-7.62998455257894,97.6197941151552,33.2323462527342,93.3464075943205,-74.3104345130471,384.315325042953,2.52290551677696,-88.871124975397,-37.307363134136,6945346677
-331.93887008137,-1.27963198422327,0.0296810190549831,-13.4965752797537,-6.24106871621928,-14.7194417459754,10.2081061052715,-58.011408400877,-0.033218752954916,13.9824699153575,6.51339250746007,6945339362
2074.18008007517,3.25081393238961,-6.90246052890931,92.0549129402639,31.847226966716,88.0262278386796,-68.9488854979673,365.091112470164,1.85356459578372,-84.4733527874344,-35.4858120417936,6945333858
-408.059966631273,-0.616750710858846,1.83277448785087,-17.8640019109314,-6.1850936506888,-16.9323029366619,15.2717680750707,-71.5144566985464,-1.03169661619016,16.493094314541,7.15142769385336,6945330465
2330.49571873919,3.58020669850888,-6.7517985853322,102.357801730679,37.1438811485629,97.9493506197499,-77.5415434683125,411.202198504004,2.58498447153875,-93.550462307167,-39.330852544235,6945096694
-729.514939922713,-1.43089040773483,2.46509954866779,-32.513427366401,-11.4181896412792,-31.8591950522095,25.4782071746945,-129.23920519787,-0.773344110392525,29.9186126986053,12.1871908998531,6945095461
NA,NA,NA,NA,NA,NA,NA,NA,NA,NA,NA,6945093820
NA,NA,NA,NA,NA,NA,NA,NA,NA,NA,NA,6945090035
-274.103331897636,-0.547385886693669,1.20574869043466,-12.2833343429188,-5.17809081832224,-10.4427613373521,8.26255104941793,-47.4902265918235,0.928410848758048,11.7116770790699,6.12524265858759,6945087838
-198.554862418499,0.312998118123047,1.25669704416984,-9.2545354382876,-1.88482254969176,-7.8437309634237,8.25478493043648,-34.2193722717459,-1.25015159267138,8.34926549206783,3.09586709314728,6945086238
-411.65411352167,-0.618868098144801,1.73470584806792,-18.6533482369518,-5.97460562059415,-18.3095437140531,14.2539092949024,-71.8963705840469,-0.40412014033864,17.1047685951523,7.25906237173551,6945075683
NA,NA,NA,NA,NA,NA,NA,NA,NA,NA,NA,6945073672
NA,NA,NA,NA,NA,NA,NA,NA,NA,NA,NA,6945071639
-9187.93194699938,-14.8489107436586,31.645705121307,-406.458712738008,-141.928872281777,-388.107896607891,310.942700477639,-1620.061666601,-11.8692040372292,372.477722688564,156.538815715878,6945069066
NA,NA,NA,NA,NA,NA,NA,NA,NA,NA,NA,6945066152
-459.725011756065,-1.05001146856382,0.731236435264536,-20.2213583692094,-7.16851895433614,-19.9964170313478,15.0850429678747,-80.8252116580323,-0.287368146107397,19.1156968705934,8.58823636239666,6941915788
-11038.2559047388,-17.6555480599134,38.5450418263328,-488.572260454662,-170.206688537377,-466.611618956593,374.146621630128,-1946.84424604336,-13.6532841882318,446.879428899033,185.98765670355,6941781008
NA,NA,NA,NA,NA,NA,NA,NA,NA,NA,NA,6941005128
NA,NA,NA,NA,NA,NA,NA,NA,NA,NA,NA,6940815398
2221.33706676104,4.83675459618875,-8.67007557869758,99.6129055922487,34.5206881490971,93.3335581282628,-75.9372754856743,390.705151031096,3.03380800107634,-90.5123069375766,-38.9009356806428,6940155468
-156.723227719731,-1.09961689771845,-0.561393310529024,-5.91612458914639,-2.75529497404578,-6.59964768819436,4.30141072782181,-26.7273861987308,0.0589617134923942,6.50509891453039,3.47279442748542,6937754838
-112.840748556872,-1.00827526973149,-1.85031340573376,-3.92399821904343,-0.772393484403658,-3.51600505992913,2.81499402932607,-19.3564269390871,0.138872597950492,5.94434963086229,2.3252825483148,6936574728
-802.698219181428,-1.56010528314372,2.11877281778469,-35.3082675600507,-11.3369964614236,-34.3743878643154,26.8191588333713,-141.887177001569,-1.43537970260303,32.8937780585099,13.2689509033187,6934585817
-396.886770775942,-0.922324989478866,0.490580118162666,-16.5702766364883,-6.70602263323742,-15.7288886106279,12.4585090532157,-70.003290867764,-0.251957109735554,15.7836705173385,7.50524757596236,6934559667
2127.49286469036,1.85713872940003,-7.97573997516266,93.6381285768154,31.8854637642344,90.4683760837547,-72.8041743220348,374.896524871402,3.14505417530361,-85.5923996271086,-36.1203326010321,6934348442
2074.61079822111,2.87815204020947,-6.8027506864137,90.5569869526884,31.6606315413853,87.5071824466113,-71.2369293668781,364.876546970573,3.06864903841439,-83.5476257691068,-35.3416224114157,6934185982
-689.422834055722,-1.66148089558548,2.80277019837926,-31.6088454401966,-10.6316587140583,-28.8893160141579,22.97349821194,-121.722547408419,-1.10562443334888,28.3528488733367,11.4956694607994,6933987919
-84.8303986874731,0.401810256709276,-0.461610544636579,-3.87308967324857,-1.61569265506152,-2.42096245338482,1.91811964894518,-14.4364959515124,0.154509121180132,3.48578969881416,1.83469048603575,6933706763
NA,NA,NA,NA,NA,NA,NA,NA,NA,NA,NA,6933503691
1141.13126013318,-0.197502174496516,-5.36741818503306,51.1839638452733,15.9863878738267,48.9236601155091,-39.9144850963928,202.089203593753,2.95213718631435,-44.6576070379685,-18.1700694868395,6933154498
-631.282505902848,-1.36585552180251,1.71909569942122,-28.0886119054398,-10.189178651345,-26.5305590403983,20.4998656902507,-111.665154765256,-0.408939858546748,26.4682617191803,11.5583916663111,6933133137
-952.020643497912,-2.03006851055843,3.73214628426903,-43.3295376075606,-14.6916970467833,-39.8401895802168,32.6617476166974,-168.722446464585,-0.74483308610472,38.1869004756373,15.9259548200022,6932752643
NA,NA,NA,NA,NA,NA,NA,NA,NA,NA,NA,6932751625
-756.536774198653,-1.71765432958416,2.53183957084682,-34.0590538857865,-10.9160262546958,-31.3923266360913,25.6239753213913,-133.433548545957,-0.846784066089502,30.7356780076207,13.5216487159025,6932688717
NA,NA,NA,NA,NA,NA,NA,NA,NA,NA,NA,6932441494
NA,NA,NA,NA,NA,NA,NA,NA,NA,NA,NA,6932293849
2339.82785952797,3.4989467388985,-8.47621248393799,103.857340513051,36.2914811416683,99.6913268677275,-79.2269048188808,413.010024087239,3.21995524395965,-94.274876375998,-39.7791564512034,6932088242
167.948801543818,0.530976551746317,-0.973567369209754,8.59466680868428,3.17593780875048,7.58524866215184,-6.66321902843046,30.0888115214496,0.13716279840741,-7.66440171300254,-4.12816323055577,6931894923
NA,NA,NA,NA,NA,NA,NA,NA,NA,NA,NA,6931885688
NA,NA,NA,NA,NA,NA,NA,NA,NA,NA,NA,6931787072
-355.664858635669,-0.862319626232518,1.606716405715,-15.5756255195498,-6.42564777431853,-15.7846425087233,11.102188416906,-61.9977142456487,-0.128992956698281,14.9149128673526,6.86554969593901,6931585020
-431.654402954319,-0.882141465874576,0.733077605075482,-19.6208506619132,-6.34199305075914,-18.1626877953564,14.5407404171072,-75.5855615627016,-0.352540914847167,18.3254856647913,7.24404016799137,6931498222
2679.46995793367,4.70237461028026,-9.15073705573915,118.224484074441,40.8086573397654,114.374642211191,-91.9763377620497,472.831872661206,4.85418185080911,-107.135251804129,-44.839116668405,6931279978
-116.891595330716,0.291901632468245,-0.397106720579306,-3.60504885355131,-1.92371438198311,-4.06814076575763,2.94780277347618,-20.3912427694064,-0.579670458414252,4.29626202571418,1.27163744189923,6930958766
773.969071404142,0.245981846920209,-2.37020658373655,34.8648535124583,11.4803208376715,33.7471092990236,-26.8338664123808,136.102655283816,0.222794998704079,-31.7096849352271,-13.4492386526984,6930668529
146.092264978452,0.155747254918043,-1.54011734732058,7.89016784910576,2.76587550824224,7.66779158774514,-6.01790411365576,26.7837812663446,0.309808532310376,-5.42126161731611,-2.61546006121162,6930465140
NA,NA,NA,NA,NA,NA,NA,NA,NA,NA,NA,6930456202
-425.403800863607,0.117948693468489,-0.612634216516638,-17.60179623454,-6.56586510170347,-17.6664127744893,13.8385235208005,-74.8635902169479,-0.454690731293238,16.3704174559964,6.57991459595687,6930330199
-10902.8312254107,-18.3815991573123,38.3562507667269,-482.130540436646,-169.257504074672,-461.179644299926,369.029031988919,-1921.59182545242,-13.152889287441,442.452928909215,186.252468025021,6930202534
NA,NA,NA,NA,NA,NA,NA,NA,NA,NA,NA,6930096244
-33.442500819937,0.172293391130067,0.588700832691926,-1.3735840572703,0.281148979706449,-1.13748089157827,0.234016960369346,-5.06084967801292,0.0370205370712533,1.80135643923716,0.340760995097289,6930079051
2370.86735902543,4.32467688615354,-7.76103484046077,105.242502496608,36.2513475824967,101.360776754936,-81.0411294276585,417.860419978394,3.42555409683848,-95.5240835755994,-39.3981448440554,6929947545
-352.054482597559,-1.35226567440321,1.54472720757165,-16.7723710778385,-5.9655662304623,-15.2622038750446,11.4805786869122,-61.717806456791,-0.174032971146288,14.7677152648684,6.33796595640509,6929858535
-176.973954811801,-1.15612521000122,0.424099419947485,-8.23807367042855,-2.39106200021061,-7.71518108027142,5.048195755813,-30.3951026404539,0.936349466882525,8.55541437905671,3.00602950061343,6929566355
-224.577528823569,-1.27310054750549,0.446933624521569,-9.87943537800061,-3.54933515456086,-9.55684399676447,6.68742468853754,-38.767429438458,-0.102290891521459,9.22539511937662,4.10673956467743,6929551675
153.879380511001,1.37524163646673,-2.09833259001858,8.63933608777961,4.47200967432987,6.19957796389457,-4.98041020180672,27.4696796964797,0.689383701580679,-8.38302121221298,-4.93622216343301,6929344611
12906.5119829837,22.3823275353508,-44.9189299720461,571.256085633299,199.595702821738,546.268723521042,-438.967075649976,2275.78688739226,16.7698935921097,-522.628739818835,-219.030879365244,6929143264
NA,NA,NA,NA,NA,NA,NA,NA,NA,NA,NA,6928839973
19.3057764816038,0.0650070398014887,-0.740880598601592,1.06940063479374,0.288390867739123,2.09769903064598,-1.20588560012522,4.32764611604006,-0.75635494873533,-0.766038909236879,-0.489837730960001,6928802489
-212.214789671556,0.31532985582977,0.891097685450534,-8.83762335393238,-3.22586697798994,-9.06636911441824,6.6747589406511,-36.6383586768294,-0.653227890311404,8.56974226465288,3.81774389852155,6928795921
-208.984305211792,-0.624764653825841,-0.0835228868707655,-8.58641845399463,-3.4830446139394,-8.88129989830887,6.08533691120724,-36.0246029944881,-0.0469621677134427,8.93889215960246,3.45710875368755,6928735471
-338.016109527449,0.31135252251723,2.98264421136263,-13.6241702181399,-3.44919242662907,-12.700968010474,11.4186533186773,-59.1692412660599,-1.96096748369733,14.0336847386674,6.12410076893283,6928713560
-10912.7474111794,-18.294137368938,38.7425931530503,-482.829978677213,-167.220730828946,-461.376994477898,370.725639923786,-1923.61848119198,-14.483966394086,442.30174445762,185.137697171369,6928704976
-539.144296813302,-0.977980480674685,1.459258859851,-24.2427645366744,-9.41953624404587,-23.427288346354,17.7815691951931,-95.5969338034513,-0.262105829619553,22.2959701666676,10.007037898392,6928541618
NA,NA,NA,NA,NA,NA,NA,NA,NA,NA,NA,6928526475
-436.864788291217,-0.981784937319609,1.99655177287119,-19.0693867069024,-6.71464470218305,-17.7755327057414,14.2778124169308,-77.0623555242128,-0.940704275898204,18.1072359101368,7.16626744302283,6928506433
-369.668147505449,-1.06622589430234,1.65725487270715,-17.2665598125572,-5.75956245461626,-15.0470059911758,11.6955702178888,-65.060211966418,-0.353849385023765,14.637383702162,6.05176189630554,6928504611
80.9321960102471,-0.391088007798468,-1.14421502608057,4.5101733519029,1.96591174340631,3.32782436113985,-3.66522002444044,14.8126572663397,0.118085673997577,-4.02058554990235,-1.71936337784227,6928482714
-495.924580756997,-0.0537551499660464,0.0937003848768575,-21.1769143988302,-8.80938012325156,-21.1011488560238,16.1635376902567,-87.5582119784173,0.772344602069088,20.5972958571259,9.89590983668908,6928473662
-84.5292589978223,-1.09109123551226,-0.845648891553945,-3.0741345119481,-2.47485809450585,-2.44433229711779,2.48109870286313,-14.0504948305052,1.15164068320701,4.43547296212655,2.07422780635656,6928311009
-790.183234609886,-1.92752578772531,2.53640419587675,-35.6095403908594,-13.2871297131504,-33.0225150901831,26.1851248157721,-138.867132640084,0.297404036863702,33.3860239812782,14.0194434558697,6928285300
-62.5175000204794,-0.822063832024791,-0.949662727174269,-1.12334503925237,-2.17558039259464,-1.11423879212208,0.894820399376416,-10.3268142359333,1.28632808804953,3.98871501304337,2.17449925634028,6928282907
2148.25833281087,4.01587919947122,-8.23756721046283,95.6890762871648,32.6283698989953,90.226460832081,-73.4322938397436,377.799814895077,3.05324467878542,-87.8643158365413,-36.6894401861509,6928248814
1391.51002796663,2.00402781950858,-4.72751260556349,61.5344189201277,21.2695351314679,59.6365567015439,-47.7993045801154,245.811985851966,2.02994334088392,-55.8660249261483,-23.6916085664148,6928220423
-213.532828401117,-0.139041973041999,1.28339157234828,-9.90817752965472,-3.28211902158921,-8.37207955718156,6.77714392299748,-36.8610197474371,-0.696934647188808,8.25467002706704,3.83675863686822,6928200982
-361.054849806494,-0.403786100881201,0.623921095485553,-16.4275882560421,-5.3658344184974,-15.3895229271028,11.7913730290028,-63.6009412841102,-0.371806471788814,14.1800913859314,5.45794965470995,6928197304
NA,NA,NA,NA,NA,NA,NA,NA,NA,NA,NA,6928055902
144.524050026099,0.100476773774665,0.19750960682105,7.10419557379851,2.53700158937767,6.85633643442078,-5.85039934482967,26.2783601603692,0.152191723070743,-6.58830417199879,-2.77690476337975,6928055608
-410.019120714707,-0.740444799676861,1.95469670242168,-19.110514991651,-6.31806825202485,-17.5269165181751,13.8230534721905,-71.577733880009,-0.34931855737853,17.0710529074807,7.3082220922613,6928052617
NA,NA,NA,NA,NA,NA,NA,NA,NA,NA,NA,6928043253
2300.32601713078,5.23999693741032,-7.69972397184541,102.00884679077,35.0484097895605,98.0128296212988,-77.8480263221872,405.391015490121,2.81993192613807,-92.7954573416513,-38.2020659855609,6928029902
NA,NA,NA,NA,NA,NA,NA,NA,NA,NA,NA,6928014492
NA,NA,NA,NA,NA,NA,NA,NA,NA,NA,NA,6927954841
NA,NA,NA,NA,NA,NA,NA,NA,NA,NA,NA,6927954250
-43.9279484931541,-0.208099119926151,1.83876443712779,-2.46999451350892,0.450423548290788,-0.901649365180397,1.45563918239193,-6.92299111183327,-1.11178911130732,1.73680274659695,-0.130947484780182,6927948667
-304.969584200488,-1.09104011746666,-0.0232392906638087,-12.7399868432475,-5.80913974742232,-12.0847291822831,9.66986168145883,-53.2485863392774,-0.066675774283332,12.8707582555538,5.64821940880749,6927942980
-721.054938455152,-1.9108170220873,3.11212468994178,-32.7407715717922,-10.2543489904536,-29.5828608060013,24.4726568374978,-126.865736475524,-1.81979451509859,29.6238374136137,11.9057804493179,6927914142
-565.814211432801,-1.24350641264825,1.28907237111245,-24.8756219713201,-9.3368935017175,-24.1073025663244,18.2556461441095,-100.225751094689,-0.418449030315919,23.353639629794,9.49620669651266,6927913113
11326.3407035784,18.8981867031189,-40.5075222096175,501.899675967423,173.322200238737,480.318337748565,-384.338105187578,1997.5200319936,14.3823799555437,-458.992229173126,-191.582223231354,6927899941
NA,NA,NA,NA,NA,NA,NA,NA,NA,NA,NA,6927866573
-542.138588254114,-0.911223086719618,2.85500918894833,-24.4621503538044,-8.24389457746024,-22.3253804252191,17.8867672491689,-95.4922788889501,-0.0647983578558741,22.4239562383667,9.04174704401246,6927857741
-476.598316399761,-0.863197716622828,0.962166822394702,-19.7505504092225,-7.43010770784953,-19.0812173236866,15.1355945733024,-83.9584616942842,-0.303779967112509,20.2275290900706,8.90791081524718,6927775381
-1280.99768821427,-2.38247668957658,3.82276318744191,-56.6975982578022,-19.7374790833938,-53.8527574698903,42.5568904913048,-225.938892321245,-1.44999091822418,52.3262481790234,21.5774085300835,6927608649
NA,NA,NA,NA,NA,NA,NA,NA,NA,NA,NA,6927564241
-1051.16193093382,-0.429442628936224,3.24602498174184,-46.5553216838539,-16.1467536714963,-44.4721887508557,35.2351150604608,-185.311074187624,-1.33095931075495,40.8878721237354,17.9537566266952,6927545653
-406.59668203446,1.0387668187879,2.24123665646981,-18.301956075264,-8.35762931361738,-16.2980473281396,13.1661411715023,-71.4412540116161,0.743663327897995,15.7106505822358,8.33456467194356,6927471449
-108.675113601485,0.956426340185349,-0.861301671811564,-3.04299097535246,-0.510173532936546,-4.63137108390786,3.12903497961053,-18.6382610046413,-1.20543555993698,4.61000009049414,0.111017417207849,6927238205
2295.48606971339,4.01856909244078,-7.7995759996997,102.415009048783,33.0795684174246,96.5568809596727,-79.0356084106469,403.902639981595,4.29802537968242,-92.9511066591165,-39.8610904574195,6927085272
-9.56575562303538,-0.436405844734336,-0.566185878264151,-0.251798907387207,-0.171985061580321,-0.527315435945638,-0.632793491337714,-0.958677753631907,0.0780951282735588,0.399340195971304,-0.940651250947464,6926902789
2035.60158345555,2.73970708185822,-6.88567250904305,89.3003155402971,30.8137577562444,86.8022535750082,-70.0466916515111,358.730191989751,3.51790311398988,-81.0609903980401,-34.02468952703,6926883676
232.943917677413,0.168330479915016,-1.26933330283309,12.4094628287769,2.84653876816501,10.8653341714893,-8.60263293134586,41.8683065929619,-0.644426664696192,-10.3222114223267,-5.18068874512008,6926684241
54.5090977050654,0.841398731380156,0.34226187101261,3.77470004469402,1.62220959131783,3.01777859277986,-2.4595209141,10.128613342869,0.0191610338521379,-2.25450822236618,-1.70852516465105,6926133812
1979.37785404971,3.72746901506428,-6.41128875679433,86.9476342311897,30.3369753707968,83.1049263980166,-67.592359761411,348.372102048945,1.97149869525118,-79.8313971088101,-33.8230152597277,6925691377
-10328.5729040189,-18.7743234111784,34.8637851798486,-456.061610318644,-160.558334675925,-437.370062649079,349.485135331988,-1819.95791950627,-12.348288120186,418.927531439572,177.00255887633,6925479410
NA,NA,NA,NA,NA,NA,NA,NA,NA,NA,NA,6925475963
2066.09297993016,2.81751800159127,-6.94906616715156,90.3681178494445,31.911422282929,88.1421729588184,-69.8151620092005,364.445223854839,2.50516359129085,-82.7600241916992,-34.196537598307,6925475627
-480.883297071695,-1.91631884421873,1.86291104867377,-21.1014839187364,-8.10859051763853,-19.681960243121,15.2676880821701,-84.5777092006088,0.641335668909547,20.8987139169902,8.65720922153606,6925411481
NA,NA,NA,NA,NA,NA,NA,NA,NA,NA,NA,6925391133
45.8869880230757,-0.0676833100521578,1.20307456855222,2.30779541104098,0.755158347198956,2.7833616118104,-2.45724086078517,8.90492681370882,-0.852652411422431,-2.2404152729034,-1.15887677217458,6925351988
45.2998345652677,-0.98809819631801,0.112796308359688,2.78956987571721,-0.0844752668945434,3.27415343071461,-2.59897355300699,8.88025363692568,0.242554525084078,-1.67110177342169,-0.42263554846315,6925276018
NA,NA,NA,NA,NA,NA,NA,NA,NA,NA,NA,6925148928
-724.436169825769,0.813070353815618,2.77719217531466,-30.9767199403587,-11.1844075097024,-31.2865339060216,24.4724259442408,-127.176547841582,-1.58597530956797,27.1384615334034,11.8255757649753,6925117930
185.89849435613,2.46765962604446,2.10111825390801,10.1328187607176,4.38447825733919,8.5461992770109,-5.93156938433495,32.8002039429221,-2.21603673511882,-9.89573827869175,-4.99845922343543,6925112112
-252.469400079401,-1.48218789583835,-0.637521263594223,-9.92668659269841,-5.79310567197262,-9.71858532928845,7.32863762468847,-43.5996707285041,1.12520048926111,11.7014039406761,5.4890667918855,6925090735
2156.18821664678,2.42346582777031,-7.41195269015043,95.1329137060989,32.5208930470372,92.2419840264848,-73.7756424558452,380.038091306946,3.20080415909023,-86.7233693614299,-35.6939090370148,6925029626
-95.4916397136347,-1.7688556839596,-0.486158539472909,-4.12750862218032,-1.58763935475461,-3.29228208573553,2.25394489621663,-16.2333671779601,0.0498168578451698,4.41624096806183,1.07569632367733,6924889661
-280.100065784656,-0.920358434779715,1.40814643787322,-12.3987553284262,-4.54369161941286,-11.5800677759131,9.01042816321722,-48.9011072470955,-0.765032905021022,10.978038148712,4.93719127310256,6924789209
NA,NA,NA,NA,NA,NA,NA,NA,NA,NA,NA,6924648234
NA,NA,NA,NA,NA,NA,NA,NA,NA,NA,NA,6924604682
-204.567879539057,0.466949043105958,2.3461629626412,-9.35892650595344,-1.89155411251487,-8.89803320423499,6.91319904051106,-35.4277305639285,-0.430720078213854,7.79816899459689,2.60325838932306,6924597547
-78.1122059196787,-2.96160404218538,-2.44849679645835,-1.74409639339305,-3.60652063791839,-2.2776543386835,1.33985639122661,-12.7029598721083,1.50163049761974,4.82526813728528,3.5522687988555,6924548198
-232.152375697228,-1.46619113299952,1.3198252571334,-11.2413243485334,-2.96060728776203,-9.15482381582535,7.03546437070127,-40.0785326592035,-0.244916685653732,9.53035135644585,3.69979894015718,6924513479
-49.8190601716193,1.20366992548422,0.611048923381083,-1.96686985170836,0.331800576013382,-1.85487672620405,1.27631124761554,-8.69208580866681,-0.671814905440561,1.08897175209515,-0.0702747287814267,6924372074
-314.188786409154,-1.10708259978195,0.550955792211352,-13.2089956156867,-6.5341561184833,-12.3206219446367,9.9098261297732,-54.9281661246692,0.866912901583844,13.3033818364886,5.91466165747979,6924359661
2415.40643159023,3.28921386748675,-8.84273033172704,107.22632429496,36.905683765053,102.366737699277,-82.1578667978066,425.679964619678,3.38654040428384,-98.1156679743655,-40.6865193029521,6924334238
NA,NA,NA,NA,NA,NA,NA,NA,NA,NA,NA,6924333898
NA,NA,NA,NA,NA,NA,NA,NA,NA,NA,NA,6924327658
-1043.31174136875,0.22716508467235,4.1555061994497,-45.5711350227757,-14.8046464211318,-45.2524047855073,35.9300108069034,-184.581330354508,-4.0155221321731,39.8265821132866,15.9184924119259,6924319094
-749.135400387308,-0.543527731411637,2.17496080805527,-32.7551817103713,-12.6086067587581,-31.1091783235479,24.4751709093027,-132.896663398253,-0.708831180924636,29.5077142120522,12.9605067343924,6924303569
10934.4649382324,18.7041224111098,-39.7220546295195,484.689571683784,166.353563466639,463.171425136662,-371.957775691877,1928.06282663908,16.0519468355356,-441.79520705176,-184.108206070135,6924255499
NA,NA,NA,NA,NA,NA,NA,NA,NA,NA,NA,6924252974
NA,NA,NA,NA,NA,NA,NA,NA,NA,NA,NA,6924251283
NA,NA,NA,NA,NA,NA,NA,NA,NA,NA,NA,6924246168
-876.345335068399,-2.59162840218425,2.67692895160577,-37.8187077087016,-14.5601149755726,-35.9892853030112,28.6452129596127,-153.58314677712,-0.884699260583481,36.0626835483998,15.2883221540381,6924239246
NA,NA,NA,NA,NA,NA,NA,NA,NA,NA,NA,6924231184
-972.519738902635,-1.58534562317381,3.64552365041248,-43.2148067090457,-14.6307038287068,-42.1053153909644,33.3502074205549,-171.985558076761,-1.06336891046316,39.8091976106263,17.1654490324588,6924226818
NA,NA,NA,NA,NA,NA,NA,NA,NA,NA,NA,6924224030
-190.165946122588,-0.0141854751621257,-0.0640571269255641,-8.29872980961016,-3.99014287914047,-7.60543631185484,6.23250278306229,-32.8396613999845,-0.0537046716507977,6.92542877123389,3.60332743184581,6924223908
NA,NA,NA,NA,NA,NA,NA,NA,NA,NA,NA,6924215880
-684.338067783559,1.00691083539506,3.40315192028862,-28.2849204027191,-8.13014849994234,-29.9707228264296,23.2516804587323,-120.68574238292,-2.77653263970767,25.3127345977638,8.84386776392235,6924211132
-912.679903677809,-1.0915977333965,2.21749035274268,-38.6446273026771,-13.9776491962998,-38.0750438182755,30.7855150074193,-160.59201100189,-1.91811890076988,36.5012485821192,15.6346937576422,6924209904
71.2289299998131,1.97367724647785,0.203730698029873,4.17753954937831,1.07839314331027,3.1383717896387,-2.94279067062296,12.831856850716,-0.471897848218796,-4.26758948779407,-2.06908933541143,6924194655
-516.626878782689,0.672150216945655,3.05381250360218,-22.5132747261814,-7.03410307151545,-21.8164241825273,17.1084510871575,-91.5575349689507,-1.12740768973082,21.1898671646454,8.36341316461772,6924101928
NA,NA,NA,NA,NA,NA,NA,NA,NA,NA,NA,6924100619
-755.150292841195,-1.64255514828836,4.03427629121043,-33.6647949722545,-11.6051269066782,-31.6347987480285,24.8013193230293,-133.638414702985,-1.32696224233931,30.1848490575546,12.4090437223729,6924088968
1773.1709256783,2.87403863978412,-5.9086697390087,77.7350640473662,27.1213459276784,74.0462219893341,-59.886196168229,311.694089402026,3.67917369230254,-70.8740657351915,-28.7183605392891,6924079621
-15.8389846450864,-0.589533027230421,-1.31044604704715,0.511302745492778,-0.791592125236844,0.531772588515446,-0.214848588035668,-1.82842414802937,1.23926635249066,1.68482537868602,1.30527471671699,6924077360
NA,NA,NA,NA,NA,NA,NA,NA,NA,NA,NA,6924077001
-1305.39442313373,-1.63795611323367,5.20770683906872,-58.1587101193095,-19.7007976883803,-56.2798970163364,44.3105240803044,-230.788766816355,-2.21120643620663,52.3244151555099,21.2436608079955,6924072627
NA,NA,NA,NA,NA,NA,NA,NA,NA,NA,NA,6924068010
57.0485558480938,-0.607692812794585,-0.896023342923122,3.68247828366611,1.47088469849161,3.82070514365962,-2.95785026173012,10.7402527333099,0.181497558515336,-1.78552493657492,-1.15439145528655,6924044928
-159.70084563686,0.680118658250396,1.70371964861526,-6.98885397299837,-1.53538784532894,-6.05811524367381,4.55292338150477,-27.2905546608365,-0.136755291358606,6.51191303747922,3.34624412573952,6924025722
NA,NA,NA,NA,NA,NA,NA,NA,NA,NA,NA,6924025410
NA,NA,NA,NA,NA,NA,NA,NA,NA,NA,NA,6924025148
-12.2872488260071,0.337258137765312,-1.26535985392339,0.810280425749473,0.900497576925881,-1.13703996394739,-0.0797009858007685,-1.74090092348567,-0.706450594279545,-0.843167088300114,-1.63993693998685,6923978329
2113.92694621383,3.87751493389165,-7.47810797112759,92.8978008147133,32.2894588167601,88.728051489156,-72.1837900691997,371.765747851728,3.1227069322048,-85.6081411488907,-35.5779801901171,6923974560
NA,NA,NA,NA,NA,NA,NA,NA,NA,NA,NA,6923965588
NA,NA,NA,NA,NA,NA,NA,NA,NA,NA,NA,6923951616
NA,NA,NA,NA,NA,NA,NA,NA,NA,NA,NA,6923932384
-308.888775846446,-0.305112530667536,2.55062705062829,-13.2207792939826,-4.38847843944115,-12.9256928912404,10.3914389396013,-54.5692454459489,-1.38745901785044,12.8331676391473,4.8242330141728,6923929952
NA,NA,NA,NA,NA,NA,NA,NA,NA,NA,NA,6923929001
-1042.05639725128,-0.887192415023386,2.71905570082243,-45.4423870152993,-15.1470099403347,-44.9515042294744,35.3365409641243,-183.19868537517,-2.25958674248742,42.1271230045872,18.2598060352115,6923914852
NA,NA,NA,NA,NA,NA,NA,NA,NA,NA,NA,6923909650
-32.6994663270142,-1.06410281594875,-0.934045019772149,-0.537567711910763,0.403571315215848,-0.583017842123725,0.568368602042846,-5.02193785672565,-0.394717112434449,1.87720515503415,1.26169171512148,6923898758
20859.3303829386,34.3950398063657,-73.9017164855661,921.564323511568,320.309463871564,882.592614052453,-708.245920029138,3679.42232712839,28.1277444247678,-844.423717231311,-352.433420347351,6923852238
-157.612257853273,-0.401219013559962,2.2256819951841,-7.2787880721099,-1.40975103970791,-6.27358662904607,4.52967260538686,-26.9828518083742,-0.251418514393601,6.06580976853387,2.74132707825476,6923844220
1820.29311093707,2.234746227138,-6.10689133856297,79.5649629507912,26.7819223457922,76.5856709250014,-61.542541827268,319.873642026611,3.1236439720455,-73.2739415311771,-31.370826308863,6923841359
NA,NA,NA,NA,NA,NA,NA,NA,NA,NA,NA,6923831732
-214.523665042744,-0.645827619170905,0.0457018059645407,-9.18794342074265,-3.69350095912863,-9.15482130247992,6.7400766808485,-37.6943766839631,-0.473779185354101,8.69453061952075,3.46380111621088,6923662174
-314.752928043483,-0.3350401583445,-1.09758065537695,-13.3196652669947,-5.38138154907695,-12.9089448303937,9.60463020191604,-55.4863774360596,0.99335541375935,14.0838044801125,5.95427809221462,6923650451
-1250.95958078438,-1.14148050255047,5.60687914203832,-54.7708867101786,-18.9703174091482,-53.9644829614541,42.4602578957484,-221.028355483136,-3.13842404472168,48.361478095696,19.1208508172177,6923571354
NA,NA,NA,NA,NA,NA,NA,NA,NA,NA,NA,6923512631
10588.2211529227,18.2253744203039,-36.9372609417781,469.180050902937,162.546791043722,448.894750024937,-360.462764718838,1867.37873412225,14.4425298912134,-428.253126987723,-179.495548168973,6923443435
-584.811699944654,-1.67022830161732,2.54876335016554,-26.1950788894864,-9.23669493753113,-25.6374219388484,19.3730151536879,-103.328101310493,-0.562611021435183,24.1301799769429,9.7013247437062,6923432743
NA,NA,NA,NA,NA,NA,NA,NA,NA,NA,NA,6923419162
-10831.3599993391,-18.1834841505177,38.7389021519255,-479.782149706704,-166.044673643158,-459.256102380986,366.813159147571,-1909.68137602753,-13.3021039504783,439.849140118801,183.39040604722,6922251457
