aware,past,appreciate,resp,concern,value,landcontrol,Wetland,Cover Crops,Nutrient Management,Cluster,id
-0.27377877799617,0.251060592892704,0.277409011173474,0.00348355721932048,0.9637268970416891,0.238775316981531,-0.24921426452377302,-95.95937774818809,-298.978099629315,-278.380474205636,3,6967500969
-0.249872655858451,0.21886079689841104,-0.15458838407550599,0.0430828466116051,-1.20314611113854,0.264208816341387,0.16834386280850303,-95.95937774818809,-298.978099629315,-278.380474205636,2,6966018516
-0.30903357044496005,-0.7259151496555241,-0.235558600221277,-0.0737864061458599,0.908237260194384,-0.23656825376008303,0.4645221228037561,-95.95937774818809,-298.978099629315,-278.380474205636,1,6954002510
-0.252322751505304,0.227540887354783,-0.208272521772267,-0.0849347041709959,0.47819738733996997,0.21134401846410397,-0.1820313960274,-95.95937774818809,-298.978099629315,-278.380474205636,2,6954000142
-0.307019394158646,0.17224331146583702,-0.0917972794038498,-0.14853799925532502,-1.4620049867195002,-0.099549087964492,0.28189329274267305,-95.95937774818809,-298.978099629315,-278.380474205636,2,6952091365
-0.21203395550756102,0.20773156051734198,-0.0508014885847387,0.21360175594485503,0.0942629495674654,-0.169504815883178,0.0524825829143678,-95.95937774818809,-298.978099629315,-278.380474205636,2,6950969532
-0.28239778434127194,0.242390001304313,-0.131463679432305,-0.14889273400247197,0.611432388050166,0.0474216005021718,-0.257975755642665,-95.95937774818809,-298.978099629315,-278.380474205636,2,6950966877
-0.220873619173925,-0.315826959691287,0.22177003830207198,-0.142315131343478,0.9650184515267521,-0.15074086274145598,-0.29872930840184597,-95.95937774818809,-298.978099629315,-278.380474205636,1,6950963846
-0.301740293189875,0.24897488807188198,0.174453417752275,-0.0801136945102878,-1.62179745410258,0.139178731951794,0.983267733290879,-95.95937774818809,-298.978099629315,-278.380474205636,2,6949522020
-0.273844517245157,0.239567638348835,0.334038356935443,-0.0774722427378655,-1.31642050091027,-0.29242691506943896,0.0909725494020965,-95.95937774818809,-298.978099629315,-278.380474205636,2,6949520595
-0.308226713195415,-0.0318567047009383,-0.216938824417375,-0.0682826029071679,-0.267053187827414,-0.191105065233999,-0.0637632757050203,-95.95937774818809,-298.978099629315,-278.380474205636,2,6949519165
-0.30417812278885603,-0.6882252704995339,-0.10767086071120402,0.14820154875873098,0.24083982353198602,-0.577693697883468,-0.000645586991365404,-95.95937774818809,-298.978099629315,-278.380474205636,1,6949517026
-0.30402120276221195,-0.685684001230465,-0.009342364233893759,0.0285955394129583,0.728640549573683,-0.324639318454661,-0.28799926557989697,-95.95937774818809,-298.978099629315,-278.380474205636,1,6949515466
-0.0575160828182497,-0.0017675994894319,0.14649988665511401,0.218637806101481,0.944357771658612,-0.20754944344739198,-0.43505402611922706,-95.95937774818809,-298.978099629315,-278.380474205636,3,6949513982
0.208591145115845,0.250863765285095,0.25345499246962,0.11305930343239698,1.7913019158612902,-0.10666134343747198,-0.42517181417091293,-95.95937774818809,-298.978099629315,-278.380474205636,3,6949512250
-0.304927255466134,0.197509897021424,0.032755032755544,-0.146766894199788,-0.199952376448164,0.33005101328080105,0.239789504701035,-95.95937774818809,-298.978099629315,-278.380474205636,2,6949510004
-0.109839810157475,0.20994143029014498,0.0202442026423184,0.0473430191423747,0.49702084116909007,-0.213063289829061,0.11488867800933,391.097528769512,180.958615143864,202.076093961255,2,6949508507
-0.250667837023897,0.171790446830936,-0.10699686553312199,-0.0833910082178534,-0.154732993087206,0.052132447487878,0.18162932152023498,391.097528769512,180.958615143864,202.076093961255,2,6949506509
-0.139539581587597,0.23116199864235898,-0.0498537108447088,-0.0641462282070184,-0.333622687244094,-0.25370981535164,0.25513836508568105,391.097528769512,180.958615143864,202.076093961255,2,6949504595
-0.0980470339333264,0.18179571288734198,0.339153740697345,-0.035893503622188995,0.7304668510111941,0.287035900735621,0.0457247246201294,391.097528769512,180.958615143864,202.076093961255,3,6949502871
-0.19020502122364003,0.18157548459224898,-0.10647293554470401,-0.147300400626825,-0.844371967345746,-0.406052564822667,0.5111225666654791,391.097528769512,180.958615143864,202.076093961255,2,6949501136
0.323974581038631,0.212458632197905,0.12128221048659,0.158093920245173,-0.52807634783757,-0.4630168602005851,-0.34255971033400995,391.097528769512,180.958615143864,202.076093961255,3,6949498386
-0.202643510738116,-0.725647620838628,-0.23132577700191104,-0.0833418588465673,1.02223287721759,0.0829954647771848,-0.465382121118756,391.097528769512,180.958615143864,202.076093961255,1,6949496064
-0.281818204449939,0.18171996950597602,-0.0944996600241204,-0.14827456747401002,0.151295936321944,0.49702213315552796,0.17691570245184698,391.097528769512,180.958615143864,202.076093961255,2,6949493789
-0.283824091015181,0.156568393595919,-0.21388340101813,-0.149970909331969,-1.01227593576132,-0.455899654496374,1.0621814081972,391.097528769512,180.958615143864,202.076093961255,2,6949491780
-0.0957628607352299,0.247475389764481,0.0946917740193023,-0.0786767709582726,1.1745272453915199,0.62211565505516,-0.0151292656408679,391.097528769512,180.958615143864,202.076093961255,3,6949489833
-0.16327685235467002,0.245302180987528,-0.007575986838363779,-0.14563791968148498,-1.05787201430944,-0.0329796916489827,0.19362161777017198,391.097528769512,180.958615143864,202.076093961255,2,6949488002
-0.27562020770490697,0.24150357557549998,-0.15240468590457,-0.0026670599088765,0.233411081615797,-0.190567571961129,-0.091291622377005,391.097528769512,180.958615143864,202.076093961255,2,6949485959
-0.136183077181548,-0.7254950243918701,-0.228432008946068,-0.08247006764560601,0.837820802718961,-0.11066007194760799,0.20172429543489,391.097528769512,180.958615143864,202.076093961255,1,6949478309
-0.30659654715104806,0.160490367390287,-0.0406464151154238,-0.18226899629163298,0.258857562898549,-0.22728894527689103,-0.10891400762682599,391.097528769512,180.958615143864,202.076093961255,2,6949476839
-0.27877944207031896,-0.6851032977056719,0.011533977170028999,0.0009006041591271831,0.767828768220282,-0.31202035901450204,-0.206075773938812,391.097528769512,180.958615143864,202.076093961255,1,6949474644
-0.131308090208439,0.19988605402521398,0.13781299366276098,-0.0784400021686238,0.31222992078311895,0.271233502168753,0.0881224965302483,391.097528769512,180.958615143864,202.076093961255,2,6949471920
-0.30917456483897804,-0.725892221414565,-0.23596426857976102,-0.0847392742804483,0.0754971063054931,0.22137413907225895,0.24835268352329398,650.246009431763,436.51981977517096,457.708878976419,1,6949467324
-0.30903211786108004,0.205039742645944,-0.213697314877197,-0.150349486420672,0.0387459965351174,-0.0329799069834356,0.270641694231673,650.246009431763,436.51981977517096,457.708878976419,2,6949465030
-0.198201886178678,-0.7083198070934961,-0.025734637838597,0.00140695107336931,0.554727186975631,0.163908278137299,-0.167012214525885,650.246009431763,436.51981977517096,457.708878976419,1,6949463084
-0.18792303806421398,0.196023605977943,-0.0302961148561144,-0.0644235642082605,0.0644224491090305,0.451811974927739,-0.144391321510962,650.246009431763,436.51981977517096,457.708878976419,2,6949461204
-0.27255687919346305,0.22848329568474302,-0.12560927704675998,0.211748217378198,0.126972574727834,-0.31494953375578805,0.0474980956618702,650.246009431763,436.51981977517096,457.708878976419,2,6949458706
-0.309069349204579,0.16950987623768501,-0.21463875446166697,-0.150314896811082,0.536018466936283,-0.103906752229855,0.29179843906189,650.246009431763,436.51981977517096,457.708878976419,2,6949455558
-0.280754786701636,0.20575494532368802,-0.16013482546145402,0.025515013030817997,0.28488565980479696,-0.155388315803621,-0.21912398396197896,650.246009431763,436.51981977517096,457.708878976419,2,6949418183
-0.283500888525143,0.157663896829181,-0.169175469246891,-0.183812741060553,0.37037473685069605,0.10278950625358198,0.0623194016796449,650.246009431763,436.51981977517096,457.708878976419,2,6949416279
-0.27759438900177,0.23299149579673997,0.0492342311474502,0.000200655066941613,-1.08892972700262,0.35402017779259204,0.10794172538424099,650.246009431763,436.51981977517096,457.708878976419,2,6949408889
-0.100930904605151,0.247193284866698,0.0991101562254615,0.0485302510258726,0.1751802653198,-0.313347699299252,0.000510574389820192,650.246009431763,436.51981977517096,457.708878976419,2,6949405911
-0.30140121001328,0.247851008233025,0.13467576531879,0.0011035024930966802,-0.470932636392443,0.362305004511928,0.418620868263762,650.246009431763,436.51981977517096,457.708878976419,2,6949403352
-0.281119441890017,0.20581424485885103,-0.161184009528053,-0.00281249758230313,0.848565720074983,-0.0647959478679368,-0.0935276015981272,650.246009431763,436.51981977517096,457.708878976419,2,6949399112
-0.310451691879145,-0.725684537437375,-0.23963881205057397,-0.18395033979469697,-0.00966877028247383,-0.5735901742144239,0.142094171796966,650.246009431763,436.51981977517096,457.708878976419,1,6949394536
-0.282953958643042,0.191940775663,-0.210546060248016,-0.0853014294110477,0.7907356555158159,-0.0452708519710266,-0.13892833660372303,650.246009431763,436.51981977517096,457.708878976419,2,6949392066
-0.280599430730731,0.156044005456057,-0.20460542473139604,0.100530389818266,-0.0574794372163475,0.14908751493026298,0.6585802978480669,650.246009431763,436.51981977517096,457.708878976419,2,6949389471
-0.186640131304061,0.19198818548665098,-0.203367280579893,-0.00221543365729057,0.46671991647742295,-0.160238551424608,-0.0500453084730661,650.246009431763,436.51981977517096,457.708878976419,2,6949385903
-0.308029504964432,0.15633908527311402,-0.211952175599823,-0.0684658183132408,-0.8904205281965392,-0.26051436681431195,0.0614549086236399,-37.3314842880795,-242.05280669004398,-222.09471056606498,2,6948985749
-0.30796855439696397,-0.7223734914299991,-0.0908393192579858,-0.181797960438159,-0.0770823651455223,-0.22197123871749103,-0.04619125715113401,-37.3314842880795,-242.05280669004398,-222.09471056606498,1,6948796897
0.0110805423857227,-0.143412863362458,-0.103553398085467,-0.0686947535070629,1.0701628179999398,0.219163746039263,0.0118167904034162,-37.3314842880795,-242.05280669004398,-222.09471056606498,2,6948796210
0.0506887823120405,0.24729494582929998,0.11688440248330399,0.21922707886581896,1.4253474228273402,0.4732143059715179,-0.297602227694514,-37.3314842880795,-242.05280669004398,-222.09471056606498,3,6948795512
-0.30577845941054105,0.155973024514267,-0.205475478699355,0.10640216341345901,-1.27170347576991,0.135809847737249,0.12403570518567698,-37.3314842880795,-242.05280669004398,-222.09471056606498,2,6948794673
-0.22198330268228303,-0.7235126942467309,-0.0950703707278687,0.21411627140814302,0.524308666697354,0.8283707041927629,-0.589912419540761,-37.3314842880795,-242.05280669004398,-222.09471056606498,1,6948793617
-0.30926655743556297,-0.0186859137363669,-0.21962540327922,-0.150131681405009,-0.970107263858864,-0.511046160970792,0.45633036056899196,-37.3314842880795,-242.05280669004398,-222.09471056606498,2,6948792859
-0.300306559814645,0.245186983039992,0.043028288881533996,0.21378786976527103,-0.35741272165650606,-0.16388322813138298,-0.0793971678925329,-37.3314842880795,-242.05280669004398,-222.09471056606498,2,6948790989
-0.18902449284126502,-0.711215822747397,-0.18045464735136799,-0.18160688181627602,0.360837909006843,-0.226043802814238,0.17759368381808702,-37.3314842880795,-242.05280669004398,-222.09471056606498,1,6948790357
0.12917565754053398,-0.7227662106768729,-0.0870244786686158,0.18413606110018696,0.55631689668438,-0.095076992519892,-0.27846373597695,-37.3314842880795,-242.05280669004398,-222.09471056606498,1,6948788893
-0.139116027129069,-0.7255017585901969,-0.228559713151613,-0.0825085404604866,-0.9174829233156591,-0.7195308458842221,0.19160377669568102,-37.3314842880795,-242.05280669004398,-222.09471056606498,1,6948788159
-0.282003219358878,0.15742034870970498,-0.164866383084548,-0.0674693005884509,0.000510075524095057,-0.733887607389293,0.141407702808827,-37.3314842880795,-242.05280669004398,-222.09471056606498,2,6948756355
-0.15298087270526198,0.247699280740089,0.108182137704486,-0.0791994832529092,-0.36161504892221397,-0.0349821978221786,0.000930831837968576,-37.3314842880795,-242.05280669004398,-222.09471056606498,2,6948754791
-0.21820283456726397,0.226127039360404,0.17811309864996303,0.10668238929195,0.116693506070461,-0.169920472584214,0.0061974087047227105,-37.3314842880795,-242.05280669004398,-222.09471056606498,3,6948752656
-0.276514543448899,0.240311057313564,-0.205996847453106,-0.00344226861439344,-0.442378664079854,0.21655627416687898,-0.316269706716456,-37.3314842880795,-242.05280669004398,-222.09471056606498,2,6948751048
-0.16271953235696898,-0.39259334823122705,-0.08530927418741001,-0.145870661913101,-0.48899782060214503,0.309933791388217,0.362136574439639,-37.3314842880795,-242.05280669004398,-222.09471056606498,2,6948748993
-0.22373115854466397,0.246056596182222,0.0299734390966732,-0.145858078852326,-0.11326297371318199,-0.127241941707123,-0.246520923947933,369.519592633443,161.11263866467,181.058287078098,2,6948747287
-0.0733330575689169,-0.707211748989644,0.016650982562981,0.00357166725018473,0.8048691589835609,0.135080562758225,-0.0175331888626848,369.519592633443,161.11263866467,181.058287078098,1,6948745823
-0.247760685459657,0.206693517169785,-0.103902868851944,0.147738779905015,0.413556453264398,0.012233856469713,-0.0513654788707667,369.519592633443,161.11263866467,181.058287078098,2,6948744309
0.132617516531523,0.24657410448870398,0.0319628976955491,-0.141376532070873,0.56991929039241,-0.177837543004768,0.14296131748262803,369.519592633443,161.11263866467,181.058287078098,2,6948742656
-0.21976190861525402,0.0041011468892491795,-0.216391599522237,-0.183481021650824,0.17506985780184897,0.0730306879049464,-0.436142713444929,369.519592633443,161.11263866467,181.058287078098,2,6948731395
-0.278400933814409,0.240617818537248,-0.211424360286974,-0.149982739727972,0.250518068592746,0.0172724673626175,0.11361243387489099,369.519592633443,161.11263866467,181.058287078098,2,6948722483
-0.305199182667943,0.20690245324777398,-0.10787221463374302,0.0197557841071648,-0.532830321900873,-0.0777136337567838,0.0102560922805964,369.519592633443,161.11263866467,181.058287078098,2,6948718920
-0.30644176962835995,0.243951961451585,-0.059762137751661,-0.148170997174487,-0.871865166882361,0.03503864308604,0.32288751830511103,369.519592633443,161.11263866467,181.058287078098,2,6948716744
-0.301524963519005,0.223206999196134,0.0517329343586887,0.1038394083193,-0.6568980755367609,0.17417826829630598,-0.0694011814748588,369.519592633443,161.11263866467,181.058287078098,2,6948714093
-0.27661916504928696,-0.711801292270504,-0.177664531476393,-0.00173898315169918,0.9386380536457841,0.24212410535470802,0.23307953636321602,369.519592633443,161.11263866467,181.058287078098,1,6948712233
-0.309993866953027,-0.7127572945922801,-0.238016304750076,-0.14945597782043601,-1.4199643993996298,-0.36099456870490504,0.105741759548037,369.519592633443,161.11263866467,181.058287078098,1,6948710186
-0.22874807235428699,-0.720061563855972,0.0237844908466364,-0.0629105476864927,0.47654194772707104,-0.0686801542295995,-0.39106346506403705,369.519592633443,161.11263866467,181.058287078098,1,6948708312
-0.27807624476423803,-0.711833559399378,-0.192122556299559,-0.10110603133913301,-0.32935868752310304,-0.5688062157085501,0.00967788053490382,369.519592633443,161.11263866467,181.058287078098,1,6948706493
-0.0793739557272814,0.244766570306537,-0.0281440216988091,-0.0802231625548677,-0.303578672242248,-0.47666629763365204,-0.00053947256537915,369.519592633443,161.11263866467,181.058287078098,2,6948691653
-0.30065421147690097,0.16492731237646,0.182489152167302,0.00190914443253773,-0.0970527582407303,0.151662115487647,0.295093992809609,369.519592633443,161.11263866467,181.058287078098,2,6948681806
-0.15706972125593602,0.160238027855265,-0.0609317049923293,-0.18068959932645298,0.120365648056899,-0.22505918605345201,-0.0569877611245276,369.519592633443,161.11263866467,181.058287078098,2,6948655563
-0.27595293238119606,0.21770754130992104,-0.20490952749306698,0.0420395296513975,0.2853037706520589,-0.1092610914837,0.28431362419725603,278.722289864576,71.806268199165,91.6086486672933,2,6948647714
-0.189112760083443,0.206194455783547,-0.14957728209677,-0.00149724683336348,0.19406993008635504,-0.5296236808799221,0.135201209770828,278.722289864576,71.806268199165,91.6086486672933,2,6948511119
-0.26997960015908,0.251846928232683,0.29321550985398603,-0.14268314200359397,-0.207868344550034,0.515263663903389,-0.00362530546612055,278.722289864576,71.806268199165,91.6086486672933,2,6948510157
-0.25878450066431696,0.218227816016615,-0.212424334033808,-0.184204390751932,0.7238065435957579,-0.384353481467835,-0.33708378937527195,278.722289864576,71.806268199165,91.6086486672933,2,6948509307
-0.277316546519969,0.246343288905388,0.0654118238504134,0.000417025465248744,-1.26986675268609,0.26481883476329504,-0.22348069139969604,278.722289864576,71.806268199165,91.6086486672933,2,6948508205
-0.309527174130697,0.15658263339259001,-0.21626126176216603,-0.18480925878534302,-0.5308077932451121,-0.16937121218143303,0.0446259862310317,278.722289864576,71.806268199165,91.6086486672933,2,6948507689
-0.301706075185535,-0.708651993796721,-0.006234589791118321,0.21436874350467602,0.9009019784418,-0.450868883733887,0.00707895398769785,278.722289864576,71.806268199165,91.6086486672933,1,6948506700
-0.274735326608274,-0.7192926863692729,0.0979190234647853,0.21620838312443397,1.15483344302947,-0.46809683315617395,-0.00011445292169880901,278.722289864576,71.806268199165,91.6086486672933,1,6948504619
-0.30158116268806295,0.24761105712696102,0.123892283966437,0.0009475198199113131,0.0656510046317883,-0.008190853354348309,-0.167437151845065,278.722289864576,71.806268199165,91.6086486672933,2,6948503888
-0.309082971210235,0.156510397956099,-0.21498320336252105,-0.150302241348957,-0.365994208909426,0.539332462909745,0.301718876296262,278.722289864576,71.806268199165,91.6086486672933,2,6948502762
-0.21600556709361102,0.206559410072284,-0.131553002659755,-0.0015763565767318599,-0.722056742505001,-0.5625492753484109,0.11133567717560301,278.722289864576,71.806268199165,91.6086486672933,2,6948501935
-0.19100339004592395,0.244555428549333,-0.0395121720801631,-0.146439705764668,-0.6122660014189251,-0.0230161827695366,0.15503790458418,278.722289864576,71.806268199165,91.6086486672933,2,6948500862
-0.251576475305537,-0.39489340967503295,-0.169748526820935,-0.0442956722573508,-0.0723609159703043,-0.5956631481632779,0.14550349460178902,278.722289864576,71.806268199165,91.6086486672933,1,6948500040
-0.22022645945544395,-0.6787661387429591,0.273773658198646,-0.14106859755314002,0.181598723219314,-0.27524057569042304,-0.35564221551653996,278.722289864576,71.806268199165,91.6086486672933,1,6948499253
-0.306469626392319,-0.14236419500095301,-0.0473912202075336,-0.147467209312357,-1.4518120848095302,0.21497193531976302,0.421623409807566,278.722289864576,71.806268199165,91.6086486672933,2,6948498376
-0.224134235271305,0.22971571689517603,-0.101321203390076,-0.00127765093628054,-0.561994455518196,-0.355227037146026,0.29472222204581106,278.722289864576,71.806268199165,91.6086486672933,2,6948497545
-0.164673570395858,-0.7253498236510999,-0.23329145545636698,-0.18203810304267998,0.124472903420826,-0.17984043370411,-0.144804030618437,209.606096005307,2.09538655936504,22.1877961779415,1,6948497011
-0.24147697508764498,0.23630311607928697,0.224309473773378,0.217125203044792,-0.6497474525697761,-0.0855742293706253,-0.0245838852702475,209.606096005307,2.09538655936504,22.1877961779415,3,6948495759
-0.190291420855797,0.232544053058202,0.445775793967942,-0.0355924182847588,1.05364187870838,-0.0803304358677404,0.0679923241953746,209.606096005307,2.09538655936504,22.1877961779415,3,6948494256
-0.272163055288229,0.229008425315459,-0.10200977932707699,0.212089583271073,0.766780047999623,-0.201198232306731,-0.13781198814014803,209.606096005307,2.09538655936504,22.1877961779415,3,6948493327
-0.30828022909498604,-0.724699703152629,-0.182372107031225,-0.0839640655749313,-0.689543136885079,-0.15687606572524698,0.376314650558451,209.606096005307,2.09538655936504,22.1877961779415,1,6948492232
-0.281701832391577,0.229090597858351,-0.136803276638509,-0.08428295017566399,0.349490155577062,-0.24554435120985102,0.327752103679852,209.606096005307,2.09538655936504,22.1877961779415,2,6948461651
-0.282317907979407,0.24037495667539605,-0.20757644500456304,-0.0398887889117883,-0.941470297947395,0.290427735710359,0.4814197372638211,209.606096005307,2.09538655936504,22.1877961779415,2,6948085949
-0.278081742525025,0.24814506445563,0.127170744854614,-0.14515159627896398,0.314288902059595,0.5211642805236839,0.868555045063552,209.606096005307,2.09538655936504,22.1877961779415,2,6948084829
-0.109460890987093,0.21980348892980803,-0.126570062181051,-0.00019159660497626598,0.8654689802141949,0.219790503380909,-0.6802859066584879,209.606096005307,2.09538655936504,22.1877961779415,3,6948083536
-0.15475684367329598,0.220732724359744,-0.0783234200004213,0.0282381737344474,0.313138877258903,-0.0830274090592571,0.0144844406242525,209.606096005307,2.09538655936504,22.1877961779415,2,6948082295
-0.129132554308034,0.227195438709246,-0.192112853641436,0.212592445802923,0.31088290331453194,-0.00255360637204656,0.09337110050201901,209.606096005307,2.09538655936504,22.1877961779415,2,6948080508
-0.27847702602425395,0.24637190879557602,0.0559681352107288,-0.0815121564813551,0.31077016361541804,0.0446359482529295,0.0058663964519512606,209.606096005307,2.09538655936504,22.1877961779415,2,6948077266
-0.147561272270178,0.207283499413323,-0.0748096198140963,0.21406518199558197,-0.709011262366726,-0.391628386295724,0.22165759242300498,209.606096005307,2.09538655936504,22.1877961779415,2,6948076027
-0.31000748895868396,-0.725756772873866,-0.23836075365093,-0.149443322358311,0.0319260541285483,0.329515637549527,0.8015572691460741,209.606096005307,2.09538655936504,22.1877961779415,1,6948074916
0.255891156791457,-0.684402103663719,0.0393918434857626,0.221956631147172,1.8471801128633898,0.449957618574363,-1.2020968172775501,209.606096005307,2.09538655936504,22.1877961779415,3,6948071691
-0.307122141248795,0.227241333748453,-0.20767339524523898,-0.0038309280019095397,-0.6920222272029071,-0.21124211083710298,0.148404468109751,209.606096005307,2.09538655936504,22.1877961779415,2,6948070295
-0.22744532861495997,-0.7236941943555991,-0.102908838652408,0.21393626557777498,0.9088741772018929,0.0570588021071582,-0.43996117999715,285.273947242912,75.8937245644809,97.464971159423,1,6948068890
-0.27928109806074297,0.18015932826737302,-0.130977925531837,0.107764651580604,-0.21609345740311603,-0.23684220427223499,0.25920756760897,285.273947242912,75.8937245644809,97.464971159423,2,6948067454
-0.297274073275285,0.24194888601146802,0.44255894808424706,-0.0762179196724188,-1.4571008798999099,0.372237529601508,0.788348644974896,285.273947242912,75.8937245644809,97.464971159423,2,6948065388
-0.127440433329748,0.208976923920605,-0.0135532438691302,0.11130071266797399,-0.172727119479353,-0.11887292182079401,-0.0408789701453647,285.273947242912,75.8937245644809,97.464971159423,2,6948063980
-0.249693481465585,-0.6854678408817699,-0.0174033357045069,-0.08092850628013701,0.378913240137856,-0.0318607097869729,-0.24019912108492603,285.273947242912,75.8937245644809,97.464971159423,1,6948061858
-0.30634111383263896,0.241264079826811,-0.161342956173501,-0.0031783977562333,-0.982675927839874,0.197358625854147,0.5031107525892361,285.273947242912,75.8937245644809,97.464971159423,2,6948059293
-0.30816504921946697,0.18021126854422898,-0.160794635015896,-0.149548945338256,-0.635651238402431,0.715473231726698,-0.219010540123958,285.273947242912,75.8937245644809,97.464971159423,2,6948057874
-0.18370788217144798,-0.7239869773694709,-0.157752850694854,-0.0820563392207089,0.8581175790506619,-0.128004623462246,-0.21671247220002,285.273947242912,75.8937245644809,97.464971159423,1,6948056254
-0.18619990411958198,-0.7253992491793739,-0.234228738190704,-0.18232047357993103,0.5445161048620379,-0.0329895854123092,-0.0796607732947114,285.273947242912,75.8937245644809,97.464971159423,1,6948054705
-0.265603712012186,0.250736048709122,0.290580371627987,0.21775074790031698,-0.15055255116246202,0.0745300198424976,-0.22880166527225698,285.273947242912,75.8937245644809,97.464971159423,3,6948052325
-0.299431620461654,0.253299380422985,0.36031393451237703,-0.14209461177056,-0.8763310454059828,0.340526185415219,0.218920259381602,285.273947242912,75.8937245644809,97.464971159423,2,6948020508
-0.309059384963459,0.179018750282293,-0.21438679656443202,-0.150324154043773,-1.2394948156986,0.301289882483264,0.0642312604174218,285.273947242912,75.8937245644809,97.464971159423,2,6948018409
-0.30377590550185996,-0.7243932454864359,-0.129795234290846,0.212599081091781,0.20541138240317602,-0.36985281876920395,0.00270784002526703,285.273947242912,75.8937245644809,97.464971159423,1,6948016142
-0.307406715523966,-0.725110966941678,-0.190124560620878,-0.00228362521240065,-0.275836122406862,-0.569757792643532,-0.0728094775228398,285.273947242912,75.8937245644809,97.464971159423,1,6948013471
-0.21415813333673897,0.253877735485433,0.415115466089739,0.11627986269686802,-0.216104662096656,-0.21986113162739299,-0.0831234243153984,285.273947242912,75.8937245644809,97.464971159423,3,6948011547
0.32215186703041804,0.0589091577460701,0.08711980730596401,0.22245190792327899,1.6766618499145902,0.32967344973882695,0.129325568619726,285.273947242912,75.8937245644809,97.464971159423,3,6948008993
-0.27737751562327506,0.24213834674613896,-0.0954849660961234,0.212099703887182,-0.036517770568733,-0.0961469674829698,0.10490720558570898,622.566413081682,417.50439163792197,436.002275206333,2,6947769197
-0.146488208630847,0.223271667687247,0.0491176610237033,0.13404756846280602,0.631194933673025,0.155530483765943,-0.40533793998584705,622.566413081682,417.50439163792197,436.002275206333,3,6947767101
-0.25161616368508105,0.17052593641710198,-0.163824377983944,-0.0842130161587881,-0.4835989492757671,-0.00685307263927615,0.38979321833460295,622.566413081682,417.50439163792197,436.002275206333,2,6947766117
-0.267319446920311,0.255394009223342,0.45262249215756295,-0.14037732568958,-0.19129719657946698,0.302388477839224,-0.0885657913371281,622.566413081682,417.50439163792197,436.002275206333,2,6947764954
-0.24422020812526699,0.252572312503724,0.32430797602723,-0.141917967173964,1.1604113142455401,0.14892890408742301,-0.35186318792866794,622.566413081682,417.50439163792197,436.002275206333,3,6947763940
-0.30963029555145505,-0.7245892774887059,-0.19041747097740502,-0.183238354851478,1.7361714240507,0.0220308725322804,-0.15167575163696698,622.566413081682,417.50439163792197,436.002275206333,1,6947763117
-0.281452194376036,0.0414906381559132,-0.115013117761679,-0.0837124092012458,0.11014033022259599,-0.241392117966653,0.6249606586301121,622.566413081682,417.50439163792197,436.002275206333,2,6947762340
-0.307012609290182,0.24319079683758701,-0.0939691249823331,-0.14866580002483898,0.377185506312968,0.0937817651487689,0.0549541675774268,622.566413081682,417.50439163792197,436.002275206333,2,6947730214
-0.304191514269146,0.23114906774615102,-0.0320585485984969,-0.00129066550819992,0.174854085509375,-0.11803789822831501,0.16654025011461,622.566413081682,417.50439163792197,436.002275206333,2,6947728905
-0.27772159000549795,0.157603911036394,-0.16766511430036,-0.14923574079151403,-0.41160000147431297,-0.41046112354373,0.17842384211244003,622.566413081682,417.50439163792197,436.002275206333,2,6947727383
-0.28104336490567894,0.15745415063417098,-0.154863726635725,-0.0026552295128727896,-0.7123926466912371,-0.391480333176399,0.28795953734565505,622.566413081682,417.50439163792197,436.002275206333,2,6947725489
-0.30899490960864695,0.24054757325372403,-0.21275645917825303,-0.150384054577614,-0.8418379975960849,-0.209837535114245,0.116136345228964,622.566413081682,417.50439163792197,436.002275206333,2,6947722323
-0.274612883813646,-0.719285309470557,0.050644185592555006,-0.144880830132388,-0.844767978683304,-0.423693624163383,0.0151475309049257,622.566413081682,417.50439163792197,436.002275206333,1,6947720880
-0.24504635206445702,0.25022464224280605,0.22728649191890304,-0.0786519964746928,0.5674904848100439,0.0760642245303543,-0.14733358685859899,622.566413081682,417.50439163792197,436.002275206333,3,6947718708
-0.30846008587923696,0.16941079899119102,-0.212885785098612,-0.102985491211752,-1.62922481564924,-1.37092866876852,0.006347816201295179,622.566413081682,417.50439163792197,436.002275206333,2,6947716268
0.0207965178743661,-0.650576842912376,0.405205195245004,0.224198409574072,1.8454938727026902,0.655375722550197,-1.20196838434529,622.566413081682,417.50439163792197,436.002275206333,3,6947714118
-0.30813778211708803,0.20623226090788,-0.16010515332866102,-0.149574277715155,-0.993617878053633,-0.066635587428029,0.4327265839167771,325.75930408582997,117.442824280098,138.066551743546,2,6947711441
-0.212528146870916,0.19819292535137803,0.0773005097664804,0.0014623698337948,0.4209660447423279,0.152031025738355,0.340216634874333,325.75930408582997,117.442824280098,138.066551743546,2,6947708338
-0.267472056442077,0.25236842051457,0.335865006694741,0.00439574378117882,-0.6955434103192261,0.138453721527051,0.0857004728195511,325.75930408582997,117.442824280098,138.066551743546,2,6947706873
-0.30510941754635995,0.19444490256834698,-0.0857733597718918,-0.00201944083656243,-0.8446377040730021,0.13964456024574198,0.6204497479396899,325.75930408582997,117.442824280098,138.066551743546,2,6947704679
-0.22174545618758398,-0.7162498043033829,0.184038132132635,-0.142318441136331,0.160705978289618,-0.261999126070013,-0.159795936398785,325.75930408582997,117.442824280098,138.066551743546,1,6947701473
0.161937105886854,-0.725438825126811,-0.20465567661318698,0.21735171711032997,0.681998177391035,-0.437551178930766,0.104392774098545,325.75930408582997,117.442824280098,138.066551743546,1,6947697525
-0.27931472630600607,0.163245776931014,0.0816760520341284,-0.18018418275146,-0.0219335520040612,-0.20214107373423498,-0.339275931561416,325.75930408582997,117.442824280098,138.066551743546,2,6947696123
-0.277700172750856,0.228570907411534,-0.16896012899164498,-0.14935085823351502,0.11804934803882199,-0.496640143135185,-0.10252032678712199,325.75930408582997,117.442824280098,138.066551743546,2,6947392965
-0.30593083258760495,0.206352937209352,-0.135468458018292,-0.0027559464621197,-0.8690337598862641,-0.136839455952273,0.192983673931582,325.75930408582997,117.442824280098,138.066551743546,2,6947391733
-0.227423119459579,0.21932132909691002,-0.165106244971646,-0.18313789019448898,0.7250188434696619,0.00110349340495129,-0.178746542529802,325.75930408582997,117.442824280098,138.066551743546,2,6947391108
-0.273001231122895,0.179429255156476,-0.150475168483952,0.21145437854815902,0.058719085766781,0.146899083606606,-0.122774439776315,325.75930408582997,117.442824280098,138.066551743546,2,6947389851
-0.27502846687345195,0.22888522058587701,-0.132720516638757,0.0197478606936445,-1.07958206846659,-0.0854645470983773,0.24282836141551503,325.75930408582997,117.442824280098,138.066551743546,2,6947387994
-0.29937154586443,0.24643374212156302,0.0990580506423382,0.21459833827092498,-0.7387006650605541,-0.35143996855802806,0.403945518152733,325.75930408582997,117.442824280098,138.066551743546,2,6947387071
-0.298807585471121,0.251309379042767,0.29009608301652196,0.00335165184576575,0.21001455761368104,0.41179650867289097,-0.278637210708359,325.75930408582997,117.442824280098,138.066551743546,3,6947385647
-0.270799738522171,-0.6929699923737099,0.23081042383059802,-0.0776358886127343,-0.12489031615152199,0.146323826162531,-0.41717898713736207,325.75930408582997,117.442824280098,138.066551743546,1,6947384017
-0.307458832767296,-0.7236044432039599,-0.133150765958055,-0.08325208063171201,-0.781689161880661,-0.721609343628562,0.21559429655629397,325.75930408582997,117.442824280098,138.066551743546,1,6947382976
-0.281953893713512,-0.7253399024113041,-0.198205411766156,0.0262272431822888,-0.49021404896076,0.161915198099552,0.136998041105396,322.958015162524,114.81751064991501,134.71557578052798,1,6947381248
-0.309557356135153,-0.7244920191754399,-0.186046650502038,-0.18317513108918,0.120365648056899,-0.22505918605345201,-0.0569877611245276,322.958015162524,114.81751064991501,134.71557578052798,1,6947380629
-0.310363630277557,-0.6416473621397509,-0.23741206786630603,-0.18403215302335396,1.66714552176288,0.299515212353125,-0.7902494134968521,322.958015162524,114.81751064991501,134.71557578052798,1,6947379840
-0.185593283483309,-0.710732786651732,-0.120497112379235,0.11030158584342599,0.124317289545874,-0.34902200381589504,-0.11461657633263499,322.958015162524,114.81751064991501,134.71557578052798,1,6947378928
-0.18886949422047197,-0.205906693011215,-0.146637095129449,-0.14732853717454197,-0.32632902553641496,-0.21819203498190898,-0.11512151482109599,322.958015162524,114.81751064991501,134.71557578052798,2,6947364981
-0.304732395019439,0.243409165244619,-0.0649421144287814,-0.00178396301838477,-0.24150126046375503,-0.128581599915889,-0.0371271309356655,322.958015162524,114.81751064991501,134.71557578052798,2,6947364123
-0.22309357598986201,0.226979699550245,-0.196204030729618,0.21135991710047602,-0.742708596070378,0.0416437857661479,0.496747981723786,322.958015162524,114.81751064991501,134.71557578052798,2,6947363268
-0.30947632078154197,0.20511197808243498,-0.21497537327684102,-0.184856503857058,0.118758971099121,-0.22498883807980605,-0.0254841528565236,322.958015162524,114.81751064991501,134.71557578052798,2,6947362650
-0.119300593513238,-0.375871031429025,0.127513609840608,0.218105061598433,0.906788750362981,0.1760501664193,-0.159575669605265,322.958015162524,114.81751064991501,134.71557578052798,3,6947361706
-0.279485042616399,0.24469786937380703,-0.0170174560823895,-0.06544469413604,-0.16794688098862398,0.12327516836887802,0.327842936019211,322.958015162524,114.81751064991501,134.71557578052798,2,6947359283
-0.130005181443124,0.18843112214125302,0.208317037130339,-0.066455525634842,0.443862826816919,-0.0502480875389992,-0.172856675930085,322.958015162524,114.81751064991501,134.71557578052798,3,6947000153
-0.29341486250683,0.21891824018123002,0.45729506480638704,0.21982840150590396,-0.0732194988396918,0.0598289253208504,0.0814865349614993,322.958015162524,114.81751064991501,134.71557578052798,3,6946999089
-0.267685928268198,0.247959595987339,0.165805676307072,0.21594588638239898,0.135995070204703,0.219084067317653,-0.0771173942779841,322.958015162524,114.81751064991501,134.71557578052798,3,6946997925
-0.0428034349120106,0.22823257040580203,-0.202768731876467,-0.181380658551907,0.182910409364365,-0.180628220143488,-0.0603708923351638,322.958015162524,114.81751064991501,134.71557578052798,2,6946997286
-0.0097980573751033,-0.7195783648856992,0.0555181635823035,0.11502553120395301,-1.01974841838937,0.43223710289493,0.7221584216604741,322.958015162524,114.81751064991501,134.71557578052798,1,6946996370
-0.281849639048083,0.24029880766985998,-0.206229143999992,-0.00351225144704664,0.9777034754365791,0.227893558554918,-0.12250492078283802,322.958015162524,114.81751064991501,134.71557578052798,2,6946995349
-0.0601443728525004,0.246105579604936,0.0562821403730619,0.11308884798949301,0.465238509699032,0.0418309608860085,0.0887825113574745,587.3670936835811,377.372206962076,396.24287108616096,3,6946993526
-0.306115094173534,0.18294470377238,-0.0379531599580787,-0.147772047782499,-1.6480579130662,0.23748313628966197,0.934583291053271,587.3670936835811,377.372206962076,396.24287108616096,2,6946896808
-0.19220322216977398,-0.6335063217142691,0.17390751292317402,0.2182084273139,0.333072575646312,-0.259751109148951,-0.139993564022176,587.3670936835811,377.372206962076,396.24287108616096,1,6946894306
-0.28207100168209603,0.243490278379063,-0.0865412096599324,-0.18273146244652103,-1.19753166214785,0.313230464661332,0.570126613933673,587.3670936835811,377.372206962076,396.24287108616096,2,6946892816
-0.30826387527642196,-0.33915489753767,-0.22426068252204198,-0.0458590770932034,0.172497129901108,-0.37368231431161403,0.0259480280004314,587.3670936835811,377.372206962076,396.24287108616096,1,6946891262
0.167840305996174,0.24579679688488,0.00343057873116866,-0.0766836580690062,0.992050474648273,-0.246187222339814,-0.0689745921249854,587.3670936835811,377.372206962076,396.24287108616096,3,6946889776
-0.1318436663914,-0.7214466947810501,-0.0551160406825488,-0.144604447745261,0.912039221238326,0.45413322221183394,-0.5407324229581301,587.3670936835811,377.372206962076,396.24287108616096,1,6946884857
-0.200439009351721,-0.20547581387613603,-0.118023275872017,-0.0824057133471634,0.871485955551273,0.10560813266357401,-0.0977814663889733,587.3670936835811,377.372206962076,396.24287108616096,1,6946883630
-0.0684289859526375,-0.5150434220866861,-0.212904847846748,0.110178604445005,0.46533057212393897,0.0756039095475117,-0.208938468546341,587.3670936835811,377.372206962076,396.24287108616096,1,6946882172
-0.18339944001083103,0.169564552277539,-0.20514846877249804,-0.0385210969474789,0.9645972298071049,-0.596028974848849,-0.41861613083287297,587.3670936835811,377.372206962076,396.24287108616096,2,6946879942
-0.25833033350273604,0.22766445462473103,-0.21089431773692802,-0.149706630548237,0.0566688762620489,-0.11572989465218801,0.492345339008164,587.3670936835811,377.372206962076,396.24287108616096,2,6946742831
-0.16285733693710097,0.24542755744845998,0.0173789393977418,0.00116261136927259,1.72846390534376,0.0569060392756562,-0.295004990707112,587.3670936835811,377.372206962076,396.24287108616096,3,6946742021
-0.307132105489915,0.21773245970384603,-0.20792535314247398,-0.0038216707692183796,0.757052411905832,0.29683818651838395,-0.349065589192736,587.3670936835811,377.372206962076,396.24287108616096,2,6946740972
-0.27939144397578497,-0.725501210436185,-0.181094082994323,0.21217246849007998,-0.310088001190335,-0.30808052951848,0.0947989159322315,587.3670936835811,377.372206962076,396.24287108616096,1,6946739593
-0.306768258610822,0.158350784368043,-0.12379204792428501,-0.0843137815309609,-0.408164241968053,-0.5673797912852429,0.148735940016815,587.3670936835811,377.372206962076,396.24287108616096,2,6946738484
-0.24953208283079398,0.16156964067391197,0.009049534690773941,-0.146364146280816,0.11877348689088302,0.0598026761525915,-0.0566696715971567,587.3670936835811,377.372206962076,396.24287108616096,2,6946737162
0.173772459686587,0.19954560452439002,0.143330167386942,0.221208453971987,1.7919937288168002,-0.0799179877313199,-0.0346315955734848,310.375945818826,101.875943810587,121.76274305978701,3,6946736097
-0.275062801804877,0.161305061695453,0.0462721675170236,0.21426423877321302,-1.16331207871884,-0.0424289918028373,0.118913636315427,310.375945818826,101.875943810587,121.76274305978701,2,6946735108
-0.305163859134434,0.21086226739226396,0.0434445130089444,-0.181118469418085,-0.599237514037728,-0.0687859285981337,0.0453093701811438,310.375945818826,101.875943810587,121.76274305978701,2,6946734321
-0.268103865207206,0.247402313741324,0.14076122951753198,0.21558361935276102,0.5802793794324499,0.38565235195359604,-0.514366198215844,310.375945818826,101.875943810587,121.76274305978701,3,6946589637
-0.303273936568513,0.248175988949099,0.130067042444533,-0.14542512485291698,0.0969592776370476,-0.314517984180186,0.0228529538039725,310.375945818826,101.875943810587,121.76274305978701,2,6946589608
-0.15664472842955,0.24269980962495397,-0.077440890246793,0.21386570985078,-1.4660368588086,-0.586657877566274,0.552006126228106,310.375945818826,101.875943810587,121.76274305978701,2,6946588901
-0.309018495855424,0.21803922092753,-0.21335286597634195,-0.150362141882797,-0.9901746867282709,-0.22476688922153498,0.280159253932415,310.375945818826,101.875943810587,121.76274305978701,2,6946588875
-0.309557356135153,-0.7244920191754399,-0.186046650502038,-0.18317513108918,-1.19144795573642,0.313135319794077,0.5697939554309189,310.375945818826,101.875943810587,121.76274305978701,1,6946588448
-0.274606165899304,-0.0312098959593777,-0.16614542844739402,0.112355682223912,-0.326431981254278,-0.196693502680015,0.153557311099841,310.375945818826,101.875943810587,121.76274305978701,2,6946588193
-0.280764738204135,0.18154865682299104,-0.0914686322614215,-0.0664381444382941,0.0053510994947882605,-0.20999415139302696,-0.0506879782401306,310.375945818826,101.875943810587,121.76274305978701,2,6946587636
-0.299690338143942,0.251708323300034,0.29729489281009197,-0.0783367969545303,-0.8016029871257371,-0.0655343311383714,0.11663800214252802,310.375945818826,101.875943810587,121.76274305978701,2,6946587356
-0.0693140424099616,0.159344758095471,-0.101804575215443,-0.145692397558431,1.0470465125032,0.42722152947873293,-0.43847244988778,310.375945818826,101.875943810587,121.76274305978701,3,6946586671
-0.27930121338206204,-0.6899226791875049,-0.17697591732067897,0.21218386000860798,0.166996889489099,0.007615316745724609,-0.230300634599404,310.375945818826,101.875943810587,121.76274305978701,1,6946586125
-0.307601182730528,0.158486232908742,-0.12618853299545502,-0.149017829608824,-1.33471424418281,0.522469927181163,0.9383884783835369,310.375945818826,101.875943810587,121.76274305978701,2,6946585546
-0.283736029413592,0.24060556889354395,-0.21165665683386103,-0.15005272256062602,-1.27654215257617,0.154108127093513,0.65557045498686,310.375945818826,101.875943810587,121.76274305978701,2,6946584969
-1.51259209594227e-05,0.16840225413369297,0.34910708807747404,0.22201877073959803,0.778207912243298,-0.110352568139025,-0.229077462496605,310.375945818826,101.875943810587,121.76274305978701,3,6946584818
-0.308199193741375,0.204904294105245,-0.21130082980602696,-0.0856454383428091,-0.8067922232754159,-0.72117060207121,0.24902652005090603,255.571355881541,46.1023659990191,68.16407633098271,2,6946583955
-0.308530910464922,-0.474412204141291,-0.158942423422162,-0.148633369453251,-1.14777721447618,-0.19617934062140804,-0.12509254662639901,255.571355881541,46.1023659990191,68.16407633098271,1,6946583813
-0.279660707195443,0.231056246587413,-0.04331927698745999,-0.0436949592413206,0.0219297703981788,-0.39371416886159294,-0.12772166777339,255.571355881541,46.1023659990191,68.16407633098271,2,6946513673
-0.282199952572241,-0.72354644756414,-0.13205096361366303,-0.0829207486147237,0.500255524564698,0.11253066489141197,0.0868558664309925,255.571355881541,46.1023659990191,68.16407633098271,1,6946511637
-0.22500355260214702,0.20477810844773497,-0.202227950361576,0.0648413586817134,0.0873647538560815,-0.45773047271139206,-0.20787146368424103,255.571355881541,46.1023659990191,68.16407633098271,2,6946260193
-0.227288216277011,0.157549708677595,-0.12551727853488198,0.212412160879327,1.7791416418597998,0.21635818624391,-0.22368082127133898,255.571355881541,46.1023659990191,68.16407633098271,3,6946258184
0.261189560638254,-0.326516351684849,0.34414192039118496,0.22588816476119,1.76369855110192,0.702041461704854,-0.835597471766634,255.571355881541,46.1023659990191,68.16407633098271,3,6946255870
-0.30895402271288,-0.7259280855568508,-0.23532972588823103,-0.067606899322595,0.0726468454586623,0.34664876722886706,0.393695360296824,255.571355881541,46.1023659990191,68.16407633098271,1,6946253329
-0.155310369789204,-0.7254435537524649,-0.185913846690721,0.21365436046942604,1.0265890689431099,-0.141431849536942,-0.33961659488388396,255.571355881541,46.1023659990191,68.16407633098271,1,6946252003
-0.271714440153022,0.24383400856573603,-0.0280831614976562,0.148471908251528,0.48917948768377506,0.175084210317718,-0.49549574422784604,255.571355881541,46.1023659990191,68.16407633098271,3,6946250964
-0.30629822622097397,0.24414336399345898,-0.0511604447861493,-0.14804657399250698,-0.178337060564559,-0.186040765335216,0.28342289552546096,255.571355881541,46.1023659990191,68.16407633098271,2,6946249196
-0.0379378898257333,0.209457352013935,-0.0166285330131108,-0.0340641636184182,0.0720572974139372,-0.115655110691923,0.23687366923442302,255.571355881541,46.1023659990191,68.16407633098271,2,6946247015
-0.20144759751441502,0.20511303053889698,-0.20602779553664902,-0.0671156479510749,0.20065824204984303,-0.0742320602501028,-0.30655203313727397,255.571355881541,46.1023659990191,68.16407633098271,2,6946167103
-0.294565534766417,0.25284213632916197,0.387053386732951,0.21876418053656102,0.290416707026864,-0.0377809904292201,-0.34414466244225606,255.571355881541,46.1023659990191,68.16407633098271,3,6946164683
-0.10769349273722699,-0.7244407440059151,-0.14364727457347598,0.214851984605002,1.6614021620863,-0.132399845838311,-0.548888688904212,255.571355881541,46.1023659990191,68.16407633098271,1,6946161348
-0.278544290621078,0.22347537750003402,0.0401731273020599,-0.0645868946891178,-0.9310577702636591,0.0465886133921432,0.171601787083985,255.571355881541,46.1023659990191,68.16407633098271,2,6946157221
-0.30482611386959696,0.24398474392720998,-0.0438448820545651,-0.0378358411082523,-0.7827914463221879,-0.424756945313132,-0.0535812542594921,151.583597548018,-57.2829438727211,-35.7312360581728,2,6946154289
-0.194823591073232,0.25097979623593597,0.249717122410062,-0.142364070894721,0.7388819239910509,-0.181008315949007,-0.125319605450681,151.583597548018,-57.2829438727211,-35.7312360581728,2,6946149478
-0.309527174130697,0.15658263339259001,-0.21626126176216603,-0.18480925878534302,-1.2769757527935701,-0.450027216854315,0.5858171657383421,151.583597548018,-57.2829438727211,-35.7312360581728,2,6946147157
-0.22236557091499698,0.240931744987703,-0.15305090163258,0.211966487670682,0.126965123085405,0.0457558146823359,-0.22987226675578099,151.583597548018,-57.2829438727211,-35.7312360581728,3,6946144634
-0.22884963522734,0.23123032157893603,-0.0377056282941496,-0.0367811253864174,0.6691472217479301,0.21007538004054396,-0.33819845045435304,151.583597548018,-57.2829438727211,-35.7312360581728,3,6945891488
-0.0743414311289468,0.0123669451773061,0.198911526417173,0.21915701082757302,0.10444822929847698,0.0191262841003791,-0.17755580311582503,151.583597548018,-57.2829438727211,-35.7312360581728,3,6945889965
-0.282464500262372,0.24296558254064002,-0.11012121261179901,-0.183072546348275,-0.0324101820791713,-0.222669880078597,-0.0486339426669484,151.583597548018,-57.2829438727211,-35.7312360581728,2,6945888906
-0.30057571197158,0.2505277549674,0.244239765001096,-0.0791042374861573,-1.6898830281563402,0.692808668614808,1.27355160933572,151.583597548018,-57.2829438727211,-35.7312360581728,2,6945887634
-0.308188635466244,0.157702916218035,-0.16139104181398597,-0.14952703264344,-1.32773351470603,-0.28961634567350897,0.34827471179629804,151.583597548018,-57.2829438727211,-35.7312360581728,2,6945886504
-0.269963711455252,0.237429788207573,0.23908053545601501,-0.0678321814114022,-0.7122017432399499,-0.0129979285178351,0.22351004021876503,151.583597548018,-57.2829438727211,-35.7312360581728,2,6945885329
-0.304573715582773,-0.7029801531089119,-0.17842016856592602,0.211865183453745,0.20948876582800302,-0.156022519714839,0.0981835272285636,151.583597548018,-57.2829438727211,-35.7312360581728,1,6945884181
-0.104522237652975,0.20768296954016,-0.0824893328939708,0.03974602632801,0.37816871625957704,-0.31891590099260303,0.0074763553150775704,151.583597548018,-57.2829438727211,-35.7312360581728,2,6945882081
-0.306349313243028,0.230182452953795,-0.0885064636582352,-0.101265095960401,-0.8867249033047329,0.180889600282699,0.44130102694383205,151.583597548018,-57.2829438727211,-35.7312360581728,2,6945880499
-0.30899490960864695,0.24054757325372403,-0.21275645917825303,-0.150384054577614,-1.1761167825257801,0.275200337921308,-0.12300595430252399,151.583597548018,-57.2829438727211,-35.7312360581728,2,6945876874
-0.273758152095773,0.239862818179238,-0.19806617217094197,0.210682493071099,-0.331367968804898,0.40500975304532605,-0.0593868383435717,151.583597548018,-57.2829438727211,-35.7312360581728,2,6945874059
-0.280955303304091,0.241491325931796,-0.15263698245145602,-0.00273704274152969,0.141301547465518,-0.135291434448183,-0.0432478353346502,151.583597548018,-57.2829438727211,-35.7312360581728,2,6945872667
-0.19249857053857003,0.180207409335321,-0.161632579327565,-0.10081864083426599,-0.757987797014614,-0.0118581887108038,0.520351817605908,496.01860165709604,288.715720465748,307.586053019138,2,6945870973
-0.308199193741375,0.204904294105245,-0.21130082980602696,-0.0856454383428091,-0.6418011201066199,-0.16696883162292,0.513742889825058,496.01860165709604,288.715720465748,307.586053019138,2,6945868936
0.43578967453939,0.24244290202500499,-0.124394022296086,0.22059980408390698,0.0908011350847379,0.23682793972382102,0.373116792350683,496.01860165709604,288.715720465748,307.586053019138,3,6945867319
-0.27737751562327506,0.24213834674613896,-0.0954849660961234,0.212099703887182,0.48767443499866703,-0.534324087868414,0.043672291780868,496.01860165709604,288.715720465748,307.586053019138,2,6945865748
-0.123142659503944,0.0171414467682897,0.416608847598264,0.22165074109669897,1.80594617957882,0.80806142484126,-0.8443540467695999,496.01860165709604,288.715720465748,307.586053019138,3,6945864732
-0.277520220076073,0.22881085851759697,-0.158176647639293,-0.14919487556032998,0.44200995356162,0.19372399761359502,0.170510878882434,496.01860165709604,288.715720465748,307.586053019138,2,6945771977
-0.30947632078154197,0.20511197808243498,-0.21497537327684102,-0.184856503857058,-0.913878983778439,-0.208653158303102,0.160165629153224,496.01860165709604,288.715720465748,307.586053019138,2,6945769093
-0.30354435356797804,0.227888354562797,-0.150521378889906,0.211005818626802,-1.30251756493505,-0.18434021235011303,-0.22949221901827,496.01860165709604,288.715720465748,307.586053019138,2,6945765963
-0.131362963200454,0.24409076971778002,-0.0163788689873309,0.215052174535129,-0.5549879529526031,0.34258169050130705,-0.108319082204259,496.01860165709604,288.715720465748,307.586053019138,3,6945762450
-0.22346777320524902,0.20682593555227696,-0.11019792909222301,0.0661725696572643,-0.12788293773705098,-0.00448314922285836,-0.295262243054704,496.01860165709604,288.715720465748,307.586053019138,2,6945759082
-0.29704649261268895,0.253020635038416,0.37133737187026294,0.0375863562408439,-0.805992062295338,-0.0302123708162105,0.32946318983358597,496.01860165709604,288.715720465748,307.586053019138,2,6945753660
-0.164681885820923,0.244570699074349,-0.0318584326619117,-0.08134218478882001,-0.26801073846467105,0.29280636592870096,0.06864179260456299,496.01860165709604,288.715720465748,307.586053019138,2,6945749841
-0.0807568817169452,0.169268432554964,-0.191541716369764,0.21328431119008298,0.29581300315915504,-0.227716121627545,-0.00618429324162034,496.01860165709604,288.715720465748,307.586053019138,2,6945491577
-0.10736765383659698,0.156428585549736,-0.196836431067876,0.109004806598565,-0.290090769396596,0.26846794990774897,0.51019134298664,496.01860165709604,288.715720465748,307.586053019138,2,6945489960
-0.217520420285267,-0.0176274857596492,-0.16669292998710097,-0.0664504827761038,-0.639945573482235,-0.36756979644911103,0.0936343128465643,496.01860165709604,288.715720465748,307.586053019138,2,6945488925
0.420076501841534,0.255113269966737,0.446523006534706,0.22854267512976,1.76245750595214,0.29809512613052,-0.746465326183637,496.01860165709604,288.715720465748,307.586053019138,3,6945484811
-0.30363315237971,-0.0816024614730229,0.120510551891998,-0.14511593511264098,-1.31739355710502,0.552100548157179,0.48358510847177794,366.004688751749,156.22188247173798,177.51321309681703,2,6945483564
-0.30645539163401697,0.230952483169998,-0.0601065866525155,-0.148158341712362,-0.279636672670694,-0.21853724229617802,0.149812403300798,366.004688751749,156.22188247173798,177.51321309681703,2,6945482225
-0.218163349458571,0.24653503867371698,0.0987629531399695,0.21560896609941002,0.771512228177509,0.397231252791341,-0.830547961797529,366.004688751749,156.22188247173798,177.51321309681703,3,6945480813
-0.306743864054757,0.240181512494877,-0.20627976227778502,0.0244839271490863,-0.00830676945891879,-0.312637551623187,0.191275056624872,366.004688751749,156.22188247173798,177.51321309681703,2,6945479131
-0.297643242565803,0.25634856653218,0.49282101506282394,-0.174666431943276,-1.3549455868955,0.9059875301397289,0.263081341416832,366.004688751749,156.22188247173798,177.51321309681703,2,6945476052
-0.30354435356797804,0.227888354562797,-0.150521378889906,0.211005818626802,0.606194548037459,0.42032524131685794,-0.157460728159924,366.004688751749,156.22188247173798,177.51321309681703,3,6945473463
0.162704511297353,-0.724415557330039,-0.158669686442304,0.21801690281813202,1.01094961327786,0.16362417305107502,-0.7698096089924829,366.004688751749,156.22188247173798,177.51321309681703,1,6945471288
0.24825717522145896,-0.7224292815167349,-0.126581797403259,-0.175356531499606,0.978971204600342,0.173502396722972,-0.537761477350606,366.004688751749,156.22188247173798,177.51321309681703,1,6945469617
-0.193085665703106,-0.718602735633318,0.124078237918393,0.21760167163191002,0.20819845112954102,0.230977686853906,-0.487361851464842,366.004688751749,156.22188247173798,177.51321309681703,1,6945357761
-0.28384065101398,-0.711506780690524,-0.18332434085714802,-0.148349437097931,-0.604549693097124,0.128927539079429,0.146363273069086,366.004688751749,156.22188247173798,177.51321309681703,1,6945346677
-0.30315085498770195,0.22841305040121898,-0.126941375938039,0.21134690252855604,-0.0262847274919447,0.427864134534414,-0.407305343605409,366.004688751749,156.22188247173798,177.51321309681703,3,6945339362
-0.27721556897688,-0.7096185574646708,-0.0511788185451965,0.214034050253915,-0.23647170211444699,-0.20696556160830498,0.18620601809875198,366.004688751749,156.22188247173798,177.51321309681703,1,6945333858
-0.22846573191339803,0.245507538860919,0.0147231753791646,-0.0767286951915938,-0.0325470042865564,0.075339754598073,0.0364465710492633,366.004688751749,156.22188247173798,177.51321309681703,2,6945330465
0.0187611771993698,-0.6972251929479639,0.0611492407460074,0.219321206709955,0.877270250481391,-0.110297422439886,0.15257969072733402,366.004688751749,156.22188247173798,177.51321309681703,1,6945096694
-0.157342070396818,0.20767186931184803,-0.10435374827824401,-0.14689501266958402,0.12335342521730801,-0.11645078368758699,-0.13301260917569,366.004688751749,156.22188247173798,177.51321309681703,2,6945095461
-0.305904977345374,-0.706640577920261,0.0323466047006858,-0.18003371834452697,1.07721500508312,-0.45390018504281,-0.192839156578608,366.004688751749,156.22188247173798,177.51321309681703,1,6945093820
-0.12398138368330401,0.16158482086722598,0.0159515519884221,-0.0408075679372997,0.41218113709993,0.0145148808126344,-0.0545202186388114,80.6068144058538,-124.739378464688,-104.609520257271,2,6945090035
-0.105471044730876,0.24483697653843803,-0.0319569887278395,-0.145263123409034,-0.5941065718768511,0.0695860438392811,-0.354889238468556,80.6068144058538,-124.739378464688,-104.609520257271,2,6945087838
-0.195017377142995,0.24377565700418397,-0.0267511042152825,0.214108833151333,-0.5768861678018511,-0.0957528998259646,0.348236277431543,80.6068144058538,-124.739378464688,-104.609520257271,2,6945086238
-0.23125058165137802,0.228574405378337,-0.160777497458954,-0.0668736897877312,-0.00654791845729249,0.00731311731752278,-0.0048428676043619605,80.6068144058538,-124.739378464688,-104.609520257271,2,6945075683
-0.31000748895868396,-0.725756772873866,-0.23836075365093,-0.149443322358311,-0.721949225766913,-0.292468481100808,0.0659083814499634,80.6068144058538,-124.739378464688,-104.609520257271,1,6945073672
-0.19197452154655498,-0.724295298512579,-0.17966823370437196,-0.147131553884582,0.11623292538897699,-0.11735565197313001,0.00680078533567474,80.6068144058538,-124.739378464688,-104.609520257271,1,6945071639
-0.256444147025847,-0.37951254484450103,-0.0757058369791397,-0.14692273641134,0.31055714739541695,-0.0834665803186497,-0.318526212844078,80.6068144058538,-124.739378464688,-104.609520257271,1,6945069066
-0.23107239341552302,0.194907799592054,-0.0887132698788007,-0.147575655133467,-0.7269377936935459,-0.0598568179378055,0.126450229822688,80.6068144058538,-124.739378464688,-104.609520257271,2,6945066152
0.437841779863904,0.20972098779388604,-0.000134882922124848,0.222445385704512,0.17759076512299898,-0.120209910235432,-0.223518028769168,80.6068144058538,-124.739378464688,-104.609520257271,3,6941915788
0.43092826733512996,-0.0159648839661758,-0.141443844538386,-0.13976709586709,-0.234412253789379,-0.21976470868252299,-0.21404628758915,80.6068144058538,-124.739378464688,-104.609520257271,2,6941781008
-0.310451691879145,-0.725684537437375,-0.23963881205057397,-0.18395033979469697,0.118758971099121,-0.22498883807980605,-0.0254841528565236,80.6068144058538,-124.739378464688,-104.609520257271,1,6941005128
0.43318889233198604,0.22410836853304997,0.0107698630645501,-0.17237505288847196,-0.851896783348403,-0.164399346548886,0.0276283640416178,80.6068144058538,-124.739378464688,-104.609520257271,2,6940815398
0.30999882379738203,-0.720725106892044,-0.0297141095006283,0.0077187886318941705,-1.0247794594664499,0.5868708414779891,0.260038186276242,80.6068144058538,-124.739378464688,-104.609520257271,1,6940155468
0.434424086909723,0.24756775321952398,0.058630318433167,-0.1372247624391,-1.14830417450069,0.11105692041027698,-0.19645556085920798,80.6068144058538,-124.739378464688,-104.609520257271,2,6937754838
0.44481850844533793,0.256484152471405,0.492993686499402,0.125625164053313,1.27097919760728,0.452299475997978,-0.226883454047204,80.6068144058538,-124.739378464688,-104.609520257271,3,6936574728
0.43193108089601295,0.20878533172390498,-0.0894717250378925,-0.13931887561500303,-0.844229092798802,-0.0647638395441728,0.191115186506987,80.6068144058538,-124.739378464688,-104.609520257271,2,6934585817
0.443349404490604,0.25252313876237004,0.328615120557107,0.227152565179399,-0.676661917292625,0.39258249695934794,-0.191914668394567,348.631118537818,141.161582731458,159.817150603514,3,6934559667
0.343650380651619,-0.683265984698053,0.0376575956785492,-0.13738816526441197,0.406808050813552,-0.004538787981382721,-0.364851958934394,348.631118537818,141.161582731458,159.817150603514,1,6934348442
0.433469419673529,-0.70501351658774,0.0613648632959376,-0.170380278189879,-0.814016222286828,-0.56128748743921,-0.00618010548874096,348.631118537818,141.161582731458,159.817150603514,1,6934185982
0.43880635749757596,0.251289573877504,0.240334159156322,-0.0244915093329894,-0.6644725740639781,-0.426468877173943,0.0361620936912432,348.631118537818,141.161582731458,159.817150603514,2,6933987919
0.43683918568081,0.245418350577042,-0.00140626502626826,0.140586238279419,-0.214647365727698,-0.0740220909425312,-0.0463329338904452,348.631118537818,141.161582731458,159.817150603514,3,6933706763
0.43612276279086104,0.24858670870745397,0.11290609891584599,-0.0717702822033062,-1.5835889704256898,0.39026775090449295,0.432767789119381,348.631118537818,141.161582731458,159.817150603514,2,6933503691
0.44209270439090403,0.299308975629016,0.251547196019605,0.225971934996678,1.3799608793835199,0.212128458854804,-0.9152539161910149,348.631118537818,141.161582731458,159.817150603514,3,6933154498
0.43594604096739703,0.22017450080487602,-0.11420694774182301,0.220777699451909,0.130505927170742,-0.13558599518421,-0.270239487908778,348.631118537818,141.161582731458,159.817150603514,3,6933133137
0.43708799645906204,0.22169719827870102,-0.0457764241921534,0.221767544534585,0.8752563466333,-0.41670060368098794,-0.0701855543337368,348.631118537818,141.161582731458,159.817150603514,3,6932752643
-0.301788861511799,0.250820747328554,0.24439900826610897,-0.178259847411999,0.11801041748750599,-0.13415888771189,-0.0253695595631766,348.631118537818,141.161582731458,159.817150603514,2,6932751625
0.435842696880681,0.242513602665905,-0.12121671232138699,0.22064576375937697,-0.35571955512137604,-0.34136227875561603,0.017429741845397997,348.631118537818,141.161582731458,159.817150603514,3,6932688717
0.432868122266199,0.18471470118229102,-0.0070356497877716705,-0.172579665388767,-1.6200897546192,0.7407838265213309,1.12206356554379,348.631118537818,141.161582731458,159.817150603514,2,6932441494
0.43563947035446204,0.244364170671145,-0.052495580125648,0.111534898955513,1.11269410088609,-0.25804210243222403,-0.10426115200282801,348.631118537818,141.161582731458,159.817150603514,3,6932293849
0.4410357883206789,-0.680057809168209,0.223758704381818,0.226898740683606,1.31853687519346,0.164308044505307,-0.0975898363716845,348.631118537818,141.161582731458,159.817150603514,3,6932088242
0.34941744135491304,0.25300835213044504,0.314701652757122,-0.0873396037237529,-0.0436545420195662,0.25742634685918303,0.24502473973441696,348.631118537818,141.161582731458,159.817150603514,3,6931894923
0.435739971494686,0.24998691094658,0.162823716993568,-0.170206139012038,0.120365648056899,-0.22505918605345201,-0.0569877611245276,348.631118537818,141.161582731458,159.817150603514,3,6931885688
0.20869261800465397,0.20600160333232,0.431667776434416,0.225755503435243,0.453766474074725,0.23346508599866897,-0.751934568752287,-49.6770538067733,-252.858212167011,-232.66352901768101,3,6931787072
0.442822610967836,0.238839391279009,0.29751938945393797,0.22672040444116498,-0.46247634161095796,0.14448074531838198,-0.263456589257079,-49.6770538067733,-252.858212167011,-232.66352901768101,3,6931585020
-0.22224658704578698,0.24819203187382397,0.173546977101288,0.216624091667565,0.977058702010972,-0.0692369158092764,-0.216755368627224,-49.6770538067733,-252.858212167011,-232.66352901768101,3,6931498222
0.43618825439465797,-0.682943460456884,0.0697160253941387,0.0389728082783904,0.10685565434391499,-0.145597199869983,-0.191198383390117,-49.6770538067733,-252.858212167011,-232.66352901768101,1,6931279978
0.44488518388750203,0.254570965866911,0.42064514182646,0.22848377615495,-0.889215298358172,0.611386877115732,0.19543041160755303,-49.6770538067733,-252.858212167011,-232.66352901768101,3,6930958766
0.444567835249895,0.283619081734925,0.533636740602174,0.0491323971954361,-0.36962327832491704,-0.556993404301849,0.0311769627650204,-49.6770538067733,-252.858212167011,-232.66352901768101,3,6930668529
0.44463858061717493,0.254242142038395,0.40586769119835997,0.22827002085862902,-0.037186372610584,0.24603376511178304,-0.0643134604699693,-49.6770538067733,-252.858212167011,-232.66352901768101,3,6930465140
0.43251459883421006,0.220542623781543,-0.131320843782642,-0.0360367283082222,0.17419522324792902,-0.0808168553195404,0.0481848156004952,-49.6770538067733,-252.858212167011,-232.66352901768101,2,6930456202
0.436791023541864,0.24377811307973898,-0.0643891998705642,0.22146777170031198,-0.315203418472069,0.19681157388335999,0.0922799205288133,-49.6770538067733,-252.858212167011,-232.66352901768101,3,6930330199
0.44590871678414,0.0195413908913297,0.49057161264939003,0.229816452567756,1.16293499027389,0.198634898172286,-0.7637102328527479,-49.6770538067733,-252.858212167011,-232.66352901768101,3,6930202534
0.437724944908747,0.252633698868932,0.281771233729409,-0.16848556742453602,0.645829113582881,0.109662486353921,-0.332038879594615,-49.6770538067733,-252.858212167011,-232.66352901768101,3,6930096244
0.44263898106553295,0.23859453691262,0.28651555397551504,0.226561234353405,-0.253753295280864,0.00646158726450929,0.13649645828143597,-49.6770538067733,-252.858212167011,-232.66352901768101,3,6930079051
0.4393507478724629,-0.682304662791245,0.122784366138841,0.22543815048201699,0.0344939224108205,0.0934818520007595,0.0183802622767607,-49.6770538067733,-252.858212167011,-232.66352901768101,3,6929947545
0.435529449859076,0.233238245917482,0.0177273921952977,0.00866317842880218,-0.156658230284243,-0.265420780687499,-0.156594852552291,-49.6770538067733,-252.858212167011,-232.66352901768101,3,6929858535
0.44415717881263705,0.240618920429453,0.37749201272942207,0.22787720558474303,1.80750728289377,-0.028573191921096003,-0.3471644252311081,-49.6770538067733,-252.858212167011,-232.66352901768101,3,6929566355
0.43929017260496006,0.247110509125701,0.0853697706537411,0.223634029868021,0.8214846482744,-0.0620636831714111,-0.16907297054375303,-49.6770538067733,-252.858212167011,-232.66352901768101,3,6929551675
0.249053565339939,0.24292225417039104,-0.139272773824835,-0.142362673079436,-1.60645918775898,0.8190364202396271,0.842149687942029,428.691621420485,220.591646209974,240.30329114312198,2,6929344611
0.435115387363216,-0.451557778190009,-0.13960761379224199,0.22132146734395,-0.424317922561673,0.35462844523775705,0.5650243694912199,428.691621420485,220.591646209974,240.30329114312198,1,6929143264
0.433686339221233,0.247248572458103,0.0397618878096794,-0.171986223982371,-0.549399165473299,-0.214489578022712,0.0456057357507508,428.691621420485,220.591646209974,240.30329114312198,2,6928839973
0.43480654623475606,0.244499619211844,-0.0548920651968175,0.0468308508776506,0.0525346265170701,-0.11413324376730499,0.0863278508159812,428.691621420485,220.591646209974,240.30329114312198,3,6928802489
0.43321323586104793,0.24313109226539603,-0.12154121622589698,0.00663102507160009,-0.8779771707740991,0.154446683183243,0.11582182719501599,428.691621420485,220.591646209974,240.30329114312198,2,6928795921
0.4390668686283579,0.24681275286151302,0.0719885065491988,0.223440470359971,-0.0898884980296363,0.0221707279665438,-0.16334824851254298,428.691621420485,220.591646209974,240.30329114312198,3,6928735471
0.44133808783015205,0.253964869640138,0.36533228984985605,0.0136736329733849,1.5706143395224899,0.670366412270333,0.42977021149066796,428.691621420485,220.591646209974,240.30329114312198,3,6928713560
0.192409997440105,0.00582576456255169,-0.11128193471595099,0.218068275906861,0.543690888254882,-0.12471672586002,-0.12440195220763901,428.691621420485,220.591646209974,240.30329114312198,3,6928704976
0.43708179516050005,0.209953694647852,0.00183945248207212,0.157804561388947,0.008239805069345909,-0.10585931254760601,-0.347533963824435,428.691621420485,220.591646209974,240.30329114312198,3,6928541618
0.430755712241584,0.243340838460406,-0.135852958837062,-0.17452648647607996,-0.491980124146673,-0.21538757123531602,0.0424660490161171,428.691621420485,220.591646209974,240.30329114312198,2,6928526475
0.4403815274539021,0.226088832946088,0.151585077152664,0.22462237161294102,0.8156459245316899,0.224663775190825,-0.0314180409271356,428.691621420485,220.591646209974,240.30329114312198,3,6928506433
0.44205451072010205,0.250796511509725,0.251019925907742,0.22603015345611,1.0035495430921701,-0.23772272651639004,-0.0266458276438146,428.691621420485,220.591646209974,240.30329114312198,3,6928504611
0.433033283186265,0.242891141159332,-0.13232469757824902,0.0064750423984147295,-0.17188726465556198,-0.19683996289389602,0.0415242091738198,428.691621420485,220.591646209974,240.30329114312198,2,6928482714
0.438196000609218,0.22529617736746502,0.101518875152483,0.11379325225630199,0.18653919691281698,0.291077037580516,-0.46964329214733797,428.691621420485,220.591646209974,240.30329114312198,3,6928473662
0.44117081459148205,0.24961818024156399,0.198065332509302,0.225264167151146,-0.597029655935115,0.6130073259375629,-0.5093998817472479,428.691621420485,220.591646209974,240.30329114312198,3,6928311009
0.44328542699065504,0.252437830378406,0.324781333821281,0.22709710959099103,0.987499443346679,-0.553838483878964,-0.588383993873428,428.691621420485,220.591646209974,240.30329114312198,3,6928285300
0.44106979372518207,0.257093761349728,0.4822079034365921,-0.16558625814549,0.323684271055923,0.7514159253291001,-0.662953872648792,198.350365655446,-10.6442614055731,10.6295225340354,3,6928282907
0.43069145955273097,-0.7216989972533501,-0.10462974085891802,-0.17276374631584301,-0.461220131153789,0.24443110070465401,0.0494522043527948,198.350365655446,-10.6442614055731,10.6295225340354,1,6928248814
0.438054897365815,-0.110728448239866,0.314766530507738,-0.1675139883502,-0.750422744212109,-0.202623704068432,-0.0528547942498689,198.350365655446,-10.6442614055731,10.6295225340354,2,6928220423
0.43308630552755495,0.242961841800231,-0.12914738760355,0.00652100207388476,-1.17227405293609,-0.15921702475483898,0.16453293169919198,198.350365655446,-10.6442614055731,10.6295225340354,2,6928200982
0.43901990533048896,0.239377008005434,0.283498255488842,-0.0645378169930548,-0.13782698181699,-0.192905221208906,0.0826000917135204,198.350365655446,-10.6442614055731,10.6295225340354,3,6928197304
0.435208763521753,0.208331644224942,-0.0770164387764591,0.111228383210701,-0.247281842672061,-0.3535454400375371,0.123463869534152,198.350365655446,-10.6442614055731,10.6295225340354,2,6928055902
0.44024127028253,0.254078377164999,0.35970347933496705,-0.0682003668971956,-1.09476213835023,0.434673621214479,0.264905073108405,198.350365655446,-10.6442614055731,10.6295225340354,2,6928055608
0.4372588039364149,0.24852550240967397,0.12088534371785802,0.0101377166154131,-0.846553709848869,-0.39160383636156204,-0.040982460556806,198.350365655446,-10.6442614055731,10.6295225340354,2,6928052617
-0.30947632078154197,0.20511197808243498,-0.21497537327684102,-0.184856503857058,0.120365648056899,-0.22505918605345201,-0.0569877611245276,198.350365655446,-10.6442614055731,10.6295225340354,2,6928043253
0.43600561210297706,-0.709242010033906,-0.0768525238428726,0.22258094968605802,0.112004149863762,0.027724614176186997,0.0664785358807042,198.350365655446,-10.6442614055731,10.6295225340354,1,6928029902
0.438082467176724,0.253110423450807,0.30319539268907897,-0.168175667729244,-0.722055184769582,-0.21178935994416,0.0550466076447194,198.350365655446,-10.6442614055731,10.6295225340354,2,6928014492
0.434147049927874,0.19940135356138003,0.0691309560392716,-0.17149555605503697,0.239892989060693,-0.22692850916408,-0.0635235443473945,198.350365655446,-10.6442614055731,10.6295225340354,2,6927954841
0.43235899601009004,-0.45110953905568196,-0.147538289074406,0.007196705658457591,-0.7047216191555681,-0.292656327861529,0.12164228110030699,198.350365655446,-10.6442614055731,10.6295225340354,1,6927954250
0.439864965662322,0.24787694524585396,0.11981366109881,0.22413225951492,-0.9745689562021349,-0.231880150409805,0.4963238088011671,198.350365655446,-10.6442614055731,10.6295225340354,2,6927948667
0.44149428582703204,0.252051593216449,0.293793020775856,0.12274373352780901,1.77098658921812,0.193079441065324,-0.46838564184607295,198.350365655446,-10.6442614055731,10.6295225340354,3,6927942980
0.43530735855185204,0.247169500962304,0.0514626073485411,-0.0555358637970885,-0.8682193148445941,-0.16385295037317002,0.230770353313433,198.350365655446,-10.6442614055731,10.6295225340354,2,6927914142
0.4361065972511789,0.227334331031997,0.160270017692836,-0.135724008116253,-0.192249292132226,-0.0475925952260448,-0.23890228563743598,272.975669976707,63.942106448660205,83.6025058776198,3,6927913113
-0.300244952261456,-0.0770845938341024,0.32354500435137107,-0.14217904899873002,-0.449789003837879,0.26590078938366296,0.0610232882140527,272.975669976707,63.942106448660205,83.6025058776198,2,6927899941
0.4396800209679171,-0.710378080163022,0.408660326290389,-0.13085049343302,0.39584423588931106,0.174063994727009,-0.640277017938399,272.975669976707,63.942106448660205,83.6025058776198,3,6927866573
0.432603703790193,0.24189225977026702,-0.17431394208426598,0.0279802213670224,0.98402868499503,-0.21230177718550802,-0.057862671549060996,272.975669976707,63.942106448660205,83.6025058776198,3,6927857741
0.443546938815182,0.252786533456142,0.34045216442490506,0.227323787596796,0.6363156018411129,0.326149795657199,-0.218557029075126,272.975669976707,63.942106448660205,83.6025058776198,3,6927775381
0.44204669312948,0.20232455122871398,0.252312911563577,0.22611470185030497,0.506201840509741,-0.0480077526027372,-0.140643599230145,272.975669976707,63.942106448660205,83.6025058776198,3,6927608649
0.439374131111634,0.23424114589737602,0.0908727348926611,0.223731267952674,0.316078997635581,-0.10778364174635699,-0.037536103260149,272.975669976707,63.942106448660205,83.6025058776198,3,6927564241
0.43738787781975297,0.19811452215026001,0.0494821365132366,0.11927563070272199,0.9252381029033909,-0.27098826298290496,0.17910328377280102,272.975669976707,63.942106448660205,83.6025058776198,3,6927545653
-0.17748850543031197,0.24926017632988398,0.17986349161214502,-0.0784838282955217,0.2246835687748,0.0231594306893899,-0.219643798727647,272.975669976707,63.942106448660205,83.6025058776198,3,6927471449
0.43684104373511,0.23498714129589002,0.0963233237150399,0.00980006577523126,-1.2587721081338001,0.602374053193477,0.491738839091909,272.975669976707,63.942106448660205,83.6025058776198,2,6927238205
0.43466740599883297,-0.7170619625090459,0.10828446296561,-0.135195419583566,-0.980515183094055,0.0556121038690783,-0.271113040889838,272.975669976707,63.942106448660205,83.6025058776198,1,6927085272
0.43800591844983006,0.24539806886683102,0.00841214415447219,0.222520840545285,-0.6536124475631899,0.137612919449227,0.0492118114702661,272.975669976707,63.942106448660205,83.6025058776198,3,6926902789
0.43277768404472905,-0.6841235242980339,-0.00624401778456025,-0.136900247574207,1.1758812349766299,0.00907790192546372,-0.331170457735501,272.975669976707,63.942106448660205,83.6025058776198,1,6926883676
0.438800300381575,0.246457307488255,0.0560146749749847,0.223209409455932,-0.601315503306927,0.41747981193202005,0.120236889326021,272.975669976707,63.942106448660205,83.6025058776198,3,6926684241
0.438946376512028,0.252351749912354,0.282108284685602,-0.0693227786204844,-0.9123242832807941,0.29724920131788896,0.32010676208169003,272.975669976707,63.942106448660205,83.6025058776198,2,6926133812
0.432521215674986,-0.7227458163370379,-0.12793632822207401,0.00784961743035915,-0.7710035609980251,-0.417911416378633,0.22566886462672603,272.975669976707,63.942106448660205,83.6025058776198,1,6925691377
0.436922838536345,-0.00542180402732221,-0.0474261831224293,0.22205197154197898,1.7025847746362002,0.39883431584944107,-1.06349920319839,415.619286039197,204.505038105451,225.853625220869,3,6925479410
-0.30950358788392,0.17909098571878398,-0.21566485496407603,-0.184831171480159,0.978971204600342,0.173502396722972,-0.537761477350606,415.619286039197,204.505038105451,225.853625220869,2,6925475963
0.44141572014905994,-0.67955120340334,0.246525733499012,0.22722806494783498,0.8091286490965809,-0.21021155454742801,-0.130669013024916,415.619286039197,204.505038105451,225.853625220869,3,6925475627
0.44198786012455704,0.25070763878727204,0.24702595663199398,0.22597238083297502,0.688791889089386,-0.0265300346675,-0.468636523131791,415.619286039197,204.505038105451,225.853625220869,3,6925411481
0.437876406671496,-0.132535627587195,0.0143818814182552,0.22312046202000196,0.9244208041870241,0.0858665114800153,-0.255723960086218,415.619286039197,204.505038105451,225.853625220869,3,6925391133
0.434077519800404,0.24710563638071303,0.0378626362346241,-0.13752516622145497,-0.414072759228789,0.0815541592844019,0.229329459058842,415.619286039197,204.505038105451,225.853625220869,2,6925351988
0.41551137636991703,0.249026075611035,0.17296249706408098,0.22458563211638605,0.47384819919789,0.24796702052860398,-0.24453375103651198,415.619286039197,204.505038105451,225.853625220869,3,6925276018
-0.310451691879145,-0.725684537437375,-0.23963881205057397,-0.18395033979469697,0.671349795488008,0.0019428393727861,-0.175811906316531,415.619286039197,204.505038105451,225.853625220869,1,6925148928
0.433756234514989,0.18523437989463298,0.0208432244648916,-0.13768786809974498,-1.3416110914351698,0.207061557541808,0.495122395508721,415.619286039197,204.505038105451,225.853625220869,2,6925117930
0.43660091357788006,0.250470360626514,0.18907444665547402,-0.135337892776456,-1.16355874475122,0.9034212961114009,1.16069889891189,415.619286039197,204.505038105451,225.853625220869,2,6925112112
0.43871760357682305,0.24834913101116102,0.127403155759424,0.12033691006438699,0.8597524758548659,0.551986610480337,-0.822342248221136,415.619286039197,204.505038105451,225.853625220869,3,6925090735
0.435314815280545,-0.6876862248635849,-0.11906479724096698,0.22193981095891,-0.217483741068026,-0.0938444141964856,-0.251750749752103,415.619286039197,204.505038105451,225.853625220869,1,6925029626
0.43318589270803104,0.245916729868103,-0.0155672121154273,-0.13829802707234398,0.942918824368824,0.10518929768023401,-0.228038479391606,415.619286039197,204.505038105451,225.853625220869,3,6924889661
0.434965602279661,0.24828981646267198,0.0910800772421042,-0.1367553778352,-1.1191895680381498,-0.0877355954991091,0.0555824864197006,415.619286039197,204.505038105451,225.853625220869,2,6924789209
0.43271196674000395,0.245949332228023,-0.0186263939662129,-0.17283080839593,-0.21054959884558602,-0.17447478378091,-0.0388564062022724,415.619286039197,204.505038105451,225.853625220869,2,6924648234
0.436045012438611,-0.7221707876745931,-0.0740196627690278,0.22263956482365302,1.8404250310935801,0.349011101046973,-1.05340536273267,415.619286039197,204.505038105451,225.853625220869,3,6924604682
0.433657145189377,0.243723006414228,-0.0949404003728779,0.00701580492423641,-1.1725996264698302,0.00384713663079951,0.526527950349028,647.147924570142,435.413064862207,456.021785585868,2,6924597547
0.44615677836427897,0.256266525555227,0.49684414995226794,0.22958599208996802,1.65967284498608,0.756815722639014,-1.2650348218323602,647.147924570142,435.413064862207,456.021785585868,3,6924548198
0.437628431450469,0.244894723066994,-0.014208381065678,0.222193635454702,0.12575926833186002,-0.42130254015397295,-0.0657264476329804,647.147924570142,435.413064862207,456.021785585868,3,6924513479
0.43567998534887004,0.24924238361854398,0.13388875743828801,-0.136136151802869,-0.9631868780181829,0.0647190447164033,0.547957915167788,647.147924570142,435.413064862207,456.021785585868,2,6924372074
0.43435519135271294,0.244653789739221,-0.0531106926762272,0.0076208701542758205,0.293056181519684,0.43986610956368605,-0.5460376450677229,647.147924570142,435.413064862207,456.021785585868,3,6924359661
0.43207372617751794,-0.723342504327359,-0.154751682076228,0.007461734293187441,0.43243625778859207,0.10585367154991601,-0.0695313210167797,647.147924570142,435.413064862207,456.021785585868,1,6924334238
0.429743132891548,-0.722963507667184,-0.16145725330974,-0.17358575425677697,0.227492946703221,-0.226860716107918,-0.150474022007602,647.147924570142,435.413064862207,456.021785585868,1,6924333898
0.43116599348661894,0.208429695842947,-0.10997846068185302,-0.174104035181967,-0.234281020820555,-0.17405842043680403,-0.00614301165374946,647.147924570142,435.413064862207,456.021785585868,2,6924327658
0.43223083851546795,0.157901398705835,-0.177360121958702,0.00593762959474005,-1.69375514499854,0.32472693140972997,1.00014029008239,647.147924570142,435.413064862207,456.021785585868,2,6924319094
0.43533919184068004,0.226311063235226,0.114284027521953,-0.13638919382405498,0.437137550280682,-0.122547538082886,-0.131047462605789,647.147924570142,435.413064862207,456.021785585868,3,6924303569
0.31376656400608005,-0.0871364690289403,-0.13144625923933803,0.11553508749324999,0.45895269187144505,0.527495570189548,-0.450750747309358,647.147924570142,435.413064862207,456.021785585868,3,6924255499
0.42922378906118797,-0.48726164080005796,-0.20117070617774602,-0.174481400442367,0.09420728160852,-0.411995561451696,0.09246768905166401,647.147924570142,435.413064862207,456.021785585868,1,6924252974
0.43070268990029403,0.24327013781950696,-0.139030268811762,-0.17457244615155001,0.339180387236778,-0.137789185199156,-0.156507455416841,647.147924570142,435.413064862207,456.021785585868,2,6924251283
0.43883988600446594,0.254120375015513,0.348582947026422,-0.167519138374432,-0.41627271877115,-0.2166665413854,-0.0276442485423336,647.147924570142,435.413064862207,456.021785585868,3,6924246168
0.4390160152792029,0.198283408171668,0.0707026180638742,0.223487715431686,0.9652814386404109,0.24702133326393697,-0.47020262418183795,647.147924570142,435.413064862207,456.021785585868,3,6924239246
0.433785318748201,-0.7175736074148679,0.0807666306111239,-0.17008199441440697,-0.46159809688187003,-0.429491968287978,0.12908407452274,647.147924570142,435.413064862207,456.021785585868,1,6924231184
0.437047360057459,0.20866169866987,-0.0477396833456649,0.221756783964138,0.845722380983929,-0.215282021187153,-0.0889774995140572,308.991348090952,99.8527281188471,121.26263198325199,3,6924226818
0.433188901104672,0.24179709609281802,-0.17263021532613798,0.0734401069379969,0.321808906144091,0.0699703913768813,0.13691849029325598,308.991348090952,99.8527281188471,121.26263198325199,3,6924224030
0.434665855623903,0.24452249805216,-0.0552968595119146,0.0359015815319792,0.376175730867586,0.16023744489000197,-0.159545008538685,308.991348090952,99.8527281188471,121.26263198325199,3,6924223908
0.429907271477474,-0.6872864265942399,-0.15291022623314302,-0.17351029941600402,-0.9610657736295791,-0.20787791407203499,0.18864236912977497,308.991348090952,99.8527281188471,121.26263198325199,1,6924215880
0.43989914321616297,0.192513933335874,0.35419427533838704,-0.0855619080773058,-1.25897695175441,0.61261646447442,1.1825631523847802,308.991348090952,99.8527281188471,121.26263198325199,2,6924211132
0.43500085187425,0.170452637853095,-0.169084997775684,0.22004973581810697,-0.108888993739035,0.651913034916285,0.0391080261923211,308.991348090952,99.8527281188471,121.26263198325199,3,6924209904
0.44051264764317,0.255686314858504,0.42348113941071397,-0.13194720832550802,-1.57576734788091,0.36313939772662795,0.452867747257394,308.991348090952,99.8527281188471,121.26263198325199,2,6924194655
0.43581911063390394,0.22000525033971102,-0.12181311911947601,0.22066767645419397,-0.650908952740324,0.247277636951469,0.43655145369847903,308.991348090952,99.8527281188471,121.26263198325199,2,6924101928
0.43492821065044396,0.248904499069849,0.11417977248434501,-0.170909771934552,-0.24304747698758603,-0.219330441019324,-0.0057004908636176296,308.991348090952,99.8527281188471,121.26263198325199,2,6924100619
0.433992521929341,0.223269317251885,-0.013929447040831999,-0.0735744141542921,-0.8120836793394219,0.19563173024137698,0.18607664327407103,308.991348090952,99.8527281188471,121.26263198325199,2,6924088968
0.434062712120145,-0.724814011258457,-0.192806996964947,0.22092131027087805,1.0869202718836999,-0.0252659882227962,-0.262156624803136,308.991348090952,99.8527281188471,121.26263198325199,1,6924079621
0.319877487581412,0.247506872621256,0.0849952165315201,0.0302683358326526,1.55387759427226,0.469494699176704,-0.518998143949195,308.991348090952,99.8527281188471,121.26263198325199,3,6924077360
0.428975727481049,-0.723986775463956,-0.20744324348062304,-0.17425093996457902,1.11435513603061,-0.0258757163026507,-0.38916936277508707,308.991348090952,99.8527281188471,121.26263198325199,1,6924077001
0.438731384576947,0.16814532414956398,0.27227536912368,-0.0693509883895428,0.116775441035354,0.0571252649100173,0.257092514601001,308.991348090952,99.8527281188471,121.26263198325199,3,6924072627
0.43606920562196294,0.227949013639174,0.18336971293507698,-0.16987840221560502,0.7003304681919681,-0.0893268292836115,-0.17621133836466604,308.991348090952,99.8527281188471,121.26263198325199,3,6924068010
0.43884017959659793,0.253456225430189,0.32326018957304703,-0.133396900790683,0.219063626290893,0.22237324115518,-0.0193655372648294,308.991348090952,99.8527281188471,121.26263198325199,3,6924044928
0.439511985508567,0.24940836963258498,0.175005686579936,0.121025478975035,-0.349676220588647,0.0914223129928941,0.24568178823110604,45.3916960179216,-159.327220876216,-139.38295219657,3,6924025722
0.43035930689150803,-0.134948737159171,-0.14587654791531,-0.17415820789652303,0.120365648056899,-0.22505918605345201,-0.0569877611245276,45.3916960179216,-159.327220876216,-139.38295219657,2,6924025410
0.43035930689150803,-0.134948737159171,-0.14587654791531,-0.17415820789652303,0.120365648056899,-0.22505918605345201,-0.0569877611245276,45.3916960179216,-159.327220876216,-139.38295219657,2,6924025148
0.43396701926589004,0.23115488178058,-0.0758996749558685,0.007308866241527071,-0.159633635321251,0.6446830366284829,0.39485295843672497,45.3916960179216,-159.327220876216,-139.38295219657,2,6923978329
0.434062712120145,-0.724814011258457,-0.192806996964947,0.22092131027087805,0.17979169410440698,-0.19137322014516298,-0.0234572470618757,45.3916960179216,-159.327220876216,-139.38295219657,1,6923974560
0.43930103931221,0.254735282498224,0.376217090840187,-0.16711941146969597,-0.484603173016287,0.110113716098934,-0.005165728066900729,45.3916960179216,-159.327220876216,-139.38295219657,3,6923965588
0.439887326597317,0.0305216882195959,0.394163233914276,-0.132066489200354,0.0848903326474984,0.0641645718785412,0.198847693010272,45.3916960179216,-159.327220876216,-139.38295219657,3,6923951616
0.439798199248406,0.25539820166141197,0.406008895310784,-0.166688474080508,-0.14996153074371898,-0.12125997001402301,0.22784402169278398,45.3916960179216,-159.327220876216,-139.38295219657,3,6923932384
0.35339373162478105,0.224315213621233,0.0356428227646164,-0.0912375834895735,-1.26109890281248,0.5001378187496529,0.26016202825258805,45.3916960179216,-159.327220876216,-139.38295219657,2,6923929952
-0.301980044534145,-0.714388338850366,0.2680160548666,-0.17660713024947602,0.120365648056899,-0.22505918605345201,-0.0569877611245276,45.3916960179216,-159.327220876216,-139.38295219657,1,6923929001
-0.30441660324482395,0.17826374992428198,-0.20102860844839998,0.210341078755298,0.215800898786059,0.412183419431672,0.14705904037893802,45.3916960179216,-159.327220876216,-139.38295219657,2,6923914852
0.43086902056942106,0.23051061064398395,-0.128591236360264,-0.17440380801623903,0.732435832998562,0.178455362911808,-0.37343638867101403,45.3916960179216,-159.327220876216,-139.38295219657,3,6923909650
0.43450442696173996,0.242731229582083,-0.125067175774252,0.11668493572272198,-0.7009399989513599,0.25727629266476604,-0.0407379173231966,45.3916960179216,-159.327220876216,-139.38295219657,3,6923898758
0.4315984933224539,0.5026713404791711,-0.12009978495879801,-0.140161819214583,0.232709303299425,-0.24410981404438897,0.0619232535750963,45.3916960179216,-159.327220876216,-139.38295219657,2,6923852238
-0.298200909331825,0.24799468324753102,0.16920725645397197,0.215613044031226,-0.0223449031778568,-0.13245834882696197,0.250244085431243,45.3916960179216,-159.327220876216,-139.38295219657,2,6923844220
0.435400957192466,-0.723029578847688,-0.112614019563392,0.222081298829032,0.30858780611269204,-0.18270405932843103,-0.25188473450875,45.3916960179216,-159.327220876216,-139.38295219657,1,6923841359
0.438019582260107,0.245416288359221,0.00923093411408346,0.22253268431285,-0.48884025519622604,0.0473609588339775,0.0393233166998159,266.953936261115,58.980228730098,79.12826603407859,3,6923831732
0.43043250975154707,0.24224533522714398,-0.18056089060830102,-0.140684654747496,-0.8585675091683191,-0.00198687518491744,-0.0373627292637658,266.953936261115,58.980228730098,79.12826603407859,2,6923662174
0.44023728065966905,0.22947460246717602,0.27938210486271503,0.0407732405137245,0.727547140697512,0.106284716789093,-0.45621715271895097,266.953936261115,58.980228730098,79.12826603407859,3,6923650451
0.44057510262185207,0.194326742352237,0.42945697340218797,-0.131777284793953,-0.899125053222927,0.333089539894424,0.7115541288310291,266.953936261115,58.980228730098,79.12826603407859,2,6923571354
0.43043250975154707,0.24224533522714398,-0.18056089060830102,-0.140684654747496,-0.6188816250856249,0.300710507954527,0.45164229422179103,266.953936261115,58.980228730098,79.12826603407859,2,6923512631
0.4429267975508329,-0.125801374378616,0.317021427815689,0.22749813226546303,1.5807508911203603,0.19166767994085301,0.025543025096741,266.953936261115,58.980228730098,79.12826603407859,3,6923443435
-0.0702082291449839,0.207278515798293,-0.131808903726431,-0.180680784870295,-1.18420257804679,-0.159355051469391,-0.0603076252408606,266.953936261115,58.980228730098,79.12826603407859,2,6923432743
0.43118022886744395,-0.20381496850146397,-0.0941407423507285,-0.17331479446517498,0.978971204600342,0.173502396722972,-0.537761477350606,266.953936261115,58.980228730098,79.12826603407859,3,6923419162
0.314426729685023,-0.030487198362033,-0.18879443017884803,-0.0317922522321412,1.2787830604941202,-0.333235353987703,-0.312659306747093,266.953936261115,58.980228730098,79.12826603407859,3,6922251457
