Subbasin,CountyID,County,Area_acre,Inter_acre,WLD,CC,NM,ASC_obs
296,2,Blue Earth,35285,1931,239.44426790000,54.76895783000,69.75173792000,19.76263974000
299,2,Blue Earth,6174,16,239.44426790000,54.76895783000,69.75173792000,19.76263974000
300,2,Blue Earth,30351,26200,239.44426790000,54.76895783000,69.75173792000,19.76263974000
301,2,Blue Earth,13929,13921,239.44426790000,54.76895783000,69.75173792000,19.76263974000
302,2,Blue Earth,10284,10278,239.44426790000,54.76895783000,69.75173792000,19.76263974000
303,2,Blue Earth,37783,9969,239.44426790000,54.76895783000,69.75173792000,19.76263974000
304,2,Blue Earth,31038,14838,239.44426790000,54.76895783000,69.75173792000,19.76263974000
305,2,Blue Earth,23536,9199,239.44426790000,54.76895783000,69.75173792000,19.76263974000
306,2,Blue Earth,11402,9685,239.44426790000,54.76895783000,69.75173792000,19.76263974000
307,2,Blue Earth,25356,16163,239.44426790000,54.76895783000,69.75173792000,19.76263974000
309,2,Blue Earth,26753,7147,239.44426790000,54.76895783000,69.75173792000,19.76263974000
388,2,Blue Earth,15295,7271,239.44426790000,54.76895783000,69.75173792000,19.76263974000
389,2,Blue Earth,13591,4369,239.44426790000,54.76895783000,69.75173792000,19.76263974000
390,2,Blue Earth,10335,4675,239.44426790000,54.76895783000,69.75173792000,19.76263974000
391,2,Blue Earth,14824,14816,239.44426790000,54.76895783000,69.75173792000,19.76263974000
392,2,Blue Earth,20246,7784,239.44426790000,54.76895783000,69.75173792000,19.76263974000
393,2,Blue Earth,29148,29131,239.44426790000,54.76895783000,69.75173792000,19.76263974000
394,2,Blue Earth,12892,12884,239.44426790000,54.76895783000,69.75173792000,19.76263974000
416,2,Blue Earth,13089,349,239.44426790000,54.76895783000,69.75173792000,19.76263974000
417,2,Blue Earth,10260,578,239.44426790000,54.76895783000,69.75173792000,19.76263974000
418,2,Blue Earth,25809,776,239.44426790000,54.76895783000,69.75173792000,19.76263974000
419,2,Blue Earth,12459,11750,239.44426790000,54.76895783000,69.75173792000,19.76263974000
423,2,Blue Earth,27978,16982,239.44426790000,54.76895783000,69.75173792000,19.76263974000
424,2,Blue Earth,12054,12047,239.44426790000,54.76895783000,69.75173792000,19.76263974000
425,2,Blue Earth,16881,16872,239.44426790000,54.76895783000,69.75173792000,19.76263974000
431,2,Blue Earth,34783,2325,239.44426790000,54.76895783000,69.75173792000,19.76263974000
432,2,Blue Earth,10435,9919,239.44426790000,54.76895783000,69.75173792000,19.76263974000
433,2,Blue Earth,30427,2791,239.44426790000,54.76895783000,69.75173792000,19.76263974000
434,2,Blue Earth,27092,720,239.44426790000,54.76895783000,69.75173792000,19.76263974000
435,2,Blue Earth,15666,14705,239.44426790000,54.76895783000,69.75173792000,19.76263974000
438,2,Blue Earth,26673,8282,239.44426790000,54.76895783000,69.75173792000,19.76263974000
439,2,Blue Earth,20978,20964,239.44426790000,54.76895783000,69.75173792000,19.76263974000
440,2,Blue Earth,21971,21957,239.44426790000,54.76895783000,69.75173792000,19.76263974000
443,2,Blue Earth,23684,8219,239.44426790000,54.76895783000,69.75173792000,19.76263974000
448,2,Blue Earth,20758,1631,239.44426790000,54.76895783000,69.75173792000,19.76263974000
449,2,Blue Earth,16447,1337,239.44426790000,54.76895783000,69.75173792000,19.76263974000
450,2,Blue Earth,26299,26180,239.44426790000,54.76895783000,69.75173792000,19.76263974000
451,2,Blue Earth,17373,11490,239.44426790000,54.76895783000,69.75173792000,19.76263974000
452,2,Blue Earth,23644,23630,239.44426790000,54.76895783000,69.75173792000,19.76263974000
455,2,Blue Earth,25423,1394,239.44426790000,54.76895783000,69.75173792000,19.76263974000
456,2,Blue Earth,22373,22056,239.44426790000,54.76895783000,69.75173792000,19.76263974000
457,2,Blue Earth,12530,9754,239.44426790000,54.76895783000,69.75173792000,19.76263974000
458,2,Blue Earth,14315,14305,239.44426790000,54.76895783000,69.75173792000,19.76263974000
459,2,Blue Earth,27622,27604,239.44426790000,54.76895783000,69.75173792000,19.76263974000
281,3,Brown,12726,6559,236.26113520000,51.59050599000,66.51367963000,16.54197999000
282,3,Brown,21303,5267,236.26113520000,51.59050599000,66.51367963000,16.54197999000
283,3,Brown,28506,21523,236.26113520000,51.59050599000,66.51367963000,16.54197999000
284,3,Brown,26963,21287,236.26113520000,51.59050599000,66.51367963000,16.54197999000
288,3,Brown,14152,52,236.26113520000,51.59050599000,66.51367963000,16.54197999000
290,3,Brown,30728,12411,236.26113520000,51.59050599000,66.51367963000,16.54197999000
291,3,Brown,12945,1,236.26113520000,51.59050599000,66.51367963000,16.54197999000
292,3,Brown,15578,1858,236.26113520000,51.59050599000,66.51367963000,16.54197999000
293,3,Brown,34933,17411,236.26113520000,51.59050599000,66.51367963000,16.54197999000
294,3,Brown,16781,9665,236.26113520000,51.59050599000,66.51367963000,16.54197999000
295,3,Brown,21297,21289,236.26113520000,51.59050599000,66.51367963000,16.54197999000
296,3,Brown,35285,33339,236.26113520000,51.59050599000,66.51367963000,16.54197999000
300,3,Brown,30351,4009,236.26113520000,51.59050599000,66.51367963000,16.54197999000
303,3,Brown,37783,27796,236.26113520000,51.59050599000,66.51367963000,16.54197999000
304,3,Brown,31038,2611,236.26113520000,51.59050599000,66.51367963000,16.54197999000
335,3,Brown,35290,19264,236.26113520000,51.59050599000,66.51367963000,16.54197999000
336,3,Brown,16582,6291,236.26113520000,51.59050599000,66.51367963000,16.54197999000
337,3,Brown,29984,7596,236.26113520000,51.59050599000,66.51367963000,16.54197999000
338,3,Brown,38897,38889,236.26113520000,51.59050599000,66.51367963000,16.54197999000
344,3,Brown,11986,3829,236.26113520000,51.59050599000,66.51367963000,16.54197999000
345,3,Brown,23285,13851,236.26113520000,51.59050599000,66.51367963000,16.54197999000
346,3,Brown,37526,23454,236.26113520000,51.59050599000,66.51367963000,16.54197999000
347,3,Brown,31692,31681,236.26113520000,51.59050599000,66.51367963000,16.54197999000
348,3,Brown,29948,29894,236.26113520000,51.59050599000,66.51367963000,16.54197999000
402,3,Brown,15970,4825,236.26113520000,51.59050599000,66.51367963000,16.54197999000
420,3,Brown,33192,24111,236.26113520000,51.59050599000,66.51367963000,16.54197999000
422,3,Brown,18400,6952,236.26113520000,51.59050599000,66.51367963000,16.54197999000
423,3,Brown,27978,9,236.26113520000,51.59050599000,66.51367963000,16.54197999000
293,6,Cottonwood,34933,17518,207.76707090000,23.00413877000,38.06653536000,-11.97742078000
294,6,Cottonwood,16781,7113,207.76707090000,23.00413877000,38.06653536000,-11.97742078000
326,6,Cottonwood,33168,12753,207.76707090000,23.00413877000,38.06653536000,-11.97742078000
328,6,Cottonwood,23587,6235,207.76707090000,23.00413877000,38.06653536000,-11.97742078000
329,6,Cottonwood,29142,25271,207.76707090000,23.00413877000,38.06653536000,-11.97742078000
330,6,Cottonwood,29109,28840,207.76707090000,23.00413877000,38.06653536000,-11.97742078000
331,6,Cottonwood,22306,22307,207.76707090000,23.00413877000,38.06653536000,-11.97742078000
332,6,Cottonwood,17992,17404,207.76707090000,23.00413877000,38.06653536000,-11.97742078000
333,6,Cottonwood,11841,4918,207.76707090000,23.00413877000,38.06653536000,-11.97742078000
334,6,Cottonwood,26274,25983,207.76707090000,23.00413877000,38.06653536000,-11.97742078000
335,6,Cottonwood,35290,16022,207.76707090000,23.00413877000,38.06653536000,-11.97742078000
336,6,Cottonwood,16582,1960,207.76707090000,23.00413877000,38.06653536000,-11.97742078000
384,6,Cottonwood,34076,566,207.76707090000,23.00413877000,38.06653536000,-11.97742078000
395,6,Cottonwood,29883,29879,207.76707090000,23.00413877000,38.06653536000,-11.97742078000
396,6,Cottonwood,7847,7845,207.76707090000,23.00413877000,38.06653536000,-11.97742078000
397,6,Cottonwood,15466,14520,207.76707090000,23.00413877000,38.06653536000,-11.97742078000
399,6,Cottonwood,13241,503,207.76707090000,23.00413877000,38.06653536000,-11.97742078000
400,6,Cottonwood,19390,19387,207.76707090000,23.00413877000,38.06653536000,-11.97742078000
401,6,Cottonwood,13154,7776,207.76707090000,23.00413877000,38.06653536000,-11.97742078000
402,6,Cottonwood,15970,557,207.76707090000,23.00413877000,38.06653536000,-11.97742078000
403,6,Cottonwood,16284,4334,207.76707090000,23.00413877000,38.06653536000,-11.97742078000
407,6,Cottonwood,33431,26495,207.76707090000,23.00413877000,38.06653536000,-11.97742078000
408,6,Cottonwood,26971,12957,207.76707090000,23.00413877000,38.06653536000,-11.97742078000
352,9,Faribault,15356,3,233.48530540000,48.75917288000,63.73888813000,13.76978380000
354,9,Faribault,19756,11980,233.48530540000,48.75917288000,63.73888813000,13.76978380000
355,9,Faribault,29273,5550,233.48530540000,48.75917288000,63.73888813000,13.76978380000
358,9,Faribault,31737,8614,233.48530540000,48.75917288000,63.73888813000,13.76978380000
359,9,Faribault,17827,228,233.48530540000,48.75917288000,63.73888813000,13.76978380000
360,9,Faribault,13211,7172,233.48530540000,48.75917288000,63.73888813000,13.76978380000
361,9,Faribault,19664,18187,233.48530540000,48.75917288000,63.73888813000,13.76978380000
362,9,Faribault,13007,12738,233.48530540000,48.75917288000,63.73888813000,13.76978380000
363,9,Faribault,10880,8345,233.48530540000,48.75917288000,63.73888813000,13.76978380000
364,9,Faribault,33475,13240,233.48530540000,48.75917288000,63.73888813000,13.76978380000
365,9,Faribault,39022,28136,233.48530540000,48.75917288000,63.73888813000,13.76978380000
366,9,Faribault,30399,25514,233.48530540000,48.75917288000,63.73888813000,13.76978380000
367,9,Faribault,30598,30578,233.48530540000,48.75917288000,63.73888813000,13.76978380000
368,9,Faribault,17366,17354,233.48530540000,48.75917288000,63.73888813000,13.76978380000
369,9,Faribault,27087,27070,233.48530540000,48.75917288000,63.73888813000,13.76978380000
373,9,Faribault,19074,5026,233.48530540000,48.75917288000,63.73888813000,13.76978380000
377,9,Faribault,31212,3629,233.48530540000,48.75917288000,63.73888813000,13.76978380000
378,9,Faribault,19207,9182,233.48530540000,48.75917288000,63.73888813000,13.76978380000
379,9,Faribault,31085,16322,233.48530540000,48.75917288000,63.73888813000,13.76978380000
380,9,Faribault,34088,34013,233.48530540000,48.75917288000,63.73888813000,13.76978380000
387,9,Faribault,20919,2669,233.48530540000,48.75917288000,63.73888813000,13.76978380000
388,9,Faribault,15295,3602,233.48530540000,48.75917288000,63.73888813000,13.76978380000
392,9,Faribault,20246,12404,233.48530540000,48.75917288000,63.73888813000,13.76978380000
436,9,Faribault,20011,961,233.48530540000,48.75917288000,63.73888813000,13.76978380000
437,9,Faribault,25186,4673,233.48530540000,48.75917288000,63.73888813000,13.76978380000
438,9,Faribault,26673,5729,233.48530540000,48.75917288000,63.73888813000,13.76978380000
441,9,Faribault,13332,13323,233.48530540000,48.75917288000,63.73888813000,13.76978380000
442,9,Faribault,15274,15265,233.48530540000,48.75917288000,63.73888813000,13.76978380000
443,9,Faribault,23684,15450,233.48530540000,48.75917288000,63.73888813000,13.76978380000
444,9,Faribault,14581,13411,233.48530540000,48.75917288000,63.73888813000,13.76978380000
445,9,Faribault,11587,11406,233.48530540000,48.75917288000,63.73888813000,13.76978380000
446,9,Faribault,13365,13356,233.48530540000,48.75917288000,63.73888813000,13.76978380000
447,9,Faribault,22639,22624,233.48530540000,48.75917288000,63.73888813000,13.76978380000
448,9,Faribault,20758,19114,233.48530540000,48.75917288000,63.73888813000,13.76978380000
449,9,Faribault,16447,15099,233.48530540000,48.75917288000,63.73888813000,13.76978380000
450,9,Faribault,26299,102,233.48530540000,48.75917288000,63.73888813000,13.76978380000
451,9,Faribault,17373,5873,233.48530540000,48.75917288000,63.73888813000,13.76978380000
381,13,Jackson,29128,28816,234.28012410000,49.52963273000,64.50670703000,14.53822930000
382,13,Jackson,18781,18296,234.28012410000,49.52963273000,64.50670703000,14.53822930000
383,13,Jackson,37849,860,234.28012410000,49.52963273000,64.50670703000,14.53822930000
384,13,Jackson,34076,4478,234.28012410000,49.52963273000,64.50670703000,14.53822930000
408,13,Jackson,26971,5929,234.28012410000,49.52963273000,64.50670703000,14.53822930000
306,16,Le Sueur,11402,1710,254.74384390000,70.01571656000,85.03506075000,35.11847770000
307,16,Le Sueur,25356,552,254.74384390000,70.01571656000,85.03506075000,35.11847770000
309,16,Le Sueur,26753,19589,254.74384390000,70.01571656000,85.03506075000,35.11847770000
311,16,Le Sueur,21337,21315,254.74384390000,70.01571656000,85.03506075000,35.11847770000
312,16,Le Sueur,20946,12012,254.74384390000,70.01571656000,85.03506075000,35.11847770000
454,16,Le Sueur,15495,423,254.74384390000,70.01571656000,85.03506075000,35.11847770000
457,16,Le Sueur,12530,970,254.74384390000,70.01571656000,85.03506075000,35.11847770000
460,16,Le Sueur,35229,35204,254.74384390000,70.01571656000,85.03506075000,35.11847770000
461,16,Le Sueur,10470,10462,254.74384390000,70.01571656000,85.03506075000,35.11847770000
462,16,Le Sueur,34815,34506,254.74384390000,70.01571656000,85.03506075000,35.11847770000
463,16,Le Sueur,15358,15348,254.74384390000,70.01571656000,85.03506075000,35.11847770000
476,16,Le Sueur,20768,197,254.74384390000,70.01571656000,85.03506075000,35.11847770000
477,16,Le Sueur,21782,74,254.74384390000,70.01571656000,85.03506075000,35.11847770000
478,16,Le Sueur,20645,12561,254.74384390000,70.01571656000,85.03506075000,35.11847770000
479,16,Le Sueur,19402,5889,254.74384390000,70.01571656000,85.03506075000,35.11847770000
493,16,Le Sueur,22643,4757,254.74384390000,70.01571656000,85.03506075000,35.11847770000
494,16,Le Sueur,37489,14712,254.74384390000,70.01571656000,85.03506075000,35.11847770000
495,16,Le Sueur,14735,10987,254.74384390000,70.01571656000,85.03506075000,35.11847770000
496,16,Le Sueur,28079,7452,254.74384390000,70.01571656000,85.03506075000,35.11847770000
93,17,Lincoln,24898,6210,239.95943590000,55.29384572000,70.27071650000,20.31938607000
94,17,Lincoln,24828,22672,239.95943590000,55.29384572000,70.27071650000,20.31938607000
95,17,Lincoln,12541,9,239.95943590000,55.29384572000,70.27071650000,20.31938607000
96,17,Lincoln,18852,0,239.95943590000,55.29384572000,70.27071650000,20.31938607000
97,17,Lincoln,17373,13325,239.95943590000,55.29384572000,70.27071650000,20.31938607000
99,17,Lincoln,11505,25,239.95943590000,55.29384572000,70.27071650000,20.31938607000
101,17,Lincoln,23186,1299,239.95943590000,55.29384572000,70.27071650000,20.31938607000
135,17,Lincoln,15797,15813,239.95943590000,55.29384572000,70.27071650000,20.31938607000
136,17,Lincoln,29251,29276,239.95943590000,55.29384572000,70.27071650000,20.31938607000
137,17,Lincoln,27344,27303,239.95943590000,55.29384572000,70.27071650000,20.31938607000
138,17,Lincoln,16687,15563,239.95943590000,55.29384572000,70.27071650000,20.31938607000
139,17,Lincoln,22511,14419,239.95943590000,55.29384572000,70.27071650000,20.31938607000
140,17,Lincoln,37434,7000,239.95943590000,55.29384572000,70.27071650000,20.31938607000
141,17,Lincoln,13906,892,239.95943590000,55.29384572000,70.27071650000,20.31938607000
142,17,Lincoln,23748,23768,239.95943590000,55.29384572000,70.27071650000,20.31938607000
143,17,Lincoln,17938,17952,239.95943590000,55.29384572000,70.27071650000,20.31938607000
144,17,Lincoln,15009,11094,239.95943590000,55.29384572000,70.27071650000,20.31938607000
145,17,Lincoln,22752,4956,239.95943590000,55.29384572000,70.27071650000,20.31938607000
245,17,Lincoln,36106,3442,239.95943590000,55.29384572000,70.27071650000,20.31938607000
246,17,Lincoln,32167,25543,239.95943590000,55.29384572000,70.27071650000,20.31938607000
247,17,Lincoln,15299,1787,239.95943590000,55.29384572000,70.27071650000,20.31938607000
248,17,Lincoln,14783,14797,239.95943590000,55.29384572000,70.27071650000,20.31938607000
249,17,Lincoln,13198,13209,239.95943590000,55.29384572000,70.27071650000,20.31938607000
250,17,Lincoln,17475,17489,239.95943590000,55.29384572000,70.27071650000,20.31938607000
251,17,Lincoln,16633,5480,239.95943590000,55.29384572000,70.27071650000,20.31938607000
255,17,Lincoln,28182,2794,239.95943590000,55.29384572000,70.27071650000,20.31938607000
139,18,Lyon,22511,8108,229.14529000000,44.48585432000,59.39409691000,9.43727977400
140,18,Lyon,37434,206,229.14529000000,44.48585432000,59.39409691000,9.43727977400
141,18,Lyon,13906,10998,229.14529000000,44.48585432000,59.39409691000,9.43727977400
144,18,Lyon,15009,3926,229.14529000000,44.48585432000,59.39409691000,9.43727977400
145,18,Lyon,22752,17810,229.14529000000,44.48585432000,59.39409691000,9.43727977400
147,18,Lyon,10144,372,229.14529000000,44.48585432000,59.39409691000,9.43727977400
149,18,Lyon,16496,950,229.14529000000,44.48585432000,59.39409691000,9.43727977400
151,18,Lyon,18760,18771,229.14529000000,44.48585432000,59.39409691000,9.43727977400
152,18,Lyon,29484,12835,229.14529000000,44.48585432000,59.39409691000,9.43727977400
153,18,Lyon,25747,24100,229.14529000000,44.48585432000,59.39409691000,9.43727977400
154,18,Lyon,14021,1127,229.14529000000,44.48585432000,59.39409691000,9.43727977400
171,18,Lyon,12417,906,229.14529000000,44.48585432000,59.39409691000,9.43727977400
172,18,Lyon,22009,6696,229.14529000000,44.48585432000,59.39409691000,9.43727977400
173,18,Lyon,11535,7,229.14529000000,44.48585432000,59.39409691000,9.43727977400
245,18,Lyon,36106,8622,229.14529000000,44.48585432000,59.39409691000,9.43727977400
246,18,Lyon,32167,3887,229.14529000000,44.48585432000,59.39409691000,9.43727977400
247,18,Lyon,15299,13522,229.14529000000,44.48585432000,59.39409691000,9.43727977400
251,18,Lyon,16633,11165,229.14529000000,44.48585432000,59.39409691000,9.43727977400
252,18,Lyon,27071,27085,229.14529000000,44.48585432000,59.39409691000,9.43727977400
253,18,Lyon,11960,11964,229.14529000000,44.48585432000,59.39409691000,9.43727977400
254,18,Lyon,12996,13001,229.14529000000,44.48585432000,59.39409691000,9.43727977400
255,18,Lyon,28182,25405,229.14529000000,44.48585432000,59.39409691000,9.43727977400
256,18,Lyon,10868,10873,229.14529000000,44.48585432000,59.39409691000,9.43727977400
257,18,Lyon,15656,15665,229.14529000000,44.48585432000,59.39409691000,9.43727977400
258,18,Lyon,20339,20348,229.14529000000,44.48585432000,59.39409691000,9.43727977400
259,18,Lyon,14507,11391,229.14529000000,44.48585432000,59.39409691000,9.43727977400
260,18,Lyon,11468,3622,229.14529000000,44.48585432000,59.39409691000,9.43727977400
261,18,Lyon,27248,189,229.14529000000,44.48585432000,59.39409691000,9.43727977400
265,18,Lyon,23193,18812,229.14529000000,44.48585432000,59.39409691000,9.43727977400
313,18,Lyon,28188,28127,229.14529000000,44.48585432000,59.39409691000,9.43727977400
314,18,Lyon,36060,35780,229.14529000000,44.48585432000,59.39409691000,9.43727977400
315,18,Lyon,17370,17378,229.14529000000,44.48585432000,59.39409691000,9.43727977400
316,18,Lyon,20537,20546,229.14529000000,44.48585432000,59.39409691000,9.43727977400
317,18,Lyon,15517,15522,229.14529000000,44.48585432000,59.39409691000,9.43727977400
318,18,Lyon,9530,9520,229.14529000000,44.48585432000,59.39409691000,9.43727977400
319,18,Lyon,18473,4190,229.14529000000,44.48585432000,59.39409691000,9.43727977400
322,18,Lyon,9087,5628,229.14529000000,44.48585432000,59.39409691000,9.43727977400
323,18,Lyon,10278,3139,229.14529000000,44.48585432000,59.39409691000,9.43727977400
324,18,Lyon,17882,4748,229.14529000000,44.48585432000,59.39409691000,9.43727977400
325,18,Lyon,19358,1475,229.14529000000,44.48585432000,59.39409691000,9.43727977400
353,19,Martin,16255,789,249.23491330000,64.64948977000,79.50543648000,29.58845986000
354,19,Martin,19756,4696,249.23491330000,64.64948977000,79.50543648000,29.58845986000
370,19,Martin,9778,6477,249.23491330000,64.64948977000,79.50543648000,29.58845986000
371,19,Martin,24985,12219,249.23491330000,64.64948977000,79.50543648000,29.58845986000
372,19,Martin,18018,18009,249.23491330000,64.64948977000,79.50543648000,29.58845986000
373,19,Martin,19074,14037,249.23491330000,64.64948977000,79.50543648000,29.58845986000
374,19,Martin,11082,11077,249.23491330000,64.64948977000,79.50543648000,29.58845986000
375,19,Martin,19984,19975,249.23491330000,64.64948977000,79.50543648000,29.58845986000
376,19,Martin,25250,25241,249.23491330000,64.64948977000,79.50543648000,29.58845986000
377,19,Martin,31212,27567,249.23491330000,64.64948977000,79.50543648000,29.58845986000
378,19,Martin,19207,10014,249.23491330000,64.64948977000,79.50543648000,29.58845986000
379,19,Martin,31085,14746,249.23491330000,64.64948977000,79.50543648000,29.58845986000
380,19,Martin,34088,55,249.23491330000,64.64948977000,79.50543648000,29.58845986000
381,19,Martin,29128,306,249.23491330000,64.64948977000,79.50543648000,29.58845986000
382,19,Martin,18781,481,249.23491330000,64.64948977000,79.50543648000,29.58845986000
383,19,Martin,37849,36977,249.23491330000,64.64948977000,79.50543648000,29.58845986000
384,19,Martin,34076,27852,249.23491330000,64.64948977000,79.50543648000,29.58845986000
385,19,Martin,25039,25028,249.23491330000,64.64948977000,79.50543648000,29.58845986000
386,19,Martin,14257,14250,249.23491330000,64.64948977000,79.50543648000,29.58845986000
387,19,Martin,20919,18239,249.23491330000,64.64948977000,79.50543648000,29.58845986000
388,19,Martin,15295,4413,249.23491330000,64.64948977000,79.50543648000,29.58845986000
389,19,Martin,13591,9215,249.23491330000,64.64948977000,79.50543648000,29.58845986000
390,19,Martin,10335,5572,249.23491330000,64.64948977000,79.50543648000,29.58845986000
392,19,Martin,20246,46,249.23491330000,64.64948977000,79.50543648000,29.58845986000
408,19,Martin,26971,1097,249.23491330000,64.64948977000,79.50543648000,29.58845986000
409,19,Martin,19916,12900,249.23491330000,64.64948977000,79.50543648000,29.58845986000
410,19,Martin,27786,1750,249.23491330000,64.64948977000,79.50543648000,29.58845986000
413,19,Martin,11275,11270,249.23491330000,64.64948977000,79.50543648000,29.58845986000
414,19,Martin,12253,9227,249.23491330000,64.64948977000,79.50543648000,29.58845986000
415,19,Martin,10706,5303,249.23491330000,64.64948977000,79.50543648000,29.58845986000
416,19,Martin,13089,9161,249.23491330000,64.64948977000,79.50543648000,29.58845986000
245,21,Murray,36106,10066,228.35313140000,43.68914101000,58.65487607000,8.76346475000
313,21,Murray,28188,76,228.35313140000,43.68914101000,58.65487607000,8.76346475000
314,21,Murray,36060,0,228.35313140000,43.68914101000,58.65487607000,8.76346475000
319,21,Murray,18473,14288,228.35313140000,43.68914101000,58.65487607000,8.76346475000
320,21,Murray,8929,8931,228.35313140000,43.68914101000,58.65487607000,8.76346475000
321,21,Murray,30281,13505,228.35313140000,43.68914101000,58.65487607000,8.76346475000
324,21,Murray,17882,57,228.35313140000,43.68914101000,58.65487607000,8.76346475000
326,21,Murray,33168,3217,228.35313140000,43.68914101000,58.65487607000,8.76346475000
328,21,Murray,23587,17356,228.35313140000,43.68914101000,58.65487607000,8.76346475000
329,21,Murray,29142,3873,228.35313140000,43.68914101000,58.65487607000,8.76346475000
330,21,Murray,29109,272,228.35313140000,43.68914101000,58.65487607000,8.76346475000
277,22,Nicollet,14300,329,247.80336070000,63.06422888000,78.07351703000,28.04202823000
282,22,Nicollet,21303,1115,247.80336070000,63.06422888000,78.07351703000,28.04202823000
284,22,Nicollet,26963,5530,247.80336070000,63.06422888000,78.07351703000,28.04202823000
287,22,Nicollet,10727,3758,247.80336070000,63.06422888000,78.07351703000,28.04202823000
288,22,Nicollet,14152,4884,247.80336070000,63.06422888000,78.07351703000,28.04202823000
289,22,Nicollet,23631,8442,247.80336070000,63.06422888000,78.07351703000,28.04202823000
290,22,Nicollet,30728,18304,247.80336070000,63.06422888000,78.07351703000,28.04202823000
291,22,Nicollet,12945,12938,247.80336070000,63.06422888000,78.07351703000,28.04202823000
292,22,Nicollet,15578,13713,247.80336070000,63.06422888000,78.07351703000,28.04202823000
297,22,Nicollet,26890,26876,247.80336070000,63.06422888000,78.07351703000,28.04202823000
298,22,Nicollet,17472,17462,247.80336070000,63.06422888000,78.07351703000,28.04202823000
299,22,Nicollet,6174,6155,247.80336070000,63.06422888000,78.07351703000,28.04202823000
304,22,Nicollet,31038,13572,247.80336070000,63.06422888000,78.07351703000,28.04202823000
305,22,Nicollet,23536,14323,247.80336070000,63.06422888000,78.07351703000,28.04202823000
306,22,Nicollet,11402,0,247.80336070000,63.06422888000,78.07351703000,28.04202823000
307,22,Nicollet,25356,8624,247.80336070000,63.06422888000,78.07351703000,28.04202823000
308,22,Nicollet,23244,23230,247.80336070000,63.06422888000,78.07351703000,28.04202823000
310,22,Nicollet,17225,17214,247.80336070000,63.06422888000,78.07351703000,28.04202823000
311,22,Nicollet,21337,7,247.80336070000,63.06422888000,78.07351703000,28.04202823000
312,22,Nicollet,20946,8920,247.80336070000,63.06422888000,78.07351703000,28.04202823000
348,22,Nicollet,29948,41,247.80336070000,63.06422888000,78.07351703000,28.04202823000
468,22,Nicollet,24650,4486,247.80336070000,63.06422888000,78.07351703000,28.04202823000
469,22,Nicollet,19012,3488,247.80336070000,63.06422888000,78.07351703000,28.04202823000
470,22,Nicollet,10755,3357,247.80336070000,63.06422888000,78.07351703000,28.04202823000
471,22,Nicollet,19790,19780,247.80336070000,63.06422888000,78.07351703000,28.04202823000
472,22,Nicollet,29507,28963,247.80336070000,63.06422888000,78.07351703000,28.04202823000
473,22,Nicollet,14285,4328,247.80336070000,63.06422888000,78.07351703000,28.04202823000
477,22,Nicollet,21782,21694,247.80336070000,63.06422888000,78.07351703000,28.04202823000
478,22,Nicollet,20645,4203,247.80336070000,63.06422888000,78.07351703000,28.04202823000
245,24,Pipestone,36106,14001,267.80048050000,83.15411974000,98.08475516000,48.14708642000
246,24,Pipestone,32167,2761,267.80048050000,83.15411974000,98.08475516000,48.14708642000
171,26,Redwood,12417,923,224.37746240000,39.61909289000,54.63007856000,4.67730747500
175,26,Redwood,10716,0,224.37746240000,39.61909289000,54.63007856000,4.67730747500
176,26,Redwood,23327,5092,224.37746240000,39.61909289000,54.63007856000,4.67730747500
177,26,Redwood,15205,2937,224.37746240000,39.61909289000,54.63007856000,4.67730747500
183,26,Redwood,15846,4,224.37746240000,39.61909289000,54.63007856000,4.67730747500
186,26,Redwood,15278,0,224.37746240000,39.61909289000,54.63007856000,4.67730747500
187,26,Redwood,18407,10989,224.37746240000,39.61909289000,54.63007856000,4.67730747500
188,26,Redwood,19663,19603,224.37746240000,39.61909289000,54.63007856000,4.67730747500
189,26,Redwood,15818,3849,224.37746240000,39.61909289000,54.63007856000,4.67730747500
190,26,Redwood,16878,5567,224.37746240000,39.61909289000,54.63007856000,4.67730747500
259,26,Redwood,14507,3120,224.37746240000,39.61909289000,54.63007856000,4.67730747500
260,26,Redwood,11468,7848,224.37746240000,39.61909289000,54.63007856000,4.67730747500
261,26,Redwood,27248,27063,224.37746240000,39.61909289000,54.63007856000,4.67730747500
262,26,Redwood,14636,6124,224.37746240000,39.61909289000,54.63007856000,4.67730747500
263,26,Redwood,13943,10264,224.37746240000,39.61909289000,54.63007856000,4.67730747500
264,26,Redwood,14049,14049,224.37746240000,39.61909289000,54.63007856000,4.67730747500
265,26,Redwood,23193,3512,224.37746240000,39.61909289000,54.63007856000,4.67730747500
266,26,Redwood,18405,18187,224.37746240000,39.61909289000,54.63007856000,4.67730747500
267,26,Redwood,15027,15028,224.37746240000,39.61909289000,54.63007856000,4.67730747500
268,26,Redwood,22130,22130,224.37746240000,39.61909289000,54.63007856000,4.67730747500
271,26,Redwood,7935,52,224.37746240000,39.61909289000,54.63007856000,4.67730747500
272,26,Redwood,17905,17903,224.37746240000,39.61909289000,54.63007856000,4.67730747500
273,26,Redwood,14364,14361,224.37746240000,39.61909289000,54.63007856000,4.67730747500
274,26,Redwood,13745,13742,224.37746240000,39.61909289000,54.63007856000,4.67730747500
278,26,Redwood,21573,21570,224.37746240000,39.61909289000,54.63007856000,4.67730747500
279,26,Redwood,12927,80,224.37746240000,39.61909289000,54.63007856000,4.67730747500
280,26,Redwood,14883,7499,224.37746240000,39.61909289000,54.63007856000,4.67730747500
281,26,Redwood,12726,6157,224.37746240000,39.61909289000,54.63007856000,4.67730747500
282,26,Redwood,21303,2821,224.37746240000,39.61909289000,54.63007856000,4.67730747500
283,26,Redwood,28506,6974,224.37746240000,39.61909289000,54.63007856000,4.67730747500
314,26,Redwood,36060,292,224.37746240000,39.61909289000,54.63007856000,4.67730747500
318,26,Redwood,9530,13,224.37746240000,39.61909289000,54.63007856000,4.67730747500
321,26,Redwood,30281,16782,224.37746240000,39.61909289000,54.63007856000,4.67730747500
322,26,Redwood,9087,3461,224.37746240000,39.61909289000,54.63007856000,4.67730747500
323,26,Redwood,10278,7142,224.37746240000,39.61909289000,54.63007856000,4.67730747500
324,26,Redwood,17882,13080,224.37746240000,39.61909289000,54.63007856000,4.67730747500
325,26,Redwood,19358,17886,224.37746240000,39.61909289000,54.63007856000,4.67730747500
326,26,Redwood,33168,17202,224.37746240000,39.61909289000,54.63007856000,4.67730747500
327,26,Redwood,11260,11260,224.37746240000,39.61909289000,54.63007856000,4.67730747500
332,26,Redwood,17992,588,224.37746240000,39.61909289000,54.63007856000,4.67730747500
333,26,Redwood,11841,6923,224.37746240000,39.61909289000,54.63007856000,4.67730747500
334,26,Redwood,26274,290,224.37746240000,39.61909289000,54.63007856000,4.67730747500
336,26,Redwood,16582,8329,224.37746240000,39.61909289000,54.63007856000,4.67730747500
337,26,Redwood,29984,22386,224.37746240000,39.61909289000,54.63007856000,4.67730747500
339,26,Redwood,37574,37578,224.37746240000,39.61909289000,54.63007856000,4.67730747500
340,26,Redwood,30679,30679,224.37746240000,39.61909289000,54.63007856000,4.67730747500
341,26,Redwood,24103,24103,224.37746240000,39.61909289000,54.63007856000,4.67730747500
342,26,Redwood,17425,17423,224.37746240000,39.61909289000,54.63007856000,4.67730747500
343,26,Redwood,29615,29611,224.37746240000,39.61909289000,54.63007856000,4.67730747500
344,26,Redwood,11986,8155,224.37746240000,39.61909289000,54.63007856000,4.67730747500
345,26,Redwood,23285,9429,224.37746240000,39.61909289000,54.63007856000,4.67730747500
346,26,Redwood,37526,14062,224.37746240000,39.61909289000,54.63007856000,4.67730747500
286,30,Sibley,14758,4498,262.75399770000,78.01929828000,93.03441559000,43.10819449000
287,30,Sibley,10727,5019,262.75399770000,78.01929828000,93.03441559000,43.10819449000
289,30,Sibley,23631,14793,262.75399770000,78.01929828000,93.03441559000,43.10819449000
464,30,Sibley,11427,11421,262.75399770000,78.01929828000,93.03441559000,43.10819449000
465,30,Sibley,20403,16443,262.75399770000,78.01929828000,93.03441559000,43.10819449000
466,30,Sibley,13014,13007,262.75399770000,78.01929828000,93.03441559000,43.10819449000
467,30,Sibley,18540,18529,262.75399770000,78.01929828000,93.03441559000,43.10819449000
468,30,Sibley,24650,20153,262.75399770000,78.01929828000,93.03441559000,43.10819449000
469,30,Sibley,19012,15515,262.75399770000,78.01929828000,93.03441559000,43.10819449000
470,30,Sibley,10755,7392,262.75399770000,78.01929828000,93.03441559000,43.10819449000
472,30,Sibley,29507,528,262.75399770000,78.01929828000,93.03441559000,43.10819449000
473,30,Sibley,14285,9948,262.75399770000,78.01929828000,93.03441559000,43.10819449000
474,30,Sibley,28845,28832,262.75399770000,78.01929828000,93.03441559000,43.10819449000
475,30,Sibley,26900,26885,262.75399770000,78.01929828000,93.03441559000,43.10819449000
476,30,Sibley,20768,20558,262.75399770000,78.01929828000,93.03441559000,43.10819449000
478,30,Sibley,20645,3867,262.75399770000,78.01929828000,93.03441559000,43.10819449000
479,30,Sibley,19402,4000,262.75399770000,78.01929828000,93.03441559000,43.10819449000
480,30,Sibley,38835,20532,262.75399770000,78.01929828000,93.03441559000,43.10819449000
481,30,Sibley,11032,9373,262.75399770000,78.01929828000,93.03441559000,43.10819449000
482,30,Sibley,20859,354,262.75399770000,78.01929828000,93.03441559000,43.10819449000
483,30,Sibley,13664,2715,262.75399770000,78.01929828000,93.03441559000,43.10819449000
484,30,Sibley,8290,7425,262.75399770000,78.01929828000,93.03441559000,43.10819449000
485,30,Sibley,13304,13296,262.75399770000,78.01929828000,93.03441559000,43.10819449000
486,30,Sibley,10951,10944,262.75399770000,78.01929828000,93.03441559000,43.10819449000
487,30,Sibley,17803,17792,262.75399770000,78.01929828000,93.03441559000,43.10819449000
488,30,Sibley,19545,19532,262.75399770000,78.01929828000,93.03441559000,43.10819449000
489,30,Sibley,28458,24137,262.75399770000,78.01929828000,93.03441559000,43.10819449000
491,30,Sibley,25361,8778,262.75399770000,78.01929828000,93.03441559000,43.10819449000
500,30,Sibley,29418,15330,262.75399770000,78.01929828000,93.03441559000,43.10819449000
501,30,Sibley,26655,933,262.75399770000,78.01929828000,93.03441559000,43.10819449000
300,37,Watonwan,30351,126,235.55585670000,51.04232258000,65.83097886000,15.96629764000
384,37,Watonwan,34076,1170,235.55585670000,51.04232258000,65.83097886000,15.96629764000
390,37,Watonwan,10335,83,235.55585670000,51.04232258000,65.83097886000,15.96629764000
397,37,Watonwan,15466,943,235.55585670000,51.04232258000,65.83097886000,15.96629764000
398,37,Watonwan,11443,11439,235.55585670000,51.04232258000,65.83097886000,15.96629764000
399,37,Watonwan,13241,12733,235.55585670000,51.04232258000,65.83097886000,15.96629764000
401,37,Watonwan,13154,5375,235.55585670000,51.04232258000,65.83097886000,15.96629764000
402,37,Watonwan,15970,10583,235.55585670000,51.04232258000,65.83097886000,15.96629764000
403,37,Watonwan,16284,11945,235.55585670000,51.04232258000,65.83097886000,15.96629764000
404,37,Watonwan,23668,23660,235.55585670000,51.04232258000,65.83097886000,15.96629764000
405,37,Watonwan,22353,22346,235.55585670000,51.04232258000,65.83097886000,15.96629764000
406,37,Watonwan,17091,17084,235.55585670000,51.04232258000,65.83097886000,15.96629764000
407,37,Watonwan,33431,6930,235.55585670000,51.04232258000,65.83097886000,15.96629764000
408,37,Watonwan,26971,6981,235.55585670000,51.04232258000,65.83097886000,15.96629764000
409,37,Watonwan,19916,7009,235.55585670000,51.04232258000,65.83097886000,15.96629764000
410,37,Watonwan,27786,26026,235.55585670000,51.04232258000,65.83097886000,15.96629764000
411,37,Watonwan,8785,8782,235.55585670000,51.04232258000,65.83097886000,15.96629764000
412,37,Watonwan,20427,20418,235.55585670000,51.04232258000,65.83097886000,15.96629764000
414,37,Watonwan,12253,3021,235.55585670000,51.04232258000,65.83097886000,15.96629764000
415,37,Watonwan,10706,5398,235.55585670000,51.04232258000,65.83097886000,15.96629764000
416,37,Watonwan,13089,3574,235.55585670000,51.04232258000,65.83097886000,15.96629764000
417,37,Watonwan,10260,9677,235.55585670000,51.04232258000,65.83097886000,15.96629764000
418,37,Watonwan,25809,25021,235.55585670000,51.04232258000,65.83097886000,15.96629764000
419,37,Watonwan,12459,703,235.55585670000,51.04232258000,65.83097886000,15.96629764000
420,37,Watonwan,33192,9069,235.55585670000,51.04232258000,65.83097886000,15.96629764000
421,37,Watonwan,11699,11695,235.55585670000,51.04232258000,65.83097886000,15.96629764000
422,37,Watonwan,18400,11440,235.55585670000,51.04232258000,65.83097886000,15.96629764000
423,37,Watonwan,27978,10973,235.55585670000,51.04232258000,65.83097886000,15.96629764000
18,1,Big Stone,14153,594,231.97482760000,47.26910078000,62.24772744000,12.28486201000
19,1,Big Stone,21201,11065,231.97482760000,47.26910078000,62.24772744000,12.28486201000
20,1,Big Stone,33136,21708,231.97482760000,47.26910078000,62.24772744000,12.28486201000
21,1,Big Stone,17865,17886,231.97482760000,47.26910078000,62.24772744000,12.28486201000
22,1,Big Stone,9545,0,231.97482760000,47.26910078000,62.24772744000,12.28486201000
24,1,Big Stone,17073,17094,231.97482760000,47.26910078000,62.24772744000,12.28486201000
25,1,Big Stone,11670,11682,231.97482760000,47.26910078000,62.24772744000,12.28486201000
26,1,Big Stone,72498,39694,231.97482760000,47.26910078000,62.24772744000,12.28486201000
40,1,Big Stone,15743,90,231.97482760000,47.26910078000,62.24772744000,12.28486201000
41,1,Big Stone,30274,27500,231.97482760000,47.26910078000,62.24772744000,12.28486201000
42,1,Big Stone,25190,25213,231.97482760000,47.26910078000,62.24772744000,12.28486201000
43,1,Big Stone,12526,12538,231.97482760000,47.26910078000,62.24772744000,12.28486201000
44,1,Big Stone,14423,14436,231.97482760000,47.26910078000,62.24772744000,12.28486201000
61,1,Big Stone,27449,12356,231.97482760000,47.26910078000,62.24772744000,12.28486201000
63,1,Big Stone,32282,31709,231.97482760000,47.26910078000,62.24772744000,12.28486201000
64,1,Big Stone,24851,3059,231.97482760000,47.26910078000,62.24772744000,12.28486201000
65,1,Big Stone,39166,23038,231.97482760000,47.26910078000,62.24772744000,12.28486201000
81,1,Big Stone,29818,714,231.97482760000,47.26910078000,62.24772744000,12.28486201000
85,1,Big Stone,13467,81,231.97482760000,47.26910078000,62.24772744000,12.28486201000
86,1,Big Stone,24867,14612,231.97482760000,47.26910078000,62.24772744000,12.28486201000
489,4,Carver,28458,4277,308.58187750000,123.82092670000,138.90530740000,89.14301450000
490,4,Carver,12391,12334,308.58187750000,123.82092670000,138.90530740000,89.14301450000
491,4,Carver,25361,16566,308.58187750000,123.82092670000,138.90530740000,89.14301450000
492,4,Carver,19209,19079,308.58187750000,123.82092670000,138.90530740000,89.14301450000
501,4,Carver,26655,5650,308.58187750000,123.82092670000,138.90530740000,89.14301450000
502,4,Carver,20240,20226,308.58187750000,123.82092670000,138.90530740000,89.14301450000
503,4,Carver,10763,10634,308.58187750000,123.82092670000,138.90530740000,89.14301450000
504,4,Carver,9892,9885,308.58187750000,123.82092670000,138.90530740000,89.14301450000
505,4,Carver,12209,12200,308.58187750000,123.82092670000,138.90530740000,89.14301450000
506,4,Carver,10276,10186,308.58187750000,123.82092670000,138.90530740000,89.14301450000
507,4,Carver,32966,15252,308.58187750000,123.82092670000,138.90530740000,89.14301450000
508,4,Carver,8393,3880,308.58187750000,123.82092670000,138.90530740000,89.14301450000
509,4,Carver,20607,1287,308.58187750000,123.82092670000,138.90530740000,89.14301450000
67,5,Chippewa,12455,7083,245.34995190000,60.75370170000,75.58256866000,25.66624544000
68,5,Chippewa,39847,22808,245.34995190000,60.75370170000,75.58256866000,25.66624544000
125,5,Chippewa,25130,3,245.34995190000,60.75370170000,75.58256866000,25.66624544000
129,5,Chippewa,26154,9451,245.34995190000,60.75370170000,75.58256866000,25.66624544000
130,5,Chippewa,34657,23,245.34995190000,60.75370170000,75.58256866000,25.66624544000
131,5,Chippewa,26883,19661,245.34995190000,60.75370170000,75.58256866000,25.66624544000
132,5,Chippewa,21570,21574,245.34995190000,60.75370170000,75.58256866000,25.66624544000
134,5,Chippewa,20932,8195,245.34995190000,60.75370170000,75.58256866000,25.66624544000
159,5,Chippewa,23635,8700,245.34995190000,60.75370170000,75.58256866000,25.66624544000
160,5,Chippewa,35017,19604,245.34995190000,60.75370170000,75.58256866000,25.66624544000
163,5,Chippewa,32106,214,245.34995190000,60.75370170000,75.58256866000,25.66624544000
164,5,Chippewa,10265,6547,245.34995190000,60.75370170000,75.58256866000,25.66624544000
165,5,Chippewa,15404,1518,245.34995190000,60.75370170000,75.58256866000,25.66624544000
166,5,Chippewa,15866,13483,245.34995190000,60.75370170000,75.58256866000,25.66624544000
167,5,Chippewa,22174,22176,245.34995190000,60.75370170000,75.58256866000,25.66624544000
168,5,Chippewa,14917,14919,245.34995190000,60.75370170000,75.58256866000,25.66624544000
169,5,Chippewa,28033,21876,245.34995190000,60.75370170000,75.58256866000,25.66624544000
170,5,Chippewa,17354,876,245.34995190000,60.75370170000,75.58256866000,25.66624544000
228,5,Chippewa,34612,237,245.34995190000,60.75370170000,75.58256866000,25.66624544000
229,5,Chippewa,26865,26866,245.34995190000,60.75370170000,75.58256866000,25.66624544000
230,5,Chippewa,17174,9013,245.34995190000,60.75370170000,75.58256866000,25.66624544000
231,5,Chippewa,40793,15051,245.34995190000,60.75370170000,75.58256866000,25.66624544000
236,5,Chippewa,16411,793,245.34995190000,60.75370170000,75.58256866000,25.66624544000
237,5,Chippewa,18283,18286,245.34995190000,60.75370170000,75.58256866000,25.66624544000
238,5,Chippewa,16031,14539,245.34995190000,60.75370170000,75.58256866000,25.66624544000
239,5,Chippewa,32663,32672,245.34995190000,60.75370170000,75.58256866000,25.66624544000
240,5,Chippewa,23901,6034,245.34995190000,60.75370170000,75.58256866000,25.66624544000
241,5,Chippewa,25165,25096,245.34995190000,60.75370170000,75.58256866000,25.66624544000
242,5,Chippewa,19401,12121,245.34995190000,60.75370170000,75.58256866000,25.66624544000
243,5,Chippewa,11037,11040,245.34995190000,60.75370170000,75.58256866000,25.66624544000
244,5,Chippewa,12968,12973,245.34995190000,60.75370170000,75.58256866000,25.66624544000
73,8,Douglas,38329,15712,253.15591490000,68.34691791000,83.41991768000,33.36805272000
74,8,Douglas,12830,2874,253.15591490000,68.34691791000,83.41991768000,33.36805272000
77,8,Douglas,27158,22,253.15591490000,68.34691791000,83.41991768000,33.36805272000
191,8,Douglas,32347,13653,253.15591490000,68.34691791000,83.41991768000,33.36805272000
192,8,Douglas,13895,12248,253.15591490000,68.34691791000,83.41991768000,33.36805272000
193,8,Douglas,22968,22972,253.15591490000,68.34691791000,83.41991768000,33.36805272000
194,8,Douglas,26666,26672,253.15591490000,68.34691791000,83.41991768000,33.36805272000
195,8,Douglas,23242,13816,253.15591490000,68.34691791000,83.41991768000,33.36805272000
196,8,Douglas,38186,37685,253.15591490000,68.34691791000,83.41991768000,33.36805272000
197,8,Douglas,38460,19501,253.15591490000,68.34691791000,83.41991768000,33.36805272000
198,8,Douglas,14318,11357,253.15591490000,68.34691791000,83.41991768000,33.36805272000
199,8,Douglas,9098,860,253.15591490000,68.34691791000,83.41991768000,33.36805272000
201,8,Douglas,39513,12460,253.15591490000,68.34691791000,83.41991768000,33.36805272000
202,8,Douglas,13903,6713,253.15591490000,68.34691791000,83.41991768000,33.36805272000
214,8,Douglas,30752,7096,253.15591490000,68.34691791000,83.41991768000,33.36805272000
72,11,Grant,18465,4947,236.82627880000,52.14586221000,67.11797534000,17.22250390000
73,11,Grant,38329,1171,236.82627880000,52.14586221000,67.11797534000,17.22250390000
74,11,Grant,12830,9933,236.82627880000,52.14586221000,67.11797534000,17.22250390000
76,11,Grant,17799,5177,236.82627880000,52.14586221000,67.11797534000,17.22250390000
77,11,Grant,27158,27147,236.82627880000,52.14586221000,67.11797534000,17.22250390000
78,11,Grant,32800,32814,236.82627880000,52.14586221000,67.11797534000,17.22250390000
79,11,Grant,35666,21246,236.82627880000,52.14586221000,67.11797534000,17.22250390000
195,11,Grant,23242,9433,236.82627880000,52.14586221000,67.11797534000,17.22250390000
196,11,Grant,38186,509,236.82627880000,52.14586221000,67.11797534000,17.22250390000
197,11,Grant,38460,14371,236.82627880000,52.14586221000,67.11797534000,17.22250390000
156,14,Kandiyohi,21375,21371,230.16995800000,45.42902496000,60.46463069000,10.45861018000
157,14,Kandiyohi,27520,27518,230.16995800000,45.42902496000,60.46463069000,10.45861018000
158,14,Kandiyohi,17526,17523,230.16995800000,45.42902496000,60.46463069000,10.45861018000
159,14,Kandiyohi,23635,14933,230.16995800000,45.42902496000,60.46463069000,10.45861018000
160,14,Kandiyohi,35017,15413,230.16995800000,45.42902496000,60.46463069000,10.45861018000
161,14,Kandiyohi,23686,23683,230.16995800000,45.42902496000,60.46463069000,10.45861018000
162,14,Kandiyohi,20226,20223,230.16995800000,45.42902496000,60.46463069000,10.45861018000
163,14,Kandiyohi,32106,20198,230.16995800000,45.42902496000,60.46463069000,10.45861018000
165,14,Kandiyohi,15404,82,230.16995800000,45.42902496000,60.46463069000,10.45861018000
166,14,Kandiyohi,15866,2383,230.16995800000,45.42902496000,60.46463069000,10.45861018000
178,14,Kandiyohi,26981,1305,230.16995800000,45.42902496000,60.46463069000,10.45861018000
208,14,Kandiyohi,32023,383,230.16995800000,45.42902496000,60.46463069000,10.45861018000
209,14,Kandiyohi,26679,19223,230.16995800000,45.42902496000,60.46463069000,10.45861018000
210,14,Kandiyohi,24106,320,230.16995800000,45.42902496000,60.46463069000,10.45861018000
211,14,Kandiyohi,37899,4664,230.16995800000,45.42902496000,60.46463069000,10.45861018000
226,14,Kandiyohi,30433,29629,230.16995800000,45.42902496000,60.46463069000,10.45861018000
227,14,Kandiyohi,15065,15062,230.16995800000,45.42902496000,60.46463069000,10.45861018000
228,14,Kandiyohi,34612,27936,230.16995800000,45.42902496000,60.46463069000,10.45861018000
40,15,Lac qui Parle,15743,60,215.75047430000,31.10794552000,46.10084389000,-3.95004151800
51,15,Lac qui Parle,26605,4955,215.75047430000,31.10794552000,46.10084389000,-3.95004151800
55,15,Lac qui Parle,14911,3936,215.75047430000,31.10794552000,46.10084389000,-3.95004151800
56,15,Lac qui Parle,31420,1774,215.75047430000,31.10794552000,46.10084389000,-3.95004151800
57,15,Lac qui Parle,11014,451,215.75047430000,31.10794552000,46.10084389000,-3.95004151800
58,15,Lac qui Parle,21022,19299,215.75047430000,31.10794552000,46.10084389000,-3.95004151800
59,15,Lac qui Parle,13343,13354,215.75047430000,31.10794552000,46.10084389000,-3.95004151800
60,15,Lac qui Parle,9253,7950,215.75047430000,31.10794552000,46.10084389000,-3.95004151800
61,15,Lac qui Parle,27449,14726,215.75047430000,31.10794552000,46.10084389000,-3.95004151800
62,15,Lac qui Parle,31307,31331,215.75047430000,31.10794552000,46.10084389000,-3.95004151800
65,15,Lac qui Parle,39166,14207,215.75047430000,31.10794552000,46.10084389000,-3.95004151800
66,15,Lac qui Parle,23281,23296,215.75047430000,31.10794552000,46.10084389000,-3.95004151800
68,15,Lac qui Parle,39847,10186,215.75047430000,31.10794552000,46.10084389000,-3.95004151800
102,15,Lac qui Parle,13965,1829,215.75047430000,31.10794552000,46.10084389000,-3.95004151800
103,15,Lac qui Parle,16276,7210,215.75047430000,31.10794552000,46.10084389000,-3.95004151800
104,15,Lac qui Parle,11317,537,215.75047430000,31.10794552000,46.10084389000,-3.95004151800
105,15,Lac qui Parle,25658,326,215.75047430000,31.10794552000,46.10084389000,-3.95004151800
106,15,Lac qui Parle,27097,6060,215.75047430000,31.10794552000,46.10084389000,-3.95004151800
107,15,Lac qui Parle,22301,3690,215.75047430000,31.10794552000,46.10084389000,-3.95004151800
108,15,Lac qui Parle,24948,8341,215.75047430000,31.10794552000,46.10084389000,-3.95004151800
109,15,Lac qui Parle,12889,10873,215.75047430000,31.10794552000,46.10084389000,-3.95004151800
110,15,Lac qui Parle,16503,11615,215.75047430000,31.10794552000,46.10084389000,-3.95004151800
113,15,Lac qui Parle,17719,15488,215.75047430000,31.10794552000,46.10084389000,-3.95004151800
114,15,Lac qui Parle,38820,18875,215.75047430000,31.10794552000,46.10084389000,-3.95004151800
115,15,Lac qui Parle,27637,27659,215.75047430000,31.10794552000,46.10084389000,-3.95004151800
116,15,Lac qui Parle,31884,31910,215.75047430000,31.10794552000,46.10084389000,-3.95004151800
117,15,Lac qui Parle,10514,10521,215.75047430000,31.10794552000,46.10084389000,-3.95004151800
118,15,Lac qui Parle,35381,15281,215.75047430000,31.10794552000,46.10084389000,-3.95004151800
119,15,Lac qui Parle,15561,15570,215.75047430000,31.10794552000,46.10084389000,-3.95004151800
120,15,Lac qui Parle,26810,26824,215.75047430000,31.10794552000,46.10084389000,-3.95004151800
121,15,Lac qui Parle,20478,20494,215.75047430000,31.10794552000,46.10084389000,-3.95004151800
122,15,Lac qui Parle,25143,24846,215.75047430000,31.10794552000,46.10084389000,-3.95004151800
123,15,Lac qui Parle,10917,10924,215.75047430000,31.10794552000,46.10084389000,-3.95004151800
124,15,Lac qui Parle,34491,34515,215.75047430000,31.10794552000,46.10084389000,-3.95004151800
125,15,Lac qui Parle,25130,25140,215.75047430000,31.10794552000,46.10084389000,-3.95004151800
128,15,Lac qui Parle,14596,10249,215.75047430000,31.10794552000,46.10084389000,-3.95004151800
129,15,Lac qui Parle,26154,11942,215.75047430000,31.10794552000,46.10084389000,-3.95004151800
130,15,Lac qui Parle,34657,5269,215.75047430000,31.10794552000,46.10084389000,-3.95004151800
131,15,Lac qui Parle,26883,818,215.75047430000,31.10794552000,46.10084389000,-3.95004151800
465,20,McLeod,20403,3950,246.46542810000,61.74713187000,76.74532655000,26.83755684000
480,20,McLeod,38835,2217,246.46542810000,61.74713187000,76.74532655000,26.83755684000
481,20,McLeod,11032,1654,246.46542810000,61.74713187000,76.74532655000,26.83755684000
482,20,McLeod,20859,20495,246.46542810000,61.74713187000,76.74532655000,26.83755684000
483,20,McLeod,13664,10942,246.46542810000,61.74713187000,76.74532655000,26.83755684000
484,20,McLeod,8290,860,246.46542810000,61.74713187000,76.74532655000,26.83755684000
489,20,McLeod,28458,26,246.46542810000,61.74713187000,76.74532655000,26.83755684000
490,20,McLeod,12391,49,246.46542810000,61.74713187000,76.74532655000,26.83755684000
69,23,Otter Tail,36698,36711,255.00106180000,70.18700388000,85.26984466000,35.23543561000
70,23,Otter Tail,16354,16361,255.00106180000,70.18700388000,85.26984466000,35.23543561000
71,23,Otter Tail,13939,13946,255.00106180000,70.18700388000,85.26984466000,35.23543561000
72,23,Otter Tail,18465,13527,255.00106180000,70.18700388000,85.26984466000,35.23543561000
73,23,Otter Tail,38329,21455,255.00106180000,70.18700388000,85.26984466000,35.23543561000
74,23,Otter Tail,12830,28,255.00106180000,70.18700388000,85.26984466000,35.23543561000
75,23,Otter Tail,15955,15960,255.00106180000,70.18700388000,85.26984466000,35.23543561000
76,23,Otter Tail,17799,12628,255.00106180000,70.18700388000,85.26984466000,35.23543561000
191,23,Otter Tail,32347,18699,255.00106180000,70.18700388000,85.26984466000,35.23543561000
192,23,Otter Tail,13895,1650,255.00106180000,70.18700388000,85.26984466000,35.23543561000
197,25,Pope,38460,1415,243.81392250000,59.11259891000,74.07683194000,24.06796447000
198,25,Pope,14318,2846,243.81392250000,59.11259891000,74.07683194000,24.06796447000
199,25,Pope,9098,8060,243.81392250000,59.11259891000,74.07683194000,24.06796447000
200,25,Pope,40026,23847,243.81392250000,59.11259891000,74.07683194000,24.06796447000
201,25,Pope,39513,27058,243.81392250000,59.11259891000,74.07683194000,24.06796447000
202,25,Pope,13903,7193,243.81392250000,59.11259891000,74.07683194000,24.06796447000
203,25,Pope,10430,10432,243.81392250000,59.11259891000,74.07683194000,24.06796447000
204,25,Pope,29604,29608,243.81392250000,59.11259891000,74.07683194000,24.06796447000
205,25,Pope,26399,26402,243.81392250000,59.11259891000,74.07683194000,24.06796447000
206,25,Pope,24731,24735,243.81392250000,59.11259891000,74.07683194000,24.06796447000
207,25,Pope,14468,14471,243.81392250000,59.11259891000,74.07683194000,24.06796447000
208,25,Pope,32023,30792,243.81392250000,59.11259891000,74.07683194000,24.06796447000
209,25,Pope,26679,1297,243.81392250000,59.11259891000,74.07683194000,24.06796447000
210,25,Pope,24106,1390,243.81392250000,59.11259891000,74.07683194000,24.06796447000
214,25,Pope,30752,23656,243.81392250000,59.11259891000,74.07683194000,24.06796447000
215,25,Pope,23784,23784,243.81392250000,59.11259891000,74.07683194000,24.06796447000
216,25,Pope,26338,26338,243.81392250000,59.11259891000,74.07683194000,24.06796447000
217,25,Pope,43160,43164,243.81392250000,59.11259891000,74.07683194000,24.06796447000
218,25,Pope,37743,5797,243.81392250000,59.11259891000,74.07683194000,24.06796447000
219,25,Pope,28867,17571,243.81392250000,59.11259891000,74.07683194000,24.06796447000
220,25,Pope,16781,6923,243.81392250000,59.11259891000,74.07683194000,24.06796447000
221,25,Pope,12512,12515,243.81392250000,59.11259891000,74.07683194000,24.06796447000
222,25,Pope,34113,22624,243.81392250000,59.11259891000,74.07683194000,24.06796447000
223,25,Pope,35284,2939,243.81392250000,59.11259891000,74.07683194000,24.06796447000
224,25,Pope,24234,190,243.81392250000,59.11259891000,74.07683194000,24.06796447000
134,27,Renville,20932,3955,267.10642370000,82.60749044000,97.36010955000,47.49372663000
155,27,Renville,20508,1,267.10642370000,82.60749044000,97.36010955000,47.49372663000
163,27,Renville,32106,11692,267.10642370000,82.60749044000,97.36010955000,47.49372663000
164,27,Renville,10265,3719,267.10642370000,82.60749044000,97.36010955000,47.49372663000
165,27,Renville,15404,13805,267.10642370000,82.60749044000,97.36010955000,47.49372663000
169,27,Renville,28033,6160,267.10642370000,82.60749044000,97.36010955000,47.49372663000
170,27,Renville,17354,16479,267.10642370000,82.60749044000,97.36010955000,47.49372663000
174,27,Renville,27195,18908,267.10642370000,82.60749044000,97.36010955000,47.49372663000
175,27,Renville,10716,10716,267.10642370000,82.60749044000,97.36010955000,47.49372663000
177,27,Renville,15205,6867,267.10642370000,82.60749044000,97.36010955000,47.49372663000
178,27,Renville,26981,25673,267.10642370000,82.60749044000,97.36010955000,47.49372663000
179,27,Renville,10166,10164,267.10642370000,82.60749044000,97.36010955000,47.49372663000
180,27,Renville,26409,26406,267.10642370000,82.60749044000,97.36010955000,47.49372663000
181,27,Renville,14763,14760,267.10642370000,82.60749044000,97.36010955000,47.49372663000
182,27,Renville,32657,32650,267.10642370000,82.60749044000,97.36010955000,47.49372663000
183,27,Renville,15846,15840,267.10642370000,82.60749044000,97.36010955000,47.49372663000
184,27,Renville,14023,14022,267.10642370000,82.60749044000,97.36010955000,47.49372663000
185,27,Renville,15026,15026,267.10642370000,82.60749044000,97.36010955000,47.49372663000
186,27,Renville,15278,15277,267.10642370000,82.60749044000,97.36010955000,47.49372663000
187,27,Renville,18407,5485,267.10642370000,82.60749044000,97.36010955000,47.49372663000
189,27,Renville,15818,11967,267.10642370000,82.60749044000,97.36010955000,47.49372663000
190,27,Renville,16878,11309,267.10642370000,82.60749044000,97.36010955000,47.49372663000
269,27,Renville,18969,18965,267.10642370000,82.60749044000,97.36010955000,47.49372663000
270,27,Renville,16824,16819,267.10642370000,82.60749044000,97.36010955000,47.49372663000
271,27,Renville,7935,7881,267.10642370000,82.60749044000,97.36010955000,47.49372663000
275,27,Renville,17229,17224,267.10642370000,82.60749044000,97.36010955000,47.49372663000
276,27,Renville,13046,13042,267.10642370000,82.60749044000,97.36010955000,47.49372663000
277,27,Renville,14300,13966,267.10642370000,82.60749044000,97.36010955000,47.49372663000
279,27,Renville,12927,12843,267.10642370000,82.60749044000,97.36010955000,47.49372663000
280,27,Renville,14883,7382,267.10642370000,82.60749044000,97.36010955000,47.49372663000
281,27,Renville,12726,8,267.10642370000,82.60749044000,97.36010955000,47.49372663000
282,27,Renville,21303,12094,267.10642370000,82.60749044000,97.36010955000,47.49372663000
284,27,Renville,26963,137,267.10642370000,82.60749044000,97.36010955000,47.49372663000
285,27,Renville,14510,14505,267.10642370000,82.60749044000,97.36010955000,47.49372663000
286,27,Renville,14758,10255,267.10642370000,82.60749044000,97.36010955000,47.49372663000
287,27,Renville,10727,1945,267.10642370000,82.60749044000,97.36010955000,47.49372663000
288,27,Renville,14152,9211,267.10642370000,82.60749044000,97.36010955000,47.49372663000
289,27,Renville,23631,386,267.10642370000,82.60749044000,97.36010955000,47.49372663000
480,27,Renville,38835,16069,267.10642370000,82.60749044000,97.36010955000,47.49372663000
208,31,Stearns,32023,189,247.66327060000,62.95575483000,77.93697148000,27.92082094000
41,33,Stevens,30274,2799,222.40951290000,37.91125157000,52.66306618000,2.74669818700
79,33,Stevens,35666,14435,222.40951290000,37.91125157000,52.66306618000,2.74669818700
80,33,Stevens,42154,42173,222.40951290000,37.91125157000,52.66306618000,2.74669818700
81,33,Stevens,29818,29124,222.40951290000,37.91125157000,52.66306618000,2.74669818700
82,33,Stevens,14025,14034,222.40951290000,37.91125157000,52.66306618000,2.74669818700
83,33,Stevens,22590,22602,222.40951290000,37.91125157000,52.66306618000,2.74669818700
84,33,Stevens,25864,25878,222.40951290000,37.91125157000,52.66306618000,2.74669818700
85,33,Stevens,13467,13018,222.40951290000,37.91125157000,52.66306618000,2.74669818700
86,33,Stevens,24867,5572,222.40951290000,37.91125157000,52.66306618000,2.74669818700
87,33,Stevens,15194,12284,222.40951290000,37.91125157000,52.66306618000,2.74669818700
88,33,Stevens,8210,3805,222.40951290000,37.91125157000,52.66306618000,2.74669818700
89,33,Stevens,28982,28997,222.40951290000,37.91125157000,52.66306618000,2.74669818700
90,33,Stevens,32022,10310,222.40951290000,37.91125157000,52.66306618000,2.74669818700
197,33,Stevens,38460,3185,222.40951290000,37.91125157000,52.66306618000,2.74669818700
198,33,Stevens,14318,117,222.40951290000,37.91125157000,52.66306618000,2.74669818700
199,33,Stevens,9098,180,222.40951290000,37.91125157000,52.66306618000,2.74669818700
200,33,Stevens,40026,16192,222.40951290000,37.91125157000,52.66306618000,2.74669818700
220,33,Stevens,16781,9863,222.40951290000,37.91125157000,52.66306618000,2.74669818700
222,33,Stevens,34113,1961,222.40951290000,37.91125157000,52.66306618000,2.74669818700
223,33,Stevens,35284,24435,222.40951290000,37.91125157000,52.66306618000,2.74669818700
63,34,Swift,32282,598,233.77134030000,49.17832665000,64.02132331000,14.08271563000
64,34,Swift,24851,21808,233.77134030000,49.17832665000,64.02132331000,14.08271563000
65,34,Swift,39166,1951,233.77134030000,49.17832665000,64.02132331000,14.08271563000
67,34,Swift,12455,5378,233.77134030000,49.17832665000,64.02132331000,14.08271563000
68,34,Swift,39847,6875,233.77134030000,49.17832665000,64.02132331000,14.08271563000
85,34,Swift,13467,377,233.77134030000,49.17832665000,64.02132331000,14.08271563000
86,34,Swift,24867,4701,233.77134030000,49.17832665000,64.02132331000,14.08271563000
87,34,Swift,15194,2919,233.77134030000,49.17832665000,64.02132331000,14.08271563000
88,34,Swift,8210,4409,233.77134030000,49.17832665000,64.02132331000,14.08271563000
90,34,Swift,32022,21727,233.77134030000,49.17832665000,64.02132331000,14.08271563000
91,34,Swift,12847,12855,233.77134030000,49.17832665000,64.02132331000,14.08271563000
92,34,Swift,23931,23944,233.77134030000,49.17832665000,64.02132331000,14.08271563000
208,34,Swift,32023,657,233.77134030000,49.17832665000,64.02132331000,14.08271563000
209,34,Swift,26679,6157,233.77134030000,49.17832665000,64.02132331000,14.08271563000
210,34,Swift,24106,22397,233.77134030000,49.17832665000,64.02132331000,14.08271563000
211,34,Swift,37899,33237,233.77134030000,49.17832665000,64.02132331000,14.08271563000
212,34,Swift,11719,11720,233.77134030000,49.17832665000,64.02132331000,14.08271563000
213,34,Swift,7094,7095,233.77134030000,49.17832665000,64.02132331000,14.08271563000
218,34,Swift,37743,31951,233.77134030000,49.17832665000,64.02132331000,14.08271563000
219,34,Swift,28867,11302,233.77134030000,49.17832665000,64.02132331000,14.08271563000
222,34,Swift,34113,9538,233.77134030000,49.17832665000,64.02132331000,14.08271563000
223,34,Swift,35284,7923,233.77134030000,49.17832665000,64.02132331000,14.08271563000
224,34,Swift,24234,24051,233.77134030000,49.17832665000,64.02132331000,14.08271563000
225,34,Swift,15897,15901,233.77134030000,49.17832665000,64.02132331000,14.08271563000
226,34,Swift,30433,800,233.77134030000,49.17832665000,64.02132331000,14.08271563000
228,34,Swift,34612,6436,233.77134030000,49.17832665000,64.02132331000,14.08271563000
230,34,Swift,17174,8162,233.77134030000,49.17832665000,64.02132331000,14.08271563000
231,34,Swift,40793,25748,233.77134030000,49.17832665000,64.02132331000,14.08271563000
232,34,Swift,38965,38973,233.77134030000,49.17832665000,64.02132331000,14.08271563000
233,34,Swift,29691,29702,233.77134030000,49.17832665000,64.02132331000,14.08271563000
234,34,Swift,11404,11408,233.77134030000,49.17832665000,64.02132331000,14.08271563000
235,34,Swift,21817,21827,233.77134030000,49.17832665000,64.02132331000,14.08271563000
236,34,Swift,16411,15626,233.77134030000,49.17832665000,64.02132331000,14.08271563000
238,34,Swift,16031,1495,233.77134030000,49.17832665000,64.02132331000,14.08271563000
240,34,Swift,23901,17875,233.77134030000,49.17832665000,64.02132331000,14.08271563000
241,34,Swift,25165,78,233.77134030000,49.17832665000,64.02132331000,14.08271563000
242,34,Swift,19401,7289,233.77134030000,49.17832665000,64.02132331000,14.08271563000
18,35,Traverse,14153,1126,234.69226370000,50.23306250000,64.98666567000,15.08944262000
19,35,Traverse,21201,10163,234.69226370000,50.23306250000,64.98666567000,15.08944262000
20,35,Traverse,33136,11466,234.69226370000,50.23306250000,64.98666567000,15.08944262000
26,35,Traverse,72498,2842,234.69226370000,50.23306250000,64.98666567000,15.08944262000
94,38,Yellow Medicine,24828,423,249.30576140000,64.54149024000,79.63110527000,29.54370587000
97,38,Yellow Medicine,17373,3185,249.30576140000,64.54149024000,79.63110527000,29.54370587000
98,38,Yellow Medicine,17223,17237,249.30576140000,64.54149024000,79.63110527000,29.54370587000
99,38,Yellow Medicine,11505,2791,249.30576140000,64.54149024000,79.63110527000,29.54370587000
100,38,Yellow Medicine,20640,18159,249.30576140000,64.54149024000,79.63110527000,29.54370587000
101,38,Yellow Medicine,23186,21727,249.30576140000,64.54149024000,79.63110527000,29.54370587000
102,38,Yellow Medicine,13965,12148,249.30576140000,64.54149024000,79.63110527000,29.54370587000
103,38,Yellow Medicine,16276,9079,249.30576140000,64.54149024000,79.63110527000,29.54370587000
104,38,Yellow Medicine,11317,142,249.30576140000,64.54149024000,79.63110527000,29.54370587000
113,38,Yellow Medicine,17719,1825,249.30576140000,64.54149024000,79.63110527000,29.54370587000
114,38,Yellow Medicine,38820,12899,249.30576140000,64.54149024000,79.63110527000,29.54370587000
118,38,Yellow Medicine,35381,20121,249.30576140000,64.54149024000,79.63110527000,29.54370587000
122,38,Yellow Medicine,25143,314,249.30576140000,64.54149024000,79.63110527000,29.54370587000
126,38,Yellow Medicine,27869,27881,249.30576140000,64.54149024000,79.63110527000,29.54370587000
127,38,Yellow Medicine,22106,22112,249.30576140000,64.54149024000,79.63110527000,29.54370587000
128,38,Yellow Medicine,14596,4353,249.30576140000,64.54149024000,79.63110527000,29.54370587000
129,38,Yellow Medicine,26154,4772,249.30576140000,64.54149024000,79.63110527000,29.54370587000
130,38,Yellow Medicine,34657,29378,249.30576140000,64.54149024000,79.63110527000,29.54370587000
131,38,Yellow Medicine,26883,6412,249.30576140000,64.54149024000,79.63110527000,29.54370587000
133,38,Yellow Medicine,14751,14755,249.30576140000,64.54149024000,79.63110527000,29.54370587000
134,38,Yellow Medicine,20932,8786,249.30576140000,64.54149024000,79.63110527000,29.54370587000
138,38,Yellow Medicine,16687,1137,249.30576140000,64.54149024000,79.63110527000,29.54370587000
140,38,Yellow Medicine,37434,30256,249.30576140000,64.54149024000,79.63110527000,29.54370587000
141,38,Yellow Medicine,13906,2025,249.30576140000,64.54149024000,79.63110527000,29.54370587000
146,38,Yellow Medicine,11273,11281,249.30576140000,64.54149024000,79.63110527000,29.54370587000
147,38,Yellow Medicine,10144,9778,249.30576140000,64.54149024000,79.63110527000,29.54370587000
148,38,Yellow Medicine,26514,26530,249.30576140000,64.54149024000,79.63110527000,29.54370587000
149,38,Yellow Medicine,16496,15554,249.30576140000,64.54149024000,79.63110527000,29.54370587000
150,38,Yellow Medicine,18298,18305,249.30576140000,64.54149024000,79.63110527000,29.54370587000
152,38,Yellow Medicine,29484,16661,249.30576140000,64.54149024000,79.63110527000,29.54370587000
153,38,Yellow Medicine,25747,1656,249.30576140000,64.54149024000,79.63110527000,29.54370587000
154,38,Yellow Medicine,14021,12898,249.30576140000,64.54149024000,79.63110527000,29.54370587000
155,38,Yellow Medicine,20508,20511,249.30576140000,64.54149024000,79.63110527000,29.54370587000
170,38,Yellow Medicine,17354,0,249.30576140000,64.54149024000,79.63110527000,29.54370587000
171,38,Yellow Medicine,12417,10591,249.30576140000,64.54149024000,79.63110527000,29.54370587000
172,38,Yellow Medicine,22009,15318,249.30576140000,64.54149024000,79.63110527000,29.54370587000
173,38,Yellow Medicine,11535,11530,249.30576140000,64.54149024000,79.63110527000,29.54370587000
174,38,Yellow Medicine,27195,8289,249.30576140000,64.54149024000,79.63110527000,29.54370587000
175,38,Yellow Medicine,10716,0,249.30576140000,64.54149024000,79.63110527000,29.54370587000
176,38,Yellow Medicine,23327,18237,249.30576140000,64.54149024000,79.63110527000,29.54370587000
177,38,Yellow Medicine,15205,5402,249.30576140000,64.54149024000,79.63110527000,29.54370587000
187,38,Yellow Medicine,18407,1933,249.30576140000,64.54149024000,79.63110527000,29.54370587000
188,38,Yellow Medicine,19663,60,249.30576140000,64.54149024000,79.63110527000,29.54370587000
262,38,Yellow Medicine,14636,8513,249.30576140000,64.54149024000,79.63110527000,29.54370587000
263,38,Yellow Medicine,13943,3679,249.30576140000,64.54149024000,79.63110527000,29.54370587000
265,38,Yellow Medicine,23193,875,249.30576140000,64.54149024000,79.63110527000,29.54370587000
266,38,Yellow Medicine,18405,221,249.30576140000,64.54149024000,79.63110527000,29.54370587000
363,10,Freeborn,10880,2527,228.55303170000,43.90104446000,58.79821579000,8.85898100600
364,10,Freeborn,33475,20210,228.55303170000,43.90104446000,58.79821579000,8.85898100600
365,10,Freeborn,39022,10858,228.55303170000,43.90104446000,58.79821579000,8.85898100600
366,10,Freeborn,30399,534,228.55303170000,43.90104446000,58.79821579000,8.85898100600
426,10,Freeborn,33156,16401,228.55303170000,43.90104446000,58.79821579000,8.85898100600
427,10,Freeborn,32027,15490,228.55303170000,43.90104446000,58.79821579000,8.85898100600
433,10,Freeborn,30427,707,228.55303170000,43.90104446000,58.79821579000,8.85898100600
436,10,Freeborn,20011,19036,228.55303170000,43.90104446000,58.79821579000,8.85898100600
437,10,Freeborn,25186,16312,228.55303170000,43.90104446000,58.79821579000,8.85898100600
444,10,Freeborn,14581,1159,228.55303170000,43.90104446000,58.79821579000,8.85898100600
445,10,Freeborn,11587,172,228.55303170000,43.90104446000,58.79821579000,8.85898100600
493,28,Rice,22643,17869,279.37397980000,94.64681523000,109.68819030000,59.76007894000
494,28,Rice,37489,8019,279.37397980000,94.64681523000,109.68819030000,59.76007894000
498,28,Rice,27901,8047,279.37397980000,94.64681523000,109.68819030000,59.76007894000
426,32,Steele,33156,8417,241.96932500000,57.30831039000,72.25652334000,22.32610421000
428,32,Steele,33261,12380,241.96932500000,57.30831039000,72.25652334000,22.32610421000
429,32,Steele,15509,4150,241.96932500000,57.30831039000,72.25652334000,22.32610421000
426,36,Waseca,33156,8313,250.55257460000,65.88204253000,80.85381573000,30.87873544000
427,36,Waseca,32027,16513,250.55257460000,65.88204253000,80.85381573000,30.87873544000
428,36,Waseca,33261,20855,250.55257460000,65.88204253000,80.85381573000,30.87873544000
429,36,Waseca,15509,11346,250.55257460000,65.88204253000,80.85381573000,30.87873544000
430,36,Waseca,14073,14063,250.55257460000,65.88204253000,80.85381573000,30.87873544000
431,36,Waseca,34783,32432,250.55257460000,65.88204253000,80.85381573000,30.87873544000
432,36,Waseca,10435,509,250.55257460000,65.88204253000,80.85381573000,30.87873544000
433,36,Waseca,30427,26907,250.55257460000,65.88204253000,80.85381573000,30.87873544000
434,36,Waseca,27092,26352,250.55257460000,65.88204253000,80.85381573000,30.87873544000
435,36,Waseca,15666,950,250.55257460000,65.88204253000,80.85381573000,30.87873544000
437,36,Waseca,25186,4182,250.55257460000,65.88204253000,80.85381573000,30.87873544000
438,36,Waseca,26673,12643,250.55257460000,65.88204253000,80.85381573000,30.87873544000
453,36,Waseca,13624,13614,250.55257460000,65.88204253000,80.85381573000,30.87873544000
454,36,Waseca,15495,15061,250.55257460000,65.88204253000,80.85381573000,30.87873544000
455,36,Waseca,25423,24011,250.55257460000,65.88204253000,80.85381573000,30.87873544000
456,36,Waseca,22373,302,250.55257460000,65.88204253000,80.85381573000,30.87873544000
457,36,Waseca,12530,1797,250.55257460000,65.88204253000,80.85381573000,30.87873544000
512,7,Dakota,30259,4111,329.30017360000,144.53139550000,159.63146040000,109.82815290000
513,7,Dakota,31580,34,329.30017360000,144.53139550000,159.63146040000,109.82815290000
514,7,Dakota,19746,17782,329.30017360000,144.53139550000,159.63146040000,109.82815290000
515,7,Dakota,40812,28497,329.30017360000,144.53139550000,159.63146040000,109.82815290000
503,12,Hennepin,10763,121,316.06086390000,130.91464650000,146.42983780000,96.40464690000
507,12,Hennepin,32966,1250,316.06086390000,130.91464650000,146.42983780000,96.40464690000
508,12,Hennepin,8393,4252,316.06086390000,130.91464650000,146.42983780000,96.40464690000
509,12,Hennepin,20607,19131,316.06086390000,130.91464650000,146.42983780000,96.40464690000
511,12,Hennepin,10775,1652,316.06086390000,130.91464650000,146.42983780000,96.40464690000
513,12,Hennepin,31580,31499,316.06086390000,130.91464650000,146.42983780000,96.40464690000
514,12,Hennepin,19746,1043,316.06086390000,130.91464650000,146.42983780000,96.40464690000
515,12,Hennepin,40812,12282,316.06086390000,130.91464650000,146.42983780000,96.40464690000
462,29,Scott,34815,284,284.72616990000,99.79503782000,115.01808090000,65.11961047000
479,29,Scott,19402,9500,284.72616990000,99.79503782000,115.01808090000,65.11961047000
488,29,Scott,19545,1,284.72616990000,99.79503782000,115.01808090000,65.11961047000
492,29,Scott,19209,116,284.72616990000,99.79503782000,115.01808090000,65.11961047000
494,29,Scott,37489,14730,284.72616990000,99.79503782000,115.01808090000,65.11961047000
495,29,Scott,14735,3738,284.72616990000,99.79503782000,115.01808090000,65.11961047000
496,29,Scott,28079,20606,284.72616990000,99.79503782000,115.01808090000,65.11961047000
497,29,Scott,13439,13429,284.72616990000,99.79503782000,115.01808090000,65.11961047000
498,29,Scott,27901,19833,284.72616990000,99.79503782000,115.01808090000,65.11961047000
499,29,Scott,31094,31070,284.72616990000,99.79503782000,115.01808090000,65.11961047000
500,29,Scott,29418,14067,284.72616990000,99.79503782000,115.01808090000,65.11961047000
501,29,Scott,26655,20053,284.72616990000,99.79503782000,115.01808090000,65.11961047000
506,29,Scott,10276,82,284.72616990000,99.79503782000,115.01808090000,65.11961047000
507,29,Scott,32966,16439,284.72616990000,99.79503782000,115.01808090000,65.11961047000
508,29,Scott,8393,254,284.72616990000,99.79503782000,115.01808090000,65.11961047000
509,29,Scott,20607,173,284.72616990000,99.79503782000,115.01808090000,65.11961047000
510,29,Scott,29867,29844,284.72616990000,99.79503782000,115.01808090000,65.11961047000
511,29,Scott,10775,9115,284.72616990000,99.79503782000,115.01808090000,65.11961047000
512,29,Scott,30259,26125,284.72616990000,99.79503782000,115.01808090000,65.11961047000
513,29,Scott,31580,23,284.72616990000,99.79503782000,115.01808090000,65.11961047000
514,29,Scott,19746,905,284.72616990000,99.79503782000,115.01808090000,65.11961047000
